t,score
0,7091.6
1,7091.6
2,7091.6
3,7091.6
4,7091.6
5,7091.6
6,7091.6
7,7091.6
8,7091.6
9,7091.6
10,7091.6
11,7091.6
12,7091.6
13,7091.6
14,7091.6
15,7091.6
16,7091.6
17,7091.6
18,7091.6
19,7091.6
20,7091.6
21,7091.6
22,7091.6
23,7091.6
24,7091.6
25,7091.6
26,7091.6
27,7091.6
28,7091.6
29,7091.6
30,6769.400000000001
31,7009.0
32,6476.6
33,6212.8
34,5903.6
35,5708.6
36,5536.0
37,5467.0
38,5329.400000000001
39,5150.0
40,4851.0
41,4642.200000000001
42,5004.400000000001
43,4860.4
44,4992.200000000001
45,4885.400000000001
46,4548.2
47,4854.0
48,5055.8
49,5462.200000000001
50,5675.0
51,5677.200000000001
52,5684.200000000001
53,5956.6
54,6028.8
55,6413.400000000001
56,8271.2
57,8128.2
58,7522.0
59,8511.4
60,8677.0
61,8210.2
62,8050.400000000001
63,9552.4
64,10060.800000000001
65,9846.8
66,9884.8
67,9741.6
68,8525.800000000001
69,7424.200000000001
70,7610.8
71,7778.0
72,8135.0
73,7732.6
74,8202.0
75,7266.000000000001
76,7955.8
77,8244.0
78,8072.8
79,7806.8
80,7092.8
81,6513.400000000001
82,6100.400000000001
83,6394.6
84,7940.200000000001
85,7019.2
86,8019.400000000001
87,8542.2
88,8011.8
89,8260.800000000001
90,8223.6
91,8837.400000000001
92,7491.400000000001
93,7210.200000000001
94,7377.800000000001
95,8248.400000000001
96,8802.6
97,8485.8
98,7194.200000000001
99,7137.6
100,6267.0
101,6886.6
102,7308.200000000001
103,7616.4
104,7552.200000000001
105,8302.400000000001
106,6882.0
107,6864.8
108,6904.0
109,11653.400000000001
110,10472.6
111,10643.0
112,11561.2
113,11498.2
114,12492.4
115,12621.4
116,12488.8
117,13155.400000000001
118,12759.6
119,13063.4
120,12472.800000000001
121,12661.400000000001
122,12366.600000000002
123,11913.6
124,11380.6
125,10715.2
126,10969.6
127,11373.800000000001
128,11881.6
129,12204.8
130,11935.6
131,12069.2
132,11641.400000000001
133,11531.6
134,11688.6
135,11775.600000000002
136,12015.0
137,13464.2
138,4298.4
139,4751.8
140,4001.4
141,4526.200000000001
142,4151.6
143,4408.0
144,3799.2000000000003
145,3204.8
146,3222.2
147,2698.0
148,2798.4
149,2052.0
150,2265.0
151,1368.6
152,1447.4
153,1327.8000000000002
154,1456.2
155,1980.4
156,1642.0
157,1623.4
158,1962.8000000000002
159,1925.2
160,1658.8000000000002
161,1829.6000000000001
162,1686.8000000000002
163,1611.2
164,1924.6000000000001
165,2195.6000000000004
166,2601.6000000000004
167,2334.8
168,2203.4
169,2126.4
170,2020.4
171,2031.8000000000002
172,1804.4
173,1878.6
174,1688.0
175,1417.0
176,1592.0
177,2210.0
178,2175.4
179,2237.8
180,2396.6
181,2890.8
182,2674.0
183,2635.0
184,2411.4
185,2903.8
186,3710.4
187,3663.0
188,4252.0
189,4752.400000000001
190,4966.0
191,5244.400000000001
192,4742.6
193,4886.8
194,4606.2
195,3888.0000000000005
196,3691.8
197,4451.200000000001
198,4377.6
199,4278.0
200,4206.400000000001
201,4617.400000000001
202,4744.200000000001
203,12917.800000000001
204,11198.2
205,10879.800000000001
206,10534.4
207,10595.0
208,12384.800000000001
209,11791.000000000002
210,11997.600000000002
211,12454.2
212,12140.400000000001
213,11769.600000000002
214,11829.000000000002
215,11706.0
216,11579.0
217,11970.800000000001
218,11466.800000000001
219,11070.400000000001
220,11068.0
221,11046.2
222,11362.2
223,11195.400000000001
224,11516.800000000001
225,11511.800000000001
226,11349.4
227,10598.2
228,10772.4
229,11733.2
230,11796.6
231,13806.400000000001
232,2731.6000000000004
233,2831.0
234,2955.6
235,3976.6000000000004
236,4174.8
237,4529.4
238,2632.4
239,2323.2000000000003
240,2331.8
241,1626.2
242,1431.8000000000002
243,2014.2000000000003
244,2544.6000000000004
245,2241.8
246,3095.2000000000003
247,3210.4
248,2866.8
249,2982.2
250,2367.4
251,3716.8
252,2984.8
253,2707.6000000000004
254,3560.8
255,2992.4000000000005
256,3487.2000000000003
257,3568.2000000000003
258,2543.2000000000003
259,2634.0
260,2654.8
261,3950.4
262,3833.8
263,3053.2
264,2256.6000000000004
265,3834.2000000000003
266,2956.0000000000005
267,3711.0
268,4346.6
269,3177.6000000000004
270,3072.6
271,2379.8
272,2509.6000000000004
273,1914.0
274,1936.8000000000002
275,1461.6
276,1695.1999999999998
277,1303.2
278,1250.8000000000002
279,1713.0
280,1676.0
281,2023.6000000000004
282,2140.0
283,3020.4
284,2923.4000000000005
285,3952.4000000000005
286,4097.8
287,3549.4000000000005
288,2025.6000000000004
289,1968.4
290,1811.6
291,1881.8000000000002
292,1636.4
293,1534.6
294,1911.6000000000001
295,1519.2
296,2214.2
297,2645.4
298,3065.4000000000005
299,3809.6
300,3154.0
301,2185.0
302,3276.0000000000005
303,4309.0
304,4521.200000000001
305,4869.0
306,5196.6
307,5225.8
308,4743.4
309,4607.8
310,3939.4
311,3229.2000000000003
312,4256.8
313,3271.0000000000005
314,3490.8
315,3476.8
316,4420.6
317,3889.0
318,4498.8
319,3998.0000000000005
320,4533.2
321,5095.4
322,5275.400000000001
323,5021.0
324,4398.200000000001
325,4229.4
326,5003.8
327,5171.2
328,4107.2
329,4374.8
330,4660.0
331,4057.6000000000004
332,4553.400000000001
333,3428.6
334,2582.0
335,2254.8
336,1581.6000000000001
337,1781.8000000000002
338,3330.8
339,2605.4
340,1745.6
341,1645.0
342,1069.8
343,1177.8000000000002
344,1031.4
345,1030.2
346,1021.0
347,1063.0
348,1078.4
349,1167.2
350,1315.0
351,1250.8000000000002
352,1434.6
353,1357.4
354,1206.8
355,14161.0
356,11561.2
357,11798.2
358,11793.800000000001
359,11959.2
360,12245.400000000001
361,12257.2
362,12178.2
363,12449.600000000002
364,12513.2
365,12713.6
366,12698.000000000002
367,13228.6
368,13637.400000000001
369,13863.400000000001
370,13602.800000000001
371,13799.0
372,13441.000000000002
373,13570.4
374,13820.2
375,13696.6
376,13641.600000000002
377,14112.6
378,13753.2
379,14408.800000000001
380,13915.400000000001
381,14106.0
382,14772.2
383,15042.600000000002
384,11906.4
385,11384.800000000001
386,10122.2
387,10520.8
388,9990.0
389,9046.6
390,8545.2
391,9681.800000000001
392,9602.800000000001
393,9404.2
394,9492.8
395,10183.400000000001
396,10264.400000000001
397,11009.4
398,10290.6
399,10897.6
400,10700.2
401,10101.8
402,7968.200000000001
403,7337.8
404,6231.4
405,6521.4
406,6097.200000000001
407,5147.0
408,6034.200000000001
409,6349.400000000001
410,6694.8
411,6777.200000000001
412,7807.8
413,8061.2
414,8515.800000000001
415,8581.6
416,9382.6
417,9445.8
418,10411.4
419,10043.2
420,9678.800000000001
421,11685.0
422,11858.600000000002
423,10650.800000000001
424,9535.800000000001
425,9330.6
426,7129.400000000001
427,6550.200000000001
428,6962.8
429,7217.0
430,7858.400000000001
431,6723.6
432,6747.6
433,6880.200000000001
434,7385.400000000001
435,7899.200000000001
436,7590.400000000001
437,8268.6
438,6983.8
439,6414.200000000001
440,5919.4
441,5879.200000000001
442,6014.6
443,6349.0
444,6892.6
445,8234.2
446,8183.0
447,7303.6
448,7964.200000000001
449,8073.6
450,7801.400000000001
451,7630.8
452,8013.2
453,7755.6
454,8208.0
455,9803.6
456,8608.2
457,8960.400000000001
458,8379.2
459,8485.6
460,9074.8
461,8376.4
462,7943.6
463,8306.4
464,7259.2
465,8272.2
466,6832.8
467,6914.200000000001
468,6898.6
469,6809.6
470,6845.400000000001
471,6307.6
472,6210.8
473,6227.0
474,5951.6
475,6227.0
476,5957.6
477,6007.0
478,6083.2
479,6728.000000000001
480,6791.800000000001
481,7114.800000000001
482,7509.0
483,7709.200000000001
484,7566.2
485,7126.6
486,7672.4
487,8731.4
488,8066.0
489,8643.0
490,8482.6
491,9231.8
492,9890.800000000001
493,10887.0
494,11677.2
495,15133.800000000001
496,15464.0
497,15606.400000000001
498,15537.2
499,15272.6
500,15264.600000000002
501,15730.800000000001
502,15897.800000000001
503,16303.000000000002
504,15988.000000000002
505,16202.600000000002
506,16372.600000000002
507,16528.600000000002
508,16516.2
509,15907.2
510,15405.2
511,15085.6
512,14978.400000000001
513,15627.800000000001
514,15762.6
515,15301.6
516,15448.2
517,15433.800000000001
518,15150.0
519,15087.2
520,15003.6
521,14940.400000000001
522,15081.2
523,15471.600000000002
524,11322.4
525,12090.400000000001
526,11780.0
527,12984.800000000001
528,12791.0
529,12796.400000000001
530,12395.8
531,12518.8
532,12484.600000000002
533,13062.8
534,12283.400000000001
535,11919.800000000001
536,10711.400000000001
537,9548.800000000001
538,11433.000000000002
539,10716.800000000001
540,9666.000000000002
541,10588.4
542,10640.2
543,11098.0
544,10646.400000000001
545,10076.8
546,10428.6
547,9437.6
548,10246.400000000001
549,10202.2
550,10512.4
551,9705.400000000001
552,9380.000000000002
553,9314.400000000001
554,9260.4
555,10568.2
556,10907.2
557,10078.2
558,10001.6
559,9539.0
560,10171.4
561,9184.800000000001
562,8824.800000000001
563,7720.4
564,7716.0
565,8319.0
566,8919.2
567,8706.4
568,8856.8
569,8799.2
570,8415.400000000001
571,7655.400000000001
572,8092.200000000001
573,8742.2
574,7652.0
575,8004.6
576,7934.200000000001
577,9769.0
578,8822.800000000001
579,8799.8
580,9356.0
581,9171.2
582,13808.2
583,13044.6
584,12687.000000000002
585,12765.600000000002
586,12536.6
587,13053.2
588,13878.0
589,13892.6
590,14908.6
591,14216.8
592,14790.000000000002
593,14277.0
594,13943.4
595,13938.2
596,13495.800000000001
597,13283.0
598,13011.6
599,12647.6
600,12503.600000000002
601,12924.2
602,13380.600000000002
603,13622.2
604,13006.800000000001
605,13072.0
606,12573.800000000001
607,11422.8
608,11417.800000000001
609,11537.800000000001
610,13141.400000000001
611,5951.6
612,6628.200000000001
613,6066.200000000001
614,5801.4
615,5795.800000000001
616,5275.8
617,5223.200000000001
618,5396.6
619,4930.400000000001
620,3972.0
621,3758.2000000000003
622,4226.6
623,4387.400000000001
624,3502.6000000000004
625,3626.6000000000004
626,3782.0
627,3440.8
628,2873.8
629,2976.8
630,3222.8
631,3643.2000000000003
632,3870.4000000000005
633,4146.0
634,3467.4
635,3049.2000000000003
636,3247.0
637,2819.6000000000004
638,3778.4000000000005
639,3751.4000000000005
640,3513.6000000000004
641,2695.0
642,2848.0
643,2888.4
644,3066.8
645,3524.4
646,3434.2000000000003
647,3392.8
648,2985.2
649,2863.0
650,2554.8
651,2236.4
652,2148.4
653,2147.6000000000004
654,2015.4
655,2261.0
656,2631.2000000000003
657,2482.6000000000004
658,2827.6000000000004
659,3874.4
660,4282.6
661,4821.0
662,5704.6
663,6076.6
664,6109.0
665,5517.6
666,6601.0
667,6477.0
668,6269.000000000001
669,7045.6
670,7010.200000000001
671,6914.0
672,6879.2
673,7026.4
674,6902.4
675,7074.200000000001
676,6456.800000000001
677,6664.800000000001
678,14150.2
679,12535.800000000001
680,12448.6
681,12597.2
682,12404.2
683,12572.2
684,12677.800000000001
685,12373.6
686,12246.000000000002
687,11507.2
688,12246.400000000001
689,12995.400000000001
690,12806.800000000001
691,12619.000000000002
692,12831.400000000001
693,13087.600000000002
694,13226.0
695,13409.2
696,13367.2
697,13112.800000000001
698,12814.6
699,13298.0
700,13033.0
701,12794.4
702,12618.6
703,12381.400000000001
704,11161.2
705,11523.2
706,12817.600000000002
707,2889.0
708,2811.6000000000004
709,2373.6
710,2473.2000000000003
711,2663.8
712,2449.2000000000003
713,2481.0
714,2477.2000000000003
715,2477.0
716,2544.8
717,2521.6000000000004
718,2402.0000000000005
719,2500.0000000000005
720,2700.0
721,2390.0
722,2477.4
723,2427.0
724,2390.6000000000004
725,2716.8
726,2883.4
727,3337.8
728,3719.4000000000005
729,3833.2000000000003
730,3491.6000000000004
731,3188.8
732,3090.2
733,2806.8
734,2756.8
735,2584.6000000000004
736,2680.0000000000005
737,2620.0
738,2663.2
739,2643.4
740,2535.4
741,2704.8
742,2593.8
743,2598.0
744,2705.0
745,2616.4
746,2617.4000000000005
747,2775.2000000000003
748,3111.8
749,3898.2
750,3437.8
751,2940.8
752,2966.0000000000005
753,2982.4000000000005
754,3205.4
755,3508.4
756,3273.8
757,2900.2000000000003
758,3335.6
759,3924.8
760,3724.6000000000004
761,3528.2000000000003
762,3412.8
763,3612.6000000000004
764,3351.6
765,3119.6
766,3059.6000000000004
767,3584.0
768,4078.0000000000005
769,3423.2000000000003
770,3090.0
771,3236.6000000000004
772,3339.2000000000003
773,4080.2000000000007
774,4382.0
775,4228.8
776,3608.2
777,3342.8
778,3327.4
779,3843.0000000000005
780,4185.400000000001
781,5281.200000000001
782,5125.6
783,5354.800000000001
784,4988.4
785,4718.200000000001
786,4686.0
787,5049.8
788,5834.800000000001
789,5918.6
790,6095.800000000001
791,6200.0
792,6122.0
793,6772.8
794,6251.0
795,5890.400000000001
796,5768.6
797,5615.200000000001
798,6892.8
799,6985.4
800,6723.800000000001
801,6870.8
802,7331.400000000001
803,7547.200000000001
804,8072.400000000001
805,6636.800000000001
806,6317.800000000001
807,4227.0
808,3387.8
809,2750.6
810,2704.6000000000004
811,2870.0000000000005
812,3125.0000000000005
813,3142.0000000000005
814,3071.0000000000005
815,2765.0
816,2844.0
817,3499.8
818,4101.400000000001
819,4346.8
820,5254.6
821,5658.400000000001
822,6394.200000000001
823,6966.200000000001
824,6628.800000000001
825,7161.8
826,7242.000000000001
827,7507.800000000001
828,7496.200000000001
829,6739.0
830,6391.0
831,5848.8
832,5334.0
833,4963.8
834,4555.400000000001
835,4277.8
836,4020.8
837,3676.6000000000004
838,3262.6
839,3596.6
840,3795.4
841,15605.6
842,15070.2
843,14737.800000000001
844,14367.8
845,14096.0
846,14137.400000000001
847,14100.4
848,14323.6
849,14370.400000000001
850,14438.800000000001
851,14494.800000000001
852,14333.400000000001
853,14441.400000000001
854,14811.4
855,15224.4
856,15565.4
857,15261.800000000001
858,14861.800000000001
859,14857.6
860,14867.0
861,15049.0
862,14766.800000000001
863,14853.800000000001
864,14864.800000000001
865,15020.800000000001
866,15205.8
867,15007.2
868,15524.2
869,16643.8
870,11978.400000000001
871,12112.400000000001
872,12659.800000000001
873,12542.6
874,11328.2
875,11574.800000000001
876,11202.6
877,10923.2
878,10791.400000000001
879,11121.0
880,11612.0
881,11865.800000000001
882,11002.6
883,10593.0
884,10254.4
885,9891.0
886,10300.8
887,10206.2
888,11503.0
889,12112.800000000001
890,12022.400000000001
891,13030.6
892,13453.0
893,13410.2
894,13313.6
895,13091.6
896,12895.800000000001
897,13280.600000000002
898,13315.400000000001
899,13756.2
900,13791.6
901,14392.6
902,14382.000000000002
903,14539.400000000001
904,14334.600000000002
905,14273.800000000001
906,14234.6
907,14314.400000000001
908,14157.800000000001
909,13676.6
910,13177.6
911,12837.800000000001
912,12582.2
913,11538.0
914,10385.800000000001
915,10090.199999999999
916,9126.800000000001
917,8339.0
918,10830.800000000001
919,11664.2
920,11518.6
921,12083.0
922,10874.0
923,9501.6
924,9620.6
925,10164.2
926,9817.0
927,9971.400000000001
928,8851.6
929,9104.2
930,9194.0
931,10091.6
932,10466.800000000001
933,10002.0
934,9828.8
935,9098.8
936,7875.0
937,7766.800000000001
938,7147.000000000001
939,6811.200000000001
940,6715.000000000001
941,6771.400000000001
942,6973.800000000001
943,6800.8
944,6473.800000000001
945,6426.6
946,6167.000000000001
947,5956.800000000001
948,5836.6
949,6107.000000000001
950,5742.400000000001
951,6220.200000000001
952,6021.0
953,6832.0
954,6275.6
955,6556.200000000001
956,6223.800000000001
957,6712.6
958,6751.6
959,7230.6
960,7808.200000000001
961,8860.8
962,9765.0
963,9607.4
964,9956.199999999999
965,8519.400000000001
966,9000.800000000001
967,8703.8
968,9830.800000000001
969,9713.0
970,9310.2
971,9186.0
972,9578.800000000001
973,8924.2
974,7368.400000000001
975,7622.000000000001
976,8313.2
977,9136.0
978,7907.800000000001
979,8604.6
980,8916.6
981,8926.8
982,8213.2
983,8961.400000000001
984,9068.400000000001
985,9076.8
986,9022.6
987,9374.0
988,10456.6
989,10552.8
990,11882.400000000001
991,11986.6
992,12500.000000000002
993,12187.2
994,12099.800000000001
995,11784.2
996,11114.400000000001
997,11204.6
998,10994.2
999,11129.2
1000,11037.2
1001,10331.0
1002,10762.6
1003,10859.800000000001
1004,11037.2
1005,15734.6
1006,15372.2
1007,15173.4
1008,15321.400000000001
1009,15544.600000000002
1010,15756.2
1011,15886.0
1012,15997.400000000001
1013,16082.6
1014,15988.4
1015,15751.6
1016,15234.2
1017,15445.2
1018,16422.4
1019,16417.0
1020,16274.400000000001
1021,16074.0
1022,15993.0
1023,15845.2
1024,15628.400000000001
1025,15497.6
1026,15157.2
1027,15139.000000000002
1028,14720.400000000001
1029,14109.0
1030,14072.2
1031,14673.2
1032,15042.800000000001
1033,15266.0
1034,8592.400000000001
1035,8206.800000000001
1036,9321.0
1037,9411.8
1038,8404.6
1039,10236.6
1040,10575.6
1041,10177.4
1042,10937.400000000001
1043,10769.800000000001
1044,10571.600000000002
1045,8923.800000000001
1046,7891.0
1047,8807.2
1048,8119.000000000001
1049,7511.6
1050,7392.400000000001
1051,7800.8
1052,7956.200000000001
1053,9098.6
1054,10693.4
1055,9767.4
1056,10017.2
1057,8656.2
1058,8181.8
1059,8500.6
1060,9038.2
1061,9330.400000000001
1062,9681.0
1063,8516.6
1064,8324.0
1065,8006.400000000001
1066,8300.0
1067,7831.6
1068,8000.6
1069,7691.0
1070,7077.2
1071,7152.200000000001
1072,6754.6
1073,6393.6
1074,5251.8
1075,5076.6
1076,5729.4
1077,5577.6
1078,6338.800000000001
1079,6667.6
1080,6282.200000000001
1081,5965.400000000001
1082,5646.0
1083,5865.0
1084,6046.6
1085,6014.0
1086,6344.400000000001
1087,6531.400000000001
1088,6767.400000000001
1089,6663.8
1090,7244.200000000001
1091,7410.2
1092,7284.200000000001
1093,7270.0
1094,7338.400000000001
1095,7798.400000000001
1096,8327.2
1097,12695.400000000001
1098,12675.8
1099,12138.800000000001
1100,11965.6
1101,11178.800000000001
1102,11414.800000000001
1103,11575.600000000002
1104,12406.2
1105,12179.6
1106,10997.8
1107,10903.600000000002
1108,11164.800000000001
1109,11555.0
1110,11986.0
1111,11711.000000000002
1112,11970.400000000001
1113,12389.400000000001
1114,13033.2
1115,12967.600000000002
1116,12799.8
1117,12865.2
1118,12459.800000000001
1119,12039.2
1120,11484.6
1121,11156.2
1122,11359.2
1123,11791.000000000002
1124,11739.6
1125,14369.400000000001
1126,7108.4
1127,7263.4
1128,7151.8
1129,6773.0
1130,6766.6
1131,6308.8
1132,6020.8
1133,5933.200000000001
1134,6813.400000000001
1135,6061.200000000001
1136,5515.2
1137,4628.8
1138,4579.0
1139,4553.4
1140,4654.4
1141,4229.4
1142,4560.8
1143,5351.0
1144,5257.0
1145,4840.8
1146,4536.6
1147,4392.200000000001
1148,3940.0
1149,3951.0000000000005
1150,3646.0
1151,3224.4
1152,2373.6
1153,2672.8
1154,2718.6000000000004
1155,2557.8
1156,1799.4
1157,1615.2
1158,1804.4
1159,2027.6
1160,2065.2000000000003
1161,1605.1999999999998
1162,1554.2
1163,1457.4
1164,1672.6
1165,1386.8000000000002
1166,1426.4
1167,1558.2000000000003
1168,1415.8000000000002
1169,2023.0
1170,1457.2
1171,1817.0
1172,2014.0000000000002
1173,3191.2000000000003
1174,3190.2000000000003
1175,3329.0
1176,3573.6000000000004
1177,2783.4
1178,3147.4
1179,4651.2
1180,3735.6000000000004
1181,4415.8
1182,4313.8
1183,4597.8
1184,4120.4
1185,3286.8
1186,4341.2
1187,4722.0
1188,2529.4
1189,2310.0
1190,2408.0
1191,2505.6
1192,3382.4
1193,2899.4
1194,3852.4
1195,4288.200000000001
1196,4363.8
1197,4374.200000000001
1198,4428.8
1199,4883.200000000001
1200,5379.8
1201,5347.200000000001
1202,5311.4
1203,5619.6
1204,13326.400000000001
1205,12191.400000000001
1206,12245.8
1207,12976.800000000001
1208,11952.4
1209,11979.000000000002
1210,11442.0
1211,10977.400000000001
1212,10875.6
1213,11136.6
1214,11566.000000000002
1215,11439.000000000002
1216,12001.0
1217,12127.400000000001
1218,11983.0
1219,10979.0
1220,10672.0
1221,10944.2
1222,10850.800000000001
1223,11648.2
1224,11062.2
1225,10551.800000000001
1226,10337.6
1227,10518.2
1228,10666.800000000001
1229,10741.8
1230,11056.2
1231,11805.6
1232,13191.800000000001
1233,3381.6
1234,3982.2000000000003
1235,3166.2000000000003
1236,2624.2
1237,1479.2
1238,1361.6000000000001
1239,1365.4
1240,1211.6000000000001
1241,1234.4
1242,1233.6000000000001
1243,1242.6000000000001
1244,2024.8000000000002
1245,1692.4
1246,2659.6000000000004
1247,2897.2000000000003
1248,3445.6000000000004
1249,2813.4
1250,3176.6
1251,2468.4
1252,3063.0
1253,3781.8
1254,3390.0
1255,3829.4
1256,3658.8
1257,3474.8
1258,3848.6000000000004
1259,4051.0
1260,4009.8
1261,3567.2000000000003
1262,3167.4
1263,3335.6000000000004
1264,3501.8
1265,2659.8
1266,2587.2
1267,2674.6000000000004
1268,2485.6000000000004
1269,2213.4
1270,2335.8
1271,2456.6000000000004
1272,2536.0
1273,2962.4
1274,3222.4000000000005
1275,2817.6000000000004
1276,1817.4
1277,2205.4
1278,2668.2
1279,3029.4
1280,3362.8
1281,3274.2000000000003
1282,3547.4000000000005
1283,2757.6
1284,2360.2000000000003
1285,2751.6
1286,1263.0
1287,1133.4
1288,896.8000000000001
1289,931.4000000000001
1290,880.6
1291,918.8
1292,875.8000000000001
1293,803.4000000000001
1294,802.2
1295,818.6
1296,776.4000000000001
1297,830.6000000000001
1298,939.6
1299,889.0
1300,852.0
1301,787.4
1302,803.4000000000001
1303,818.8000000000001
1304,902.8000000000001
1305,982.2
1306,1100.8
1307,1099.4
1308,1059.4
1309,1238.2
1310,1421.4
1311,814.4
1312,875.0
1313,893.2
1314,1138.2
1315,1275.4
1316,1290.6
1317,1529.6000000000001
1318,1804.0
1319,1309.2
1320,1068.8000000000002
1321,974.6000000000001
1322,1029.0
1323,1069.8000000000002
1324,936.0
1325,842.8000000000001
1326,818.8000000000001
1327,819.0000000000001
1328,830.8
1329,879.6
1330,952.2
1331,1212.4
1332,1362.6
1333,1414.6000000000001
1334,2001.6000000000004
1335,2270.8
1336,3420.2
1337,3900.6000000000004
1338,14050.0
1339,13528.2
1340,13285.2
1341,12993.400000000001
1342,12840.2
1343,12934.6
1344,13195.4
1345,13903.0
1346,13617.2
1347,13767.0
1348,13163.6
1349,13443.8
1350,14262.2
1351,14803.8
1352,14807.800000000001
1353,14882.000000000002
1354,14579.4
1355,14675.0
1356,14575.400000000001
1357,14537.600000000002
1358,14502.0
1359,14320.800000000001
1360,14672.2
1361,14464.4
1362,14421.6
1363,14301.2
1364,14259.800000000001
1365,14663.0
1366,14902.2
1367,14055.400000000001
1368,13535.600000000002
1369,14067.600000000002
1370,14315.6
1371,14165.800000000001
1372,13679.2
1373,13237.000000000002
1374,13111.6
1375,13079.800000000001
1376,13653.2
1377,13842.2
1378,12819.6
1379,12269.2
1380,11738.2
1381,10596.2
1382,11065.800000000001
1383,9980.400000000001
1384,10013.2
1385,9584.199999999999
1386,8383.2
1387,8813.2
1388,8280.4
1389,9932.2
1390,9978.400000000001
1391,9547.400000000001
1392,10890.4
1393,10864.2
1394,9097.2
1395,8302.4
1396,8699.800000000001
1397,8800.8
1398,8992.4
1399,9333.6
1400,9049.4
1401,9755.6
1402,9324.0
1403,9904.6
1404,10007.0
1405,10390.600000000002
1406,10959.6
1407,10658.4
1408,9415.0
1409,9689.6
1410,9057.6
1411,8635.4
1412,9320.4
1413,9016.8
1414,8633.4
1415,8234.000000000002
1416,8503.0
1417,9456.6
1418,9991.800000000001
1419,9812.8
1420,9851.600000000002
1421,10247.4
1422,10723.6
1423,11518.2
1424,12363.600000000002
1425,12324.000000000002
1426,11961.000000000002
1427,11826.800000000001
1428,11605.6
1429,11569.4
1430,11543.2
1431,11385.800000000001
1432,10733.2
1433,10616.0
1434,10174.4
1435,10398.800000000001
1436,9702.0
1437,8712.800000000001
1438,7869.400000000001
1439,7644.0
1440,7880.0
1441,8121.200000000001
1442,7667.6
1443,7981.4
1444,7613.200000000001
1445,7899.800000000001
1446,7683.6
1447,8901.000000000002
1448,8854.0
1449,9292.800000000001
1450,7791.0
1451,6182.2
1452,5946.8
1453,6279.8
1454,6641.6
1455,6019.6
1456,6067.000000000001
1457,5742.4
1458,6037.2
1459,5453.8
1460,5741.000000000001
1461,5843.800000000001
1462,5815.000000000001
1463,5710.200000000001
1464,5757.8
1465,6027.200000000001
1466,5542.200000000001
1467,5882.200000000001
1468,6051.6
1469,6386.8
1470,6835.0
1471,7824.8
1472,7201.0
1473,8564.4
1474,8927.2
1475,9572.2
1476,9889.4
1477,10317.0
1478,8582.8
1479,8455.6
1480,8851.0
1481,8792.0
1482,8670.400000000001
1483,9358.6
1484,14364.800000000001
1485,13792.400000000001
1486,13687.2
1487,13441.6
1488,13493.4
1489,13255.800000000001
1490,13657.2
1491,13485.2
1492,13469.2
1493,13707.400000000001
1494,13683.000000000002
1495,14204.6
1496,14320.6
1497,14333.000000000002
1498,14503.6
1499,14409.800000000001
1500,14098.6
1501,14173.6
1502,14206.400000000001
1503,14230.2
1504,14173.6
1505,14105.800000000001
1506,13984.2
1507,13706.800000000001
1508,13823.4
1509,13862.0
1510,14010.400000000001
1511,14387.6
1512,14381.000000000002
1513,7023.400000000001
1514,6829.0
1515,6612.8
1516,6256.4
1517,6411.200000000001
1518,6168.4
1519,6204.800000000001
1520,6086.800000000001
1521,6169.8
1522,5844.400000000001
1523,6017.800000000001
1524,5783.6
1525,5634.200000000001
1526,5311.400000000001
1527,5286.0
1528,5371.0
1529,5182.0
1530,4964.400000000001
1531,4959.4
1532,4795.6
1533,4376.4
1534,4296.0
1535,3900.0
1536,3853.4000000000005
1537,3862.2
1538,4018.2000000000003
1539,4011.0000000000005
1540,3990.2000000000003
1541,3956.2000000000003
1542,4438.400000000001
1543,4719.8
1544,4598.4
1545,5045.0
1546,5153.6
1547,5604.0
1548,5970.0
1549,5779.6
1550,6007.8
1551,5766.2
1552,5206.4
1553,5689.0
1554,5685.0
1555,5243.8
1556,5123.000000000001
1557,5071.400000000001
1558,5182.8
1559,5453.400000000001
1560,5677.0
1561,6209.0
1562,6314.6
1563,7334.6
1564,7550.400000000001
1565,7911.8
1566,7109.6
1567,8110.2
1568,7332.8
1569,5875.200000000001
1570,6214.8
1571,8237.8
1572,7352.4
1573,6123.400000000001
1574,5750.400000000001
1575,6459.000000000001
1576,6645.2
1577,5900.400000000001
1578,6328.6
1579,7592.000000000001
1580,7726.800000000001
1581,7063.2
1582,6574.6
1583,6296.6
1584,6165.400000000001
1585,6419.6
1586,6413.8
1587,6577.8
1588,6524.0
1589,6825.6
1590,6922.200000000001
1591,7528.400000000001
1592,12381.0
1593,11089.4
1594,11030.600000000002
1595,11716.4
1596,10768.4
1597,10665.2
1598,11119.800000000001
1599,12840.0
1600,12442.800000000001
1601,11981.2
1602,12108.2
1603,12744.400000000001
1604,13056.400000000001
1605,12856.2
1606,13225.2
1607,12745.2
1608,12602.6
1609,12880.8
1610,12963.600000000002
1611,13307.600000000002
1612,12330.2
1613,12051.6
1614,11383.2
1615,11514.800000000001
1616,10984.600000000002
1617,10852.400000000001
1618,11232.000000000002
1619,11336.2
1620,12223.400000000001
1621,3983.2000000000003
1622,4381.6
1623,4402.200000000001
1624,3813.2
1625,3779.8
1626,3902.6000000000004
1627,3748.6000000000004
1628,3376.8
1629,3526.0
1630,3526.0
1631,3631.2000000000003
1632,3741.2000000000003
1633,4385.200000000001
1634,4421.8
1635,3968.2000000000003
1636,3373.4
1637,2957.6
1638,3297.6000000000004
1639,3371.8
1640,3360.2000000000003
1641,3259.8
1642,3008.8
1643,3422.2000000000003
1644,3228.8
1645,2821.0
1646,3165.2000000000003
1647,3537.2000000000003
1648,3991.4
1649,3824.2000000000003
1650,4143.8
1651,3912.6000000000004
1652,4474.8
1653,4735.0
1654,3909.8
1655,4090.2000000000003
1656,4308.0
1657,3797.4
1658,3191.6
1659,3987.8
1660,3813.2000000000003
1661,3775.8
1662,3260.2000000000003
1663,2789.0
1664,3292.8
1665,3928.0000000000005
1666,3464.6000000000004
1667,3215.8
1668,2449.2
1669,2411.0
1670,2489.6
1671,3120.2
1672,3329.0
1673,2934.6
1674,2871.8
1675,3055.0000000000005
1676,3126.8
1677,3416.2000000000003
1678,3182.0
1679,3595.6
1680,3601.4
1681,3957.0000000000005
1682,4155.6
1683,4382.8
1684,4365.8
1685,13263.400000000001
1686,12293.800000000001
1687,11273.800000000001
1688,10983.6
1689,11050.400000000001
1690,10927.4
1691,11068.800000000001
1692,10985.400000000001
1693,10463.2
1694,10768.800000000001
1695,10985.000000000002
1696,11012.600000000002
1697,11512.600000000002
1698,11888.2
1699,12163.6
1700,12242.2
1701,11835.2
1702,11792.400000000001
1703,10917.400000000001
1704,10644.0
1705,10339.199999999999
1706,10286.6
1707,10144.6
1708,10276.400000000001
1709,10839.800000000001
1710,10621.2
1711,10548.2
1712,11190.6
1713,12213.4
1714,4082.8
1715,3339.8
1716,3385.6000000000004
1717,3696.0000000000005
1718,3064.6000000000004
1719,2702.8
1720,2735.4
1721,4605.6
1722,4935.0
1723,3737.8
1724,3845.2000000000003
1725,3457.2000000000003
1726,3676.2000000000003
1727,2443.2
1728,3456.4000000000005
1729,3071.4
1730,3711.6
1731,4470.400000000001
1732,4202.8
1733,4383.2
1734,4005.6000000000004
1735,3510.0
1736,3319.6000000000004
1737,2512.4
1738,2240.4
1739,2393.0
1740,2837.6000000000004
1741,1812.8000000000002
1742,1962.8000000000002
1743,1873.0
1744,1611.6
1745,1294.2
1746,1398.8000000000002
1747,1198.6
1748,1056.0
1749,823.6
1750,792.6
1751,683.0
1752,726.2
1753,975.4
1754,981.6000000000001
1755,707.2
1756,646.0
1757,734.6
1758,708.0
1759,677.0
1760,911.8
1761,638.0
1762,809.4000000000001
1763,627.6
1764,747.2
1765,766.4000000000001
1766,720.8
1767,996.0
1768,853.4000000000001
1769,787.2
1770,662.2
1771,782.0
1772,686.6
1773,647.0
1774,611.8
1775,587.8000000000001
1776,595.8000000000001
1777,555.4000000000001
1778,645.2
1779,1005.0
1780,2326.0
1781,2483.4
1782,3048.0
1783,2090.0
1784,2450.6
1785,2745.0
1786,3171.6000000000004
1787,2367.2
1788,2807.8
1789,2705.4
1790,3914.4000000000005
1791,3998.2000000000003
1792,3098.2000000000003
1793,2965.6000000000004
1794,2632.2000000000003
1795,2392.6000000000004
1796,2371.0
1797,2730.0000000000005
1798,2883.8
1799,2984.6000000000004
1800,17573.2
1801,17620.2
1802,17599.4
1803,17578.0
1804,17611.600000000002
1805,17597.6
1806,17637.6
1807,17646.8
1808,17598.0
1809,17611.600000000002
1810,17652.4
1811,17691.4
1812,17735.8
1813,17755.4
1814,17740.8
1815,17754.2
1816,17766.2
1817,17739.8
1818,17775.2
1819,17794.0
1820,17835.0
1821,17828.8
1822,17836.800000000003
1823,17858.0
1824,17861.800000000003
1825,17855.600000000002
1826,17876.600000000002
1827,17877.0
1828,17879.4
1829,17873.0
1830,1311.4
1831,1350.6000000000001
1832,916.0000000000001
1833,1041.8000000000002
1834,876.6
1835,852.4
1836,872.0
1837,877.0000000000001
1838,885.4000000000001
1839,900.4
1840,855.0000000000001
1841,846.4
1842,891.0000000000001
1843,12968.400000000001
1844,11866.000000000002
1845,12261.000000000002
1846,12815.800000000001
1847,13236.4
1848,13492.000000000002
1849,13487.2
1850,13102.6
1851,13464.8
1852,13519.2
1853,13567.400000000001
1854,13927.600000000002
1855,14050.2
1856,14340.400000000001
1857,14745.800000000001
1858,15088.2
1859,15004.0
1860,14995.8
1861,14918.600000000002
1862,15013.400000000001
1863,14957.400000000001
1864,14852.400000000001
1865,14517.2
1866,14325.6
1867,14290.800000000001
1868,14424.2
1869,14201.400000000001
1870,14483.800000000001
1871,14780.6
1872,11993.6
1873,11409.6
1874,10614.800000000001
1875,10405.800000000001
1876,9893.2
1877,9374.6
1878,8379.0
1879,7570.200000000001
1880,7906.6
1881,8065.0
1882,8935.8
1883,9423.6
1884,9714.6
1885,9395.2
1886,9666.2
1887,9303.400000000001
1888,9739.2
1889,10532.0
1890,11764.4
1891,11270.6
1892,11441.8
1893,10669.199999999999
1894,11059.000000000002
1895,11366.800000000001
1896,11172.400000000001
1897,11771.2
1898,11254.800000000001
1899,10456.2
1900,10624.000000000002
1901,9265.2
1902,9135.6
1903,10181.6
1904,9315.4
1905,7097.800000000001
1906,7321.8
1907,7506.8
1908,7777.8
1909,7475.6
1910,6293.800000000001
1911,6377.400000000001
1912,5778.0
1913,6285.400000000001
1914,6892.0
1915,6432.8
1916,5541.0
1917,5175.800000000001
1918,5364.400000000001
1919,5108.000000000001
1920,5099.6
1921,5453.2
1922,5893.6
1923,6007.000000000001
1924,6143.200000000001
1925,6113.2
1926,6676.6
1927,6650.000000000001
1928,6599.8
1929,6332.8
1930,6715.6
1931,6840.8
1932,6884.800000000001
1933,6715.2
1934,6935.0
1935,6952.400000000001
1936,6503.0
1937,7057.400000000001
1938,6861.0
1939,6550.2
1940,8249.400000000001
1941,8064.200000000001
1942,7087.4
1943,6755.6
1944,6836.8
1945,7072.400000000001
1946,6282.8
1947,6324.8
1948,5943.6
1949,5444.0
1950,5068.200000000001
1951,5226.6
1952,5404.6
1953,5288.599999999999
1954,5563.8
1955,5149.0
1956,6479.8
1957,6602.8
1958,7465.6
1959,7140.6
1960,7633.400000000001
1961,8499.6
1962,9275.8
1963,9592.2
1964,10150.0
1965,11083.0
1966,10586.800000000001
1967,11939.2
1968,11633.6
1969,11620.800000000001
1970,11805.2
1971,11847.400000000001
1972,12085.000000000002
1973,11385.800000000001
1974,9926.2
1975,10093.800000000001
1976,8949.400000000001
1977,7764.200000000001
1978,7551.6
1979,8275.2
1980,7751.4
1981,7682.800000000001
1982,7280.800000000001
1983,8018.000000000001
1984,7580.200000000001
1985,7689.0
1986,8187.0
1987,8484.0
1988,9070.2
1989,10231.0
1990,9193.0
1991,15380.400000000001
1992,15149.800000000001
1993,14247.800000000001
1994,14814.0
1995,15481.0
1996,15605.2
1997,15883.800000000001
1998,15530.6
1999,15735.000000000002
2000,15532.400000000001
2001,15430.800000000001
2002,15551.0
2003,15818.8
2004,16287.0
2005,16484.600000000002
2006,15816.0
2007,15670.2
2008,15751.2
2009,16235.0
2010,15985.2
2011,15966.2
2012,15861.0
2013,15962.600000000002
2014,15925.400000000001
2015,15452.2
2016,14922.400000000001
2017,14355.800000000001
2018,14135.2
2019,15209.000000000002
2020,9498.6
2021,7951.200000000001
2022,7867.200000000001
2023,7221.8
2024,7290.0
2025,7118.800000000001
2026,7013.6
2027,6926.4
2028,6627.6
2029,6799.800000000001
2030,6385.6
2031,6457.200000000001
2032,7175.0
2033,6841.000000000001
2034,6991.6
2035,7066.400000000001
2036,7140.0
2037,7738.000000000001
2038,7620.6
2039,8051.400000000001
2040,8524.0
2041,8837.0
2042,9130.4
2043,8723.400000000001
2044,9840.8
2045,8445.6
2046,7920.6
2047,7268.2
2048,6663.6
2049,6938.200000000001
2050,6127.8
2051,6661.0
2052,7039.800000000001
2053,7240.400000000001
2054,6840.200000000001
2055,6652.400000000001
2056,6760.6
2057,7199.000000000001
2058,8354.0
2059,9573.6
2060,9794.199999999999
2061,7642.6
2062,7839.0
2063,9053.400000000001
2064,9522.6
2065,10077.6
2066,10533.6
2067,10716.2
2068,10707.000000000002
2069,10857.0
2070,10878.6
2071,8295.6
2072,7746.8
2073,8847.800000000001
2074,7975.6
2075,7117.200000000001
2076,7231.200000000001
2077,7559.8
2078,7356.0
2079,7143.0
2080,7088.0
2081,6976.2
2082,6989.8
2083,14528.2
2084,14000.2
2085,12794.2
2086,13166.600000000002
2087,12583.400000000001
2088,12604.400000000001
2089,13031.800000000001
2090,14326.800000000001
2091,15749.600000000002
2092,15778.6
2093,15331.600000000002
2094,15784.8
2095,15638.2
2096,15424.400000000001
2097,15411.8
2098,15039.400000000001
2099,15456.4
2100,15176.0
2101,14840.000000000002
2102,15494.800000000001
2103,15717.6
2104,16173.800000000001
2105,15791.600000000002
2106,14720.600000000002
2107,14114.6
2108,13715.800000000001
2109,13511.600000000002
2110,13739.2
2111,14552.000000000002
2112,6858.4
2113,7207.400000000001
2114,6087.400000000001
2115,6497.200000000001
2116,6516.6
2117,6518.200000000001
2118,6607.6
2119,6201.6
2120,6159.200000000001
2121,6418.0
2122,6365.4
2123,6319.6
2124,6208.8
2125,6159.8
2126,5455.6
2127,4869.0
2128,4146.6
2129,4201.4
2130,3895.0000000000005
2131,3894.6000000000004
2132,3275.4
2133,3466.2
2134,3673.0
2135,3360.2
2136,3153.6000000000004
2137,3475.0
2138,3244.0
2139,3517.0
2140,3848.8
2141,4268.6
2142,4111.0
2143,5325.0
2144,6141.6
2145,5254.0
2146,4328.0
2147,3934.0
2148,4403.6
2149,4205.200000000001
2150,4390.6
2151,4234.400000000001
2152,4144.6
2153,4557.200000000001
2154,4767.4
2155,4689.2
2156,4661.8
2157,4483.0
2158,4847.8
2159,5037.8
2160,5083.6
2161,5291.0
2162,6471.8
2163,6093.4
2164,6631.800000000001
2165,6663.0
2166,6925.8
2167,7354.200000000001
2168,7525.000000000001
2169,7443.4
2170,7249.800000000001
2171,7257.400000000001
2172,7062.400000000001
2173,7029.400000000001
2174,6845.8
2175,6888.4
2176,8177.200000000001
2177,7874.0
2178,14844.6
2179,14203.400000000001
2180,13646.400000000001
2181,14121.0
2182,14220.4
2183,13867.400000000001
2184,13684.800000000001
2185,13654.800000000001
2186,14127.2
2187,14492.800000000001
2188,14763.0
2189,15613.4
2190,15687.400000000001
2191,15932.8
2192,16017.0
2193,15781.400000000001
2194,15145.800000000001
2195,15090.800000000001
2196,15475.600000000002
2197,14832.2
2198,15168.0
2199,15089.2
2200,14836.2
2201,15387.2
2202,15120.0
2203,15350.800000000001
2204,15180.400000000001
2205,14875.2
2206,15516.2
2207,7757.400000000001
2208,7158.4
2209,7768.4
2210,10085.6
2211,10015.0
2212,10404.2
2213,10291.0
2214,10345.8
2215,9109.6
2216,7983.6
2217,8506.0
2218,8678.400000000001
2219,8123.6
2220,7183.200000000001
2221,7365.800000000001
2222,7590.400000000001
2223,9410.6
2224,9730.800000000001
2225,8978.6
2226,8252.0
2227,7759.6
2228,7420.200000000001
2229,8152.4
2230,9404.800000000001
2231,8472.400000000001
2232,9350.800000000001
2233,8515.2
2234,7412.8
2235,7350.400000000001
2236,5872.6
2237,6153.6
2238,6062.200000000001
2239,6131.8
2240,6971.0
2241,6832.400000000001
2242,6945.200000000001
2243,7313.0
2244,6548.0
2245,6492.400000000001
2246,6455.6
2247,6945.800000000001
2248,7146.6
2249,7288.6
2250,7071.8
2251,6296.0
2252,5796.0
2253,4809.6
2254,5287.2
2255,5266.400000000001
2256,5308.0
2257,5331.6
2258,6169.0
2259,6084.200000000001
2260,6050.6
2261,5908.6
2262,6417.0
2263,6656.200000000001
2264,6963.6
2265,6592.8
2266,6944.0
2267,6598.200000000001
2268,6573.400000000001
2269,6386.8
2270,6272.0
2271,6819.8
2272,7431.6
2273,8133.8
2274,8106.8
2275,8052.200000000001
2276,7956.6
2277,7827.4
2278,8119.4
2279,8895.0
2280,8324.2
2281,7811.4
2282,8414.0
2283,7111.6
2284,7286.4
2285,6619.8
2286,6053.400000000001
2287,5591.200000000001
2288,5524.4
2289,4684.8
2290,4311.6
2291,4783.8
2292,4587.4
2293,4558.4
2294,4356.8
2295,4500.200000000001
2296,4857.6
2297,4705.0
2298,4453.4
2299,4874.400000000001
2300,4766.8
2301,4697.400000000001
2302,4174.6
2303,4042.8
2304,4050.8
2305,4036.0
2306,3957.4000000000005
2307,4230.200000000001
2308,4395.8
2309,4317.6
2310,4485.400000000001
2311,4746.4
2312,5331.400000000001
2313,5143.4
2314,5414.8
2315,5370.0
2316,5686.200000000001
2317,5364.0
2318,5320.6
2319,5142.400000000001
2320,5393.8
2321,5864.4
2322,5593.4
2323,6191.8
2324,5509.0
2325,5968.200000000001
2326,15685.600000000002
2327,14907.800000000001
2328,14828.600000000002
2329,14646.2
2330,14515.400000000001
2331,14709.0
2332,15151.2
2333,15115.600000000002
2334,14628.6
2335,14591.6
2336,15000.600000000002
2337,15336.800000000001
2338,15899.600000000002
2339,16281.400000000001
2340,17206.6
2341,16803.4
2342,16420.0
2343,16438.800000000003
2344,16657.600000000002
2345,16580.4
2346,16834.8
2347,16824.800000000003
2348,16724.8
2349,16483.6
2350,16683.6
2351,17150.8
2352,17085.2
2353,17282.4
2354,17490.800000000003
2355,15461.600000000002
2356,15425.6
2357,15395.800000000001
2358,15089.2
2359,15246.800000000001
2360,15034.2
2361,15282.6
2362,14159.000000000002
2363,14262.400000000001
2364,13995.0
2365,13574.4
2366,13452.4
2367,12802.0
2368,11881.600000000002
2369,11392.2
2370,11031.2
2371,10792.800000000001
2372,10929.6
2373,11384.400000000001
2374,11351.2
2375,11454.4
2376,11888.6
2377,11848.0
2378,11967.0
2379,12537.4
2380,11955.000000000002
2381,12202.6
2382,12682.800000000001
2383,12849.2
2384,12336.800000000001
2385,12252.0
2386,12343.0
2387,12531.800000000001
2388,12299.800000000001
2389,12816.0
2390,12537.0
2391,13068.0
2392,12288.400000000001
2393,12261.6
2394,12226.800000000001
2395,11919.6
2396,11716.6
2397,11615.0
2398,11185.6
2399,11566.8
2400,12175.800000000001
2401,11931.0
2402,11843.0
2403,11060.0
2404,11310.2
2405,11454.000000000002
2406,11831.6
2407,11479.0
2408,11742.6
2409,11206.6
2410,11058.6
2411,10757.800000000001
2412,10459.400000000001
2413,10179.2
2414,10279.800000000001
2415,10400.8
2416,10996.8
2417,11662.000000000002
2418,11645.2
2419,11836.400000000001
2420,12376.6
2421,12406.6
2422,12220.2
2423,11934.800000000001
2424,12018.4
2425,12262.0
2426,12037.0
2427,12113.2
2428,12001.6
2429,12691.2
2430,12347.6
2431,11859.2
2432,10794.0
2433,9923.2
2434,9339.0
2435,9070.0
2436,9792.2
2437,10115.6
2438,10836.400000000001
2439,11171.4
2440,11777.2
2441,12490.0
2442,14077.400000000001
2443,14112.000000000002
2444,13880.400000000001
2445,13766.6
2446,13430.6
2447,12746.0
2448,12685.400000000001
2449,12820.2
2450,13060.600000000002
2451,13256.0
2452,13227.400000000001
2453,12662.4
2454,12705.0
2455,13158.800000000001
2456,13181.6
2457,13764.800000000001
2458,13170.2
2459,13220.2
2460,13484.6
2461,13588.800000000001
2462,13462.8
2463,13190.800000000001
2464,13681.2
2465,12498.400000000001
2466,13381.000000000002
2467,16614.800000000003
2468,16371.800000000001
2469,16663.8
2470,16920.8
2471,17085.600000000002
2472,17053.6
2473,17105.0
2474,17147.0
2475,17231.2
2476,16870.0
2477,16653.2
2478,16639.0
2479,16564.600000000002
2480,17019.800000000003
2481,16752.8
2482,16128.600000000002
2483,16135.800000000001
2484,16285.000000000002
2485,16344.0
2486,16691.600000000002
2487,16794.6
2488,16710.2
2489,16554.0
2490,16353.0
2491,16605.4
2492,16737.2
2493,16862.2
2494,17100.2
2495,17331.0
2496,13735.0
2497,14088.800000000001
2498,14203.800000000001
2499,13708.600000000002
2500,13874.000000000002
2501,13914.800000000001
2502,13981.000000000002
2503,13818.0
2504,14116.8
2505,14596.600000000002
2506,14646.400000000001
2507,14248.800000000001
2508,13666.800000000001
2509,13266.2
2510,13618.0
2511,13966.0
2512,12516.8
2513,11593.800000000001
2514,11314.0
2515,11897.600000000002
2516,11194.0
2517,10816.6
2518,8967.4
2519,9491.2
2520,9605.2
2521,9340.800000000001
2522,9304.8
2523,9554.800000000001
2524,9468.2
2525,9920.6
2526,9881.6
2527,9532.0
2528,9378.4
2529,9308.6
2530,9854.8
2531,10351.0
2532,10986.600000000002
2533,11399.000000000002
2534,11706.400000000001
2535,11687.2
2536,11401.0
2537,11464.8
2538,11441.4
2539,12714.2
2540,12390.0
2541,13138.2
2542,12950.800000000001
2543,12942.8
2544,12442.2
2545,11804.0
2546,11557.8
2547,12210.400000000001
2548,12652.400000000001
2549,12840.6
2550,13347.2
2551,12739.400000000001
2552,11827.800000000001
2553,12686.400000000001
2554,12946.400000000001
2555,12766.6
2556,13086.400000000001
2557,12613.2
2558,11737.0
2559,11308.2
2560,10909.2
2561,10347.400000000001
2562,10887.6
2563,11984.6
2564,13083.400000000001
2565,12647.800000000001
2566,13286.2
2567,13594.000000000002
2568,14516.6
2569,15449.400000000001
2570,15330.400000000001
2571,15296.0
2572,15290.2
2573,15847.0
2574,16155.000000000002
2575,15852.2
2576,15894.800000000001
2577,15559.6
2578,15185.2
2579,14718.800000000001
2580,16990.2
2581,15602.600000000002
2582,15513.6
2583,14683.6
2584,14607.6
2585,14670.400000000001
2586,14917.2
2587,15799.2
2588,17134.600000000002
2589,17060.8
2590,16992.2
2591,16740.6
2592,16253.6
2593,15569.800000000001
2594,14936.000000000002
2595,14994.600000000002
2596,14708.8
2597,15132.2
2598,15336.800000000001
2599,15556.2
2600,16157.8
2601,15515.0
2602,15127.6
2603,15142.000000000002
2604,15343.6
2605,15215.600000000002
2606,15279.600000000002
2607,16418.2
2608,17004.4
2609,10031.8
2610,9336.0
2611,8933.800000000001
2612,8643.800000000001
2613,8894.2
2614,8341.0
2615,8577.8
2616,8016.200000000001
2617,8012.4
2618,8343.2
2619,8075.6
2620,7710.200000000001
2621,7657.400000000001
2622,7396.8
2623,7296.400000000001
2624,6825.8
2625,6913.0
2626,6978.6
2627,6750.0
2628,6502.4
2629,6549.8
2630,5993.6
2631,6069.0
2632,5951.6
2633,6053.0
2634,5772.8
2635,6193.400000000001
2636,6395.200000000001
2637,6346.0
2638,6021.400000000001
2639,5882.0
2640,6000.800000000001
2641,6133.0
2642,6087.4
2643,6149.200000000001
2644,6309.400000000001
2645,6678.0
2646,7195.400000000001
2647,7101.400000000001
2648,7090.6
2649,6946.0
2650,6594.200000000001
2651,5836.6
2652,5647.0
2653,4468.0
2654,4492.6
2655,5149.800000000001
2656,5748.6
2657,6451.400000000001
2658,6889.6
2659,6767.8
2660,5734.6
2661,5502.0
2662,6483.800000000001
2663,6709.400000000001
2664,6962.2
2665,7361.200000000001
2666,7273.6
2667,7395.0
2668,7328.0
2669,7401.4
2670,7597.200000000001
2671,7538.6
2672,7149.400000000001
2673,7803.2
2674,7941.8
2675,8098.200000000001
2676,8206.8
2677,8281.800000000001
2678,8492.0
2679,8168.6
2680,7935.400000000001
2681,16400.4
2682,15379.2
2683,15121.2
2684,14422.400000000001
2685,14180.6
2686,14770.4
2687,14695.000000000002
2688,14731.2
2689,15011.400000000001
2690,14061.600000000002
2691,13839.0
2692,14019.600000000002
2693,14577.0
2694,14635.600000000002
2695,14213.8
2696,13893.800000000001
2697,13787.2
2698,13585.0
2699,13169.600000000002
2700,13212.6
2701,12638.2
2702,12318.6
2703,12184.600000000002
2704,12360.4
2705,12143.400000000001
2706,11837.800000000001
2707,11985.0
2708,12505.800000000001
2709,13972.000000000002
2710,4518.0
2711,4854.0
2712,5110.8
2713,4337.0
2714,4479.8
2715,4710.200000000001
2716,5100.8
2717,4436.4
2718,4438.6
2719,5230.6
2720,5484.8
2721,4845.0
2722,5345.400000000001
2723,5582.0
2724,5788.6
2725,5766.0
2726,5728.400000000001
2727,4924.2
2728,5473.0
2729,5673.400000000001
2730,4794.0
2731,5449.200000000001
2732,5739.200000000001
2733,5659.4
2734,6126.400000000001
2735,6674.400000000001
2736,6878.8
2737,6167.4
2738,4936.400000000001
2739,5339.200000000001
2740,5284.6
2741,4818.200000000001
2742,4522.0
2743,4100.6
2744,4207.8
2745,3919.8
2746,3949.6000000000004
2747,4016.6000000000004
2748,4047.4
2749,4110.200000000001
2750,4133.8
2751,4411.0
2752,4935.8
2753,5516.200000000001
2754,5277.200000000001
2755,5657.8
2756,5371.0
2757,5080.4
2758,4830.200000000001
2759,4995.8
2760,5249.0
2761,5094.400000000001
2762,5275.0
2763,5200.400000000001
2764,5472.200000000001
2765,5667.4
2766,5218.200000000001
2767,5969.0
2768,5439.200000000001
2769,4962.200000000001
2770,6705.0
2771,6699.200000000001
2772,6565.200000000001
2773,6290.400000000001
2774,5458.4
2775,5365.6
2776,5440.4
2777,5013.400000000001
2778,4753.6
2779,5303.6
2780,5145.6
2781,4650.200000000001
2782,4857.400000000001
2783,4501.0
2784,4732.8
2785,4994.0
2786,6007.200000000001
2787,5696.200000000001
2788,5442.0
2789,5366.0
2790,5640.200000000001
2791,5349.6
2792,5237.0
2793,4650.6
2794,4627.8
2795,4160.200000000001
2796,4476.8
2797,4215.8
2798,4749.400000000001
2799,5458.0
2800,5094.200000000001
2801,5331.8
2802,5968.0
2803,6718.6
2804,6921.6
2805,7662.6
2806,7638.6
2807,7875.0
2808,7632.8
2809,7793.8
2810,7954.800000000001
2811,7909.4
2812,8528.6
2813,7601.0
2814,7786.6
2815,7864.4
2816,7165.400000000001
2817,6850.6
2818,7431.2
2819,8780.2
2820,7786.800000000001
2821,8729.800000000001
2822,8116.2
2823,7801.6
2824,7752.6
2825,7307.800000000001
2826,6652.800000000001
2827,6002.800000000001
2828,5613.4
2829,5356.8
2830,4933.8
2831,4741.400000000001
2832,4260.0
2833,4494.6
2834,4689.6
2835,4963.2
2836,4955.8
2837,4711.200000000001
2838,5376.8
2839,5450.4
2840,6287.0
2841,5944.0
2842,5930.6
2843,6612.200000000001
2844,16937.0
2845,14639.800000000001
2846,14266.400000000001
2847,14521.8
2848,14696.0
2849,14879.4
2850,14888.000000000002
2851,15559.4
2852,15025.400000000001
2853,15162.400000000001
2854,15257.2
2855,15917.800000000001
2856,16539.800000000003
2857,16941.2
2858,16901.0
2859,16471.6
2860,15729.2
2861,15637.400000000001
2862,15999.0
2863,15833.400000000001
2864,15731.2
2865,15944.400000000001
2866,16276.400000000001
2867,16452.8
2868,16568.4
2869,16190.6
2870,16403.2
2871,16560.0
2872,17385.2
2873,13676.2
2874,13471.0
2875,13442.400000000001
2876,13198.8
2877,14037.400000000001
2878,13970.600000000002
2879,14068.0
2880,14107.0
2881,14244.400000000001
2882,13869.400000000001
2883,14427.400000000001
2884,14857.000000000002
2885,14813.2
2886,14787.2
2887,14984.800000000001
2888,15552.2
2889,16270.2
2890,15465.2
2891,15040.800000000001
2892,15531.0
2893,15727.400000000001
2894,15604.800000000001
2895,15153.2
2896,15502.2
2897,15777.800000000001
2898,15843.2
2899,15496.2
2900,15422.2
2901,15726.0
2902,15933.800000000001
2903,15592.2
2904,14719.0
2905,15009.600000000002
2906,14812.2
2907,14728.8
2908,14153.800000000001
2909,13942.000000000002
2910,13784.800000000001
2911,13405.2
2912,13412.400000000001
2913,13274.2
2914,13729.0
2915,13936.2
2916,14184.800000000001
2917,14023.0
2918,13267.6
2919,13386.8
2920,14084.400000000001
2921,13736.4
2922,13841.2
2923,14529.800000000001
2924,14634.800000000001
2925,14948.2
2926,16008.2
2927,16046.800000000001
2928,15717.800000000001
2929,15795.2
2930,15603.2
2931,15633.400000000001
2932,15555.2
2933,15375.2
2934,15394.2
2935,14566.000000000002
2936,14368.400000000001
2937,14186.0
2938,14088.6
2939,13670.400000000001
2940,13509.2
2941,13467.2
2942,13533.800000000001
2943,13500.2
2944,13281.2
2945,12382.600000000002
2946,11820.2
2947,11380.8
2948,11625.600000000002
2949,10605.8
2950,10522.2
2951,10947.6
2952,11010.2
2953,11554.800000000001
2954,11752.8
2955,11906.2
2956,12215.6
2957,11964.2
2958,11756.4
2959,12277.000000000002
2960,13082.800000000001
2961,13366.600000000002
2962,14379.0
2963,14404.800000000001
2964,14090.400000000001
2965,14201.400000000001
2966,14028.600000000002
2967,13455.6
2968,13109.800000000001
2969,13170.600000000002
2970,12771.800000000001
2971,12533.6
2972,12193.0
2973,12148.4
2974,12418.800000000001
2975,12406.2
2976,12025.8
2977,11906.2
2978,12225.400000000001
2979,12377.8
2980,13113.8
2981,13574.400000000001
2982,14089.800000000001
2983,13393.0
2984,12991.6
2985,13208.2
2986,13736.6
2987,13958.000000000002
2988,14027.400000000001
2989,14299.400000000001
2990,14478.2
2991,14174.400000000001
2992,14057.400000000001
2993,13690.800000000001
2994,14209.2
2995,14228.0
2996,14209.000000000002
2997,13790.2
2998,13326.2
2999,13466.2
3000,13418.2
3001,13549.400000000001
3002,13480.600000000002
3003,13728.400000000001
3004,17434.0
3005,17351.8
3006,16936.600000000002
3007,16983.2
3008,16803.0
3009,16912.600000000002
3010,17197.2
3011,17517.4
3012,17516.2
3013,17454.0
3014,17425.4
3015,17437.6
3016,17575.0
3017,17533.4
3018,17124.2
3019,16599.2
3020,16631.4
3021,16484.4
3022,16408.4
3023,16483.8
3024,16797.2
3025,16953.0
3026,17110.2
3027,17161.4
3028,17288.4
3029,17062.600000000002
3030,16880.8
3031,17239.0
3032,17463.4
3033,10622.400000000001
3034,10662.400000000001
3035,12253.2
3036,11574.4
3037,11383.2
3038,11271.8
3039,10472.800000000001
3040,10667.400000000001
3041,11006.0
3042,10910.2
3043,10961.2
3044,10067.0
3045,9833.400000000001
3046,9707.6
3047,9771.6
3048,9450.6
3049,9221.6
3050,9079.400000000001
3051,9440.0
3052,9417.8
3053,9393.2
3054,10280.6
3055,10598.0
3056,10312.0
3057,10835.2
3058,10664.2
3059,9921.6
3060,9912.6
3061,9596.8
3062,9052.8
3063,9982.2
3064,10169.400000000001
3065,9813.400000000001
3066,9792.8
3067,9867.4
3068,9503.400000000001
3069,9433.6
3070,9403.0
3071,9045.4
3072,8982.4
3073,8642.8
3074,8749.0
3075,7820.800000000001
3076,7794.6
3077,7834.800000000001
3078,7304.400000000001
3079,7585.400000000001
3080,7523.6
3081,7464.800000000001
3082,8475.6
3083,8583.400000000001
3084,9170.6
3085,8887.0
3086,9459.2
3087,9552.0
3088,10530.2
3089,10385.2
3090,11923.0
3091,12796.400000000001
3092,13903.6
3093,14014.2
3094,13365.800000000001
3095,13292.400000000001
3096,13399.800000000001
3097,14037.0
3098,13882.4
3099,13721.800000000001
3100,13390.600000000002
3101,13212.4
3102,13647.000000000002
3103,13601.6
3104,13783.800000000001
3105,12511.6
3106,13423.8
3107,13362.800000000001
3108,13336.2
3109,13018.800000000001
3110,11951.2
3111,11395.2
3112,10054.2
3113,10044.0
3114,11275.2
3115,11057.6
3116,10692.6
3117,11297.400000000001
3118,15520.000000000002
3119,14076.800000000001
3120,14124.600000000002
3121,14302.0
3122,14501.600000000002
3123,15453.6
3124,15795.400000000001
3125,16104.000000000002
3126,15179.000000000002
3127,14845.000000000002
3128,14739.0
3129,14514.2
3130,14293.400000000001
3131,14736.800000000001
3132,14951.6
3133,15172.800000000001
3134,15851.2
3135,16092.2
3136,16622.4
3137,16518.0
3138,16544.0
3139,15409.000000000002
3140,15628.400000000001
3141,14882.2
3142,15083.2
3143,15369.400000000001
3144,15920.2
3145,15526.600000000002
3146,16036.000000000002
3147,11784.400000000001
3148,11386.2
3149,10687.6
3150,11048.0
3151,10588.8
3152,9925.6
3153,9303.400000000001
3154,9794.0
3155,9230.0
3156,8167.200000000001
3157,7823.8
3158,8080.400000000001
3159,8175.800000000001
3160,7513.0
3161,7149.400000000001
3162,6734.6
3163,5941.6
3164,6304.200000000001
3165,5922.800000000001
3166,5823.6
3167,6312.6
3168,5449.200000000001
3169,5933.800000000001
3170,5205.6
3171,5503.8
3172,5594.0
3173,5823.800000000001
3174,6475.8
3175,6180.6
3176,6108.200000000001
3177,5644.8
3178,5704.200000000001
3179,6539.0
3180,6689.4
3181,6443.0
3182,6037.4
3183,5976.0
3184,5218.8
3185,5263.6
3186,5111.8
3187,5511.6
3188,5171.200000000001
3189,4333.2
3190,4491.200000000001
3191,4164.6
3192,3967.0
3193,4077.6000000000004
3194,4507.0
3195,4452.200000000001
3196,4820.200000000001
3197,4862.0
3198,5016.6
3199,5384.200000000001
3200,5516.0
3201,5738.800000000001
3202,5462.0
3203,5348.800000000001
3204,5760.200000000001
3205,5525.6
3206,6103.8
3207,6126.0
3208,6263.4
3209,5440.6
3210,5521.8
3211,5406.6
3212,5494.6
3213,6063.800000000001
3214,6403.0
3215,6312.800000000001
3216,6110.800000000001
3217,6379.400000000001
3218,14058.0
3219,12536.6
3220,13508.400000000001
3221,13469.400000000001
3222,12629.2
3223,12744.2
3224,12686.6
3225,12580.800000000001
3226,11867.6
3227,11575.000000000002
3228,11525.800000000001
3229,11881.8
3230,12923.2
3231,13068.400000000001
3232,12301.8
3233,11757.6
3234,11479.6
3235,11656.000000000002
3236,11448.8
3237,11410.800000000001
3238,11140.800000000001
3239,10921.0
3240,10909.0
3241,11255.2
3242,10699.400000000001
3243,11036.2
3244,11287.8
3245,11694.400000000001
3246,13448.400000000001
3247,3966.6000000000004
3248,4395.6
3249,5519.8
3250,5501.6
3251,5990.400000000001
3252,7084.200000000001
3253,6806.200000000001
3254,6494.4
3255,7458.0
3256,8194.0
3257,7731.200000000001
3258,6768.000000000001
3259,6787.2
3260,7317.8
3261,6864.0
3262,6588.8
3263,6251.200000000001
3264,5921.6
3265,6187.0
3266,7441.400000000001
3267,6557.400000000001
3268,6350.0
3269,6548.6
3270,5739.8
3271,5871.8
3272,6371.8
3273,6282.4
3274,6154.0
3275,6969.799999999999
3276,7827.8
3277,8803.6
3278,8037.0
3279,8040.800000000001
3280,7646.800000000001
3281,7187.200000000001
3282,6881.400000000001
3283,6745.0
3284,6953.6
3285,5440.400000000001
3286,5307.8
3287,5286.0
3288,5592.6
3289,4906.0
3290,4491.200000000001
3291,4522.0
3292,4621.200000000001
3293,4626.6
3294,4593.6
3295,4271.0
3296,4653.4
3297,5098.0
3298,5550.800000000001
3299,4933.800000000001
3300,14229.6
3301,16326.000000000002
3302,16286.6
3303,16529.0
3304,16675.2
3305,16625.8
3306,16573.0
3307,16540.8
3308,16557.800000000003
3309,16521.8
3310,16515.0
3311,16463.2
3312,16449.6
3313,16436.0
3314,16438.4
3315,16416.2
3316,16389.0
3317,16372.000000000002
3318,16375.0
3319,16358.400000000001
3320,16362.400000000001
3321,16361.000000000002
3322,16345.400000000001
3323,16338.2
3324,16330.800000000001
3325,16323.800000000001
3326,16315.8
3327,16317.0
3328,16312.0
3329,16387.600000000002
3330,16400.4
3331,16418.600000000002
3332,16464.800000000003
3333,16475.4
3334,16497.0
3335,16523.4
3336,16550.4
3337,16565.0
3338,16578.600000000002
3339,16595.0
3340,16605.0
3341,16630.4
3342,16601.6
3343,16596.6
3344,16595.0
3345,16606.6
3346,16574.600000000002
3347,16592.8
3348,16593.600000000002
3349,16573.2
3350,16532.8
3351,16531.4
3352,16525.600000000002
3353,16526.4
3354,16538.4
3355,16485.6
3356,16485.2
3357,16461.600000000002
3358,16472.2
3359,16441.2
3360,16439.4
3361,16442.600000000002
3362,16421.4
3363,16447.0
3364,16434.0
3365,16423.4
3366,16392.4
3367,16573.2
3368,16617.600000000002
3369,16960.8
3370,17368.6
3371,17849.2
3372,18210.6
3373,18523.600000000002
3374,18760.8
3375,18984.0
3376,19149.2
3377,19320.600000000002
3378,19457.0
3379,19581.8
3380,19690.2
3381,19749.800000000003
3382,19791.8
3383,19807.4
3384,19821.0
3385,19845.8
3386,19855.4
3387,19862.4
3388,19866.2
3389,19868.0
3390,19867.600000000002
3391,19868.600000000002
3392,19871.4
3393,19873.4
3394,19879.600000000002
3395,19889.4
3396,19856.4
3397,19853.600000000002
3398,19848.800000000003
3399,19848.4
3400,19713.600000000002
3401,19658.6
3402,19633.0
3403,19613.0
3404,19583.6
3405,19563.6
3406,19549.800000000003
3407,19537.2
3408,19531.4
3409,19533.0
3410,19516.4
3411,19499.800000000003
3412,19481.600000000002
3413,19464.600000000002
3414,19438.0
3415,19373.0
3416,19300.2
3417,19215.600000000002
3418,19081.4
3419,19002.4
3420,18866.4
3421,18746.0
3422,18631.0
3423,18567.8
3424,18484.8
3425,18374.4
3426,18337.4
3427,18108.4
3428,18079.4
3429,8846.400000000001
3430,9124.8
3431,9294.6
3432,9239.0
3433,8931.2
3434,9553.6
3435,10566.6
3436,10901.2
3437,11335.2
3438,9854.6
3439,9696.400000000001
3440,10049.0
3441,9998.6
3442,9798.4
3443,9524.800000000001
3444,9473.0
3445,8819.400000000001
3446,8850.800000000001
3447,8436.2
3448,9261.2
3449,9254.8
3450,9555.4
3451,10057.400000000001
3452,10476.6
3453,9620.2
3454,10688.0
3455,10606.2
3456,10818.0
3457,10566.4
3458,10309.800000000001
3459,10449.400000000001
3460,10887.0
3461,10732.8
3462,10267.0
3463,10086.400000000001
3464,10639.4
3465,10343.2
3466,11257.800000000001
3467,11009.0
3468,10340.800000000001
3469,10790.400000000001
3470,12040.800000000001
3471,12040.0
3472,12616.2
3473,12925.600000000002
3474,13974.8
3475,13598.400000000001
3476,14012.400000000001
3477,14341.0
3478,12958.400000000001
3479,12886.800000000001
3480,12564.400000000001
3481,12172.2
3482,12302.2
3483,13111.2
3484,13634.400000000001
3485,13568.800000000001
3486,13954.600000000002
3487,13740.6
3488,14163.8
3489,14540.2
3490,14584.6
3491,15079.800000000001
3492,15395.6
3493,15596.800000000001
3494,15829.6
3495,15712.2
3496,15558.2
3497,15093.000000000002
3498,14624.2
3499,14159.0
3500,13509.6
3501,13621.800000000001
3502,13594.0
3503,13346.400000000001
3504,13142.400000000001
3505,13270.2
3506,12829.4
3507,12526.2
3508,12282.0
3509,12299.2
3510,12751.6
3511,12611.0
3512,12339.0
3513,12152.2
3514,11027.2
3515,11493.0
3516,11764.8
3517,12515.8
3518,13151.800000000001
3519,13190.2
3520,13251.0
3521,13739.6
3522,14130.2
3523,14177.8
3524,13534.0
3525,13997.800000000001
3526,13831.0
3527,13494.4
3528,13331.2
3529,13346.800000000001
3530,13589.8
3531,13210.000000000002
3532,13917.600000000002
3533,13877.400000000001
3534,16703.600000000002
3535,16071.800000000001
3536,15472.600000000002
3537,15318.0
3538,15164.6
3539,15045.800000000001
3540,15436.400000000001
3541,15666.2
3542,15939.2
3543,15898.400000000001
3544,15976.400000000001
3545,15783.600000000002
3546,16406.800000000003
3547,16818.800000000003
3548,16928.0
3549,16794.2
3550,16480.4
3551,16296.800000000001
3552,16149.8
3553,15968.2
3554,15713.2
3555,15638.4
3556,15445.2
3557,15432.000000000002
3558,15858.000000000002
3559,16061.000000000002
3560,16231.800000000001
3561,16031.600000000002
3562,16606.6
3563,11186.2
3564,10909.800000000001
3565,10355.0
3566,9633.2
3567,10297.6
3568,10294.0
3569,9612.6
3570,9548.800000000001
3571,9690.0
3572,9470.6
3573,9982.0
3574,10254.800000000001
3575,10923.400000000001
3576,10244.2
3577,10730.400000000001
3578,11269.2
3579,11172.4
3580,12225.4
3581,12079.2
3582,12463.2
3583,13737.400000000001
3584,13046.000000000002
3585,13761.2
3586,13999.800000000001
3587,13637.600000000002
3588,13549.400000000001
3589,13874.800000000001
3590,13821.0
3591,13675.4
3592,13376.6
3593,13449.400000000001
3594,13757.400000000001
3595,12615.400000000001
3596,11843.2
3597,12463.800000000001
3598,12103.2
3599,11388.0
3600,11322.2
3601,11219.800000000001
3602,10900.6
3603,10657.2
3604,10038.6
3605,10159.0
3606,10903.4
3607,10360.0
3608,9473.0
3609,9152.400000000001
3610,9454.0
3611,8838.400000000001
3612,9185.8
3613,9756.800000000001
3614,10273.4
3615,9600.0
3616,9273.0
3617,9016.2
3618,8964.2
3619,8246.0
3620,8319.800000000001
3621,8362.400000000001
3622,8653.400000000001
3623,8922.800000000001
3624,9430.400000000001
3625,9554.800000000001
3626,9797.800000000001
3627,10580.0
3628,10039.0
3629,9889.6
3630,9605.400000000001
3631,9268.6
3632,9580.0
3633,9966.6
3634,10124.0
3635,9660.2
3636,9693.800000000001
3637,9480.0
3638,9939.400000000001
3639,11011.0
3640,11244.0
3641,11691.800000000001
3642,12119.2
3643,13358.000000000002
3644,13499.400000000001
3645,16229.2
3646,15390.0
3647,14563.800000000001
3648,15330.400000000001
3649,15011.0
3650,14946.4
3651,15753.2
3652,15660.6
3653,15145.6
3654,14720.2
3655,14566.6
3656,14382.2
3657,14456.2
3658,14942.8
3659,14740.000000000002
3660,14572.800000000001
3661,14922.6
3662,15038.2
3663,16428.2
3664,16891.2
3665,16988.800000000003
3666,16762.800000000003
3667,16017.2
3668,15942.6
3669,15405.800000000001
3670,15752.2
3671,16031.800000000001
3672,14995.2
3673,14650.2
3674,6826.0
3675,6942.200000000001
3676,6697.800000000001
3677,6398.200000000001
3678,6131.400000000001
3679,6597.200000000001
3680,6532.0
3681,6822.800000000001
3682,6440.0
3683,6525.6
3684,6991.4
3685,7186.200000000001
3686,6894.200000000001
3687,7165.000000000001
3688,6981.2
3689,6561.200000000001
3690,6108.6
3691,6978.200000000001
3692,7377.200000000001
3693,7596.0
3694,6694.0
3695,6330.0
3696,6230.0
3697,6468.4
3698,6321.6
3699,5349.0
3700,5047.8
3701,5686.6
3702,5857.6
3703,6020.8
3704,4542.0
3705,4531.6
3706,4118.6
3707,4063.2000000000003
3708,3679.6000000000004
3709,3655.2000000000003
3710,3869.0
3711,3898.8
3712,4104.8
3713,4495.4
3714,4387.8
3715,3828.4
3716,4096.8
3717,4427.4
3718,4432.6
3719,4966.200000000001
3720,5301.200000000001
3721,5765.200000000001
3722,5866.6
3723,6209.200000000001
3724,6047.8
3725,5815.8
3726,5650.0
3727,5807.200000000001
3728,5897.400000000001
3729,6389.6
3730,6228.4
3731,6863.400000000001
3732,8148.200000000001
3733,6783.000000000001
3734,7031.400000000001
3735,7497.200000000001
3736,7110.200000000001
3737,7164.0
3738,7690.8
3739,7212.800000000001
3740,6086.0
3741,5969.6
3742,5368.0
3743,14254.600000000002
3744,13107.400000000001
3745,13276.8
3746,12520.0
3747,13106.600000000002
3748,13303.6
3749,12673.6
3750,12407.0
3751,12478.0
3752,12370.2
3753,12763.800000000001
3754,12991.2
3755,13232.2
3756,13431.400000000001
3757,12401.2
3758,12224.2
3759,11556.800000000001
3760,10907.2
3761,10963.0
3762,11180.800000000001
3763,11019.800000000001
3764,10398.0
3765,11141.400000000001
3766,11372.0
3767,11563.2
3768,11676.8
3769,11902.400000000001
3770,11608.000000000002
3771,13400.2
3772,2826.2000000000003
3773,3315.4000000000005
3774,3153.8
3775,3437.2
3776,3384.6
3777,2762.2
3778,3313.8
3779,3017.4
3780,2577.8
3781,2738.4000000000005
3782,3083.4
3783,3133.0
3784,2745.6000000000004
3785,2647.8
3786,2462.0
3787,2848.2000000000003
3788,2910.6000000000004
3789,2929.4000000000005
3790,2776.8
3791,2624.4
3792,2780.2
3793,2599.0
3794,3646.4
3795,3903.6000000000004
3796,3258.6000000000004
3797,2892.4000000000005
3798,2864.4
3799,2833.6000000000004
3800,3611.0000000000005
3801,3672.0
3802,3604.0
3803,3845.2
3804,2753.0
3805,3213.4
3806,3093.6000000000004
3807,2888.6000000000004
3808,2946.2
3809,2849.2000000000003
3810,3229.2000000000003
3811,3144.8
3812,3505.4
3813,3899.8
3814,4612.8
3815,4926.6
3816,5324.8
3817,6028.6
3818,5801.200000000001
3819,5509.4
3820,5688.6
3821,4579.200000000001
3822,4313.8
3823,4289.8
3824,3732.0
3825,3238.8
3826,3733.2000000000003
3827,4108.6
3828,3583.0
3829,3455.8
3830,3871.2000000000003
3831,3748.8
3832,3950.8
3833,3793.4
3834,4069.6000000000004
3835,4510.0
3836,3848.4000000000005
3837,3632.8
3838,2642.2
3839,2493.6
3840,2543.4
3841,2417.0
3842,2410.0
3843,2439.6
3844,2493.4
3845,2795.2
3846,3138.2000000000003
3847,3147.6
3848,2802.0
3849,2923.4000000000005
3850,3240.8
3851,3747.8
3852,4074.0
3853,3725.2000000000003
3854,3604.0
3855,3301.8
3856,3782.4
3857,3595.8
3858,4341.0
3859,4016.4
3860,3949.6000000000004
3861,3101.8
3862,3324.6000000000004
3863,3507.0
3864,3454.0
3865,3189.8
3866,3609.4000000000005
3867,4830.0
3868,4190.400000000001
3869,4875.8
3870,4510.4
3871,3904.8
3872,3981.6000000000004
3873,4593.200000000001
3874,4293.400000000001
3875,4424.4
3876,4050.4
3877,3348.2
3878,3322.0
3879,2941.4
3880,2845.4
3881,3352.4
3882,3078.8
3883,3796.0000000000005
3884,3200.8
3885,3291.4
3886,3134.6000000000004
3887,3363.6000000000004
3888,3633.3999999999996
3889,3880.0
3890,3866.8
3891,4202.6
3892,3682.4000000000005
3893,3583.8
3894,3591.0
3895,3722.2
3896,5168.400000000001
3897,4683.0
3898,14470.6
3899,13547.2
3900,13814.2
3901,14280.600000000002
3902,14030.2
3903,14547.0
3904,14998.000000000002
3905,15141.0
3906,15472.400000000001
3907,15986.6
3908,15871.8
3909,15718.8
3910,15585.4
3911,15747.4
3912,15806.2
3913,15496.400000000001
3914,15065.6
3915,14980.2
3916,15045.6
3917,14888.400000000001
3918,14649.800000000001
3919,14761.2
3920,14818.400000000001
3921,14623.800000000001
3922,14917.0
3923,15109.800000000001
3924,15404.6
3925,16351.000000000002
3926,16940.2
3927,12283.4
3928,12167.2
3929,12145.800000000001
3930,12019.8
3931,11066.0
3932,11314.0
3933,11260.400000000001
3934,11010.2
3935,10625.2
3936,9588.0
3937,9582.6
3938,9652.400000000001
3939,9358.0
3940,9651.800000000001
3941,9362.2
3942,9510.0
3943,9059.6
3944,8556.400000000001
3945,8795.2
3946,8760.8
3947,9759.2
3948,9564.8
3949,9554.6
3950,10137.400000000001
3951,10040.400000000001
3952,9668.6
3953,9701.400000000001
3954,9819.800000000001
3955,10443.0
3956,10504.800000000001
3957,11954.0
3958,12242.0
3959,12910.400000000001
3960,12674.000000000002
3961,12874.0
3962,12888.2
3963,12376.400000000001
3964,12221.800000000001
3965,11333.400000000001
3966,10754.800000000001
3967,10244.800000000001
3968,10790.2
3969,11031.2
3970,11048.8
3971,11073.0
3972,10732.8
3973,9956.4
3974,9601.4
3975,9815.2
3976,8592.8
3977,7533.200000000001
3978,8262.0
3979,8735.0
3980,7840.400000000001
3981,8363.6
3982,8635.800000000001
3983,7768.4
3984,8314.6
3985,9119.2
3986,8172.0
3987,6927.8
3988,7374.200000000001
3989,7751.400000000001
3990,8140.200000000001
3991,9386.2
3992,9827.0
3993,9700.0
3994,10126.600000000002
3995,10136.0
3996,10700.2
3997,10824.6
3998,11363.6
3999,10893.2
4000,10759.800000000001
4001,11040.600000000002
4002,11755.000000000002
4003,11747.8
4004,10120.400000000001
4005,9466.6
4006,9472.0
4007,8132.6
4008,7830.400000000001
4009,7449.400000000001
4010,7390.8
4011,8308.8
4012,8701.2
4013,8955.6
4014,9565.4
4015,10762.2
4016,11018.6
4017,10944.400000000001
4018,10227.6
4019,9982.400000000001
4020,9996.6
4021,10325.6
4022,10509.0
4023,10091.2
4024,10368.2
4025,11853.600000000002
4026,12309.2
4027,11949.600000000002
4028,12667.2
4029,12043.400000000001
4030,11883.8
4031,11072.6
4032,12202.6
4033,12026.8
4034,13130.000000000002
4035,12739.400000000001
4036,12897.6
4037,13422.600000000002
4038,13109.0
4039,12223.400000000001
4040,12266.400000000001
4041,11708.6
4042,11780.000000000002
4043,11637.6
4044,12027.6
4045,11930.2
4046,11658.6
4047,12101.0
4048,12673.8
4049,12255.4
4050,12662.0
4051,13250.800000000001
4052,13991.600000000002
4053,13767.2
4054,14181.600000000002
4055,14180.2
4056,17313.2
4057,17136.8
4058,17203.4
4059,17151.2
4060,17292.600000000002
4061,17201.2
4062,17100.0
4063,17108.4
4064,17170.0
4065,17385.0
4066,17406.6
4067,17504.600000000002
4068,17505.0
4069,17410.2
4070,17265.4
4071,17123.8
4072,16819.4
4073,16869.6
4074,16917.0
4075,16664.0
4076,16605.600000000002
4077,16806.800000000003
4078,16917.600000000002
4079,16412.4
4080,16578.0
4081,16051.800000000001
4082,15539.600000000002
4083,16311.4
4084,17073.0
4085,10673.0
4086,10305.8
4087,10231.0
4088,11052.800000000001
4089,10195.6
4090,9976.8
4091,9603.0
4092,9187.400000000001
4093,8686.6
4094,8580.8
4095,8749.6
4096,8563.8
4097,8647.800000000001
4098,8361.8
4099,8269.0
4100,8141.4
4101,8125.2
4102,7858.800000000001
4103,8656.400000000001
4104,8795.8
4105,8881.0
4106,9054.400000000001
4107,8681.0
4108,8473.800000000001
4109,8486.6
4110,8484.6
4111,8563.0
4112,8900.0
4113,9258.6
4114,8532.6
4115,8717.400000000001
4116,8871.2
4117,8720.0
4118,8594.2
4119,8384.2
4120,8506.0
4121,8077.6
4122,7408.4
4123,7139.0
4124,8042.200000000001
4125,7914.200000000001
4126,7287.800000000001
4127,7490.200000000001
4128,7901.400000000001
4129,7987.200000000001
4130,7364.200000000001
4131,8071.200000000001
4132,9008.8
4133,9891.800000000001
4134,9524.2
4135,9681.6
4136,8373.8
4137,7908.200000000001
4138,8496.400000000001
4139,8911.2
4140,9607.400000000001
4141,10307.400000000001
4142,11044.2
4143,11309.800000000001
4144,12228.8
4145,12121.6
4146,11886.6
4147,11703.2
4148,11940.6
4149,11677.8
4150,11546.2
4151,11832.6
4152,12621.4
4153,13316.2
4154,13343.8
4155,12974.6
4156,12990.800000000001
4157,12466.2
4158,11164.400000000001
4159,14523.800000000001
4160,13252.8
4161,13930.000000000002
4162,13915.000000000002
4163,14351.8
4164,14093.800000000001
4165,14317.400000000001
4166,14909.600000000002
4167,15261.000000000002
4168,14664.2
4169,14270.2
4170,14230.2
4171,14265.800000000001
4172,14130.2
4173,14405.0
4174,14762.2
4175,14787.0
4176,14798.400000000001
4177,15633.800000000001
4178,16151.8
4179,16189.400000000001
4180,15136.800000000001
4181,15255.4
4182,15393.800000000001
4183,15151.6
4184,15211.000000000002
4185,15362.0
4186,15469.400000000001
4187,16131.4
4188,10367.6
4189,9463.6
4190,9382.0
4191,9699.0
4192,10011.800000000001
4193,9633.2
4194,9619.2
4195,9402.0
4196,9687.0
4197,8615.400000000001
4198,8516.6
4199,8786.800000000001
4200,11380.8
4201,11597.4
4202,12412.400000000001
4203,11414.400000000001
4204,10812.0
4205,9678.0
4206,9731.8
4207,9964.800000000001
4208,9140.2
4209,8772.400000000001
4210,9540.2
4211,9883.8
4212,11414.800000000001
4213,11894.400000000001
4214,12203.6
4215,13298.800000000001
4216,13327.6
4217,13999.2
4218,14458.0
4219,14855.0
4220,14560.0
4221,14519.800000000001
4222,14643.0
4223,14887.6
4224,14553.400000000001
4225,14224.2
4226,13703.6
4227,13214.6
4228,13085.2
4229,13119.0
4230,12974.6
4231,11179.4
4232,11019.6
4233,9820.6
4234,10100.400000000001
4235,9532.2
4236,9513.800000000001
4237,8895.6
4238,8989.8
4239,8954.0
4240,8535.8
4241,8319.6
4242,8165.6
4243,8675.0
4244,8316.400000000001
4245,8946.4
4246,8630.0
4247,8869.8
4248,8598.800000000001
4249,9309.8
4250,10149.400000000001
4251,9893.2
4252,10788.800000000001
4253,10628.8
4254,9911.6
4255,10779.800000000001
4256,10358.6
4257,10657.2
4258,10968.6
4259,10761.6
4260,10486.2
4261,10271.8
4262,10020.2
4263,10345.400000000001
4264,15894.800000000001
4265,14976.0
4266,14305.0
4267,14777.400000000001
4268,15130.400000000001
4269,14783.000000000002
4270,14687.400000000001
4271,14502.6
4272,14795.800000000001
4273,14967.8
4274,15178.000000000002
4275,14943.4
4276,15383.6
4277,16006.0
4278,15319.2
4279,15219.2
4280,15166.8
4281,15185.800000000001
4282,14701.000000000002
4283,15001.0
4284,15159.600000000002
4285,15087.2
4286,14509.800000000001
4287,14470.000000000002
4288,14506.6
4289,14950.400000000001
4290,15049.6
4291,14799.800000000001
4292,16707.0
4293,10134.0
4294,9730.6
4295,9881.6
4296,9268.4
4297,9706.400000000001
4298,11559.0
4299,11403.400000000001
4300,12001.400000000001
4301,12925.6
4302,12526.4
4303,12585.400000000001
4304,13154.6
4305,12744.800000000001
4306,11229.6
4307,12366.400000000001
4308,12655.0
4309,12684.800000000001
4310,12176.6
4311,11557.0
4312,11430.0
4313,11826.6
4314,13284.400000000001
4315,12097.8
4316,12385.6
4317,11835.6
4318,11267.2
4319,10697.2
4320,9480.800000000001
4321,9578.4
4322,8357.8
4323,7983.400000000001
4324,8336.0
4325,8158.0
4326,8443.4
4327,8244.8
4328,8382.2
4329,7779.6
4330,7919.6
4331,8559.6
4332,8548.8
4333,8525.800000000001
4334,8694.0
4335,8654.8
4336,8527.800000000001
4337,8553.400000000001
4338,8494.4
4339,8759.8
4340,9141.2
4341,10644.400000000001
4342,9493.6
4343,8565.6
4344,8223.4
4345,8497.400000000001
4346,9581.0
4347,10464.0
4348,11726.2
4349,11948.6
4350,11908.6
4351,13411.8
4352,13748.2
4353,13758.800000000001
4354,13138.0
4355,13205.0
4356,12576.0
4357,11307.6
4358,11817.8
4359,10137.6
4360,9909.800000000001
4361,10390.6
4362,10464.0
4363,10712.2
4364,10878.2
4365,10482.8
4366,9889.6
4367,9620.6
4368,10822.400000000001
4369,10077.0
4370,9094.2
4371,8510.6
4372,8911.0
4373,9060.0
4374,9930.800000000001
4375,10024.0
4376,9074.6
4377,9047.6
4378,9411.6
4379,10453.0
4380,10189.800000000001
4381,10637.0
4382,11123.6
4383,10114.400000000001
4384,10012.6
4385,10197.400000000001
4386,9826.800000000001
4387,9108.8
4388,9320.6
4389,8518.0
4390,8743.6
4391,8881.800000000001
4392,9549.400000000001
4393,8417.0
4394,7878.6
4395,7105.0
4396,7434.8
4397,6977.200000000001
4398,7193.0
4399,7406.6
4400,7220.6
4401,7779.200000000001
4402,9030.400000000001
4403,8230.0
4404,7429.8
4405,7233.200000000001
4406,6370.8
4407,6158.200000000001
4408,6349.800000000001
4409,6568.200000000001
4410,6669.200000000001
4411,7146.200000000001
4412,7166.8
4413,7711.8
4414,17477.2
4415,16693.0
4416,16169.0
4417,16417.0
4418,16216.2
4419,15915.000000000002
4420,15582.000000000002
4421,15845.000000000002
4422,15868.800000000001
4423,16271.400000000001
4424,16379.600000000002
4425,16586.2
4426,16400.4
4427,16832.0
4428,16963.600000000002
4429,16525.4
4430,16334.600000000002
4431,16459.600000000002
4432,16700.800000000003
4433,16323.400000000001
4434,16268.800000000001
4435,15776.400000000001
4436,16313.400000000001
4437,16480.4
4438,16296.0
4439,16498.800000000003
4440,15714.2
4441,15840.2
4442,17295.800000000003
4443,12654.8
4444,12326.4
4445,12765.2
4446,12553.800000000001
4447,12361.6
4448,12313.2
4449,12927.2
4450,13329.2
4451,13155.800000000001
4452,13418.000000000002
4453,13511.6
4454,13112.800000000001
4455,12706.2
4456,12531.6
4457,12002.400000000001
4458,11788.6
4459,12269.6
4460,12679.2
4461,12349.400000000001
4462,12294.0
4463,12466.000000000002
4464,12553.8
4465,12934.600000000002
4466,12831.800000000001
4467,12412.8
4468,12066.600000000002
4469,12016.6
4470,12182.6
4471,12126.800000000001
4472,12059.6
4473,12743.800000000001
4474,12601.0
4475,12971.2
4476,12821.4
4477,12779.800000000001
4478,13210.2
4479,13493.2
4480,13707.2
4481,14112.800000000001
4482,13891.400000000001
4483,14325.400000000001
4484,14004.0
4485,14327.600000000002
4486,14227.8
4487,14281.2
4488,14841.400000000001
4489,15560.6
4490,15507.400000000001
4491,15956.6
4492,15317.0
4493,15298.400000000001
4494,15480.2
4495,16144.2
4496,16480.800000000003
4497,15312.2
4498,15090.600000000002
4499,14489.600000000002
4500,14278.800000000001
4501,14294.800000000001
4502,13618.0
4503,13427.400000000001
4504,12492.8
4505,12851.4
4506,13041.600000000002
4507,12241.8
4508,12147.400000000001
4509,12799.6
4510,13187.2
4511,12585.2
4512,13071.6
4513,12857.4
4514,12747.2
4515,12921.0
4516,12794.800000000001
4517,13013.800000000001
4518,12979.6
4519,12781.6
4520,12645.2
4521,13341.000000000002
4522,12974.8
4523,13863.6
4524,13749.4
4525,12909.0
4526,13098.800000000001
4527,11825.800000000001
4528,11959.400000000001
4529,11403.0
4530,10642.8
4531,11344.2
4532,11080.2
4533,11416.2
4534,11841.400000000001
4535,11504.6
4536,11641.2
4537,11683.6
4538,12284.2
4539,12640.6
4540,12908.2
4541,13676.6
4542,13370.4
4543,13310.400000000001
4544,12795.800000000001
4545,12952.800000000001
4546,13277.400000000001
4547,13193.8
4548,14933.0
4549,14609.400000000001
4550,14703.800000000001
4551,14214.0
4552,13955.6
4553,12786.400000000001
4554,16470.4
4555,16423.4
4556,16527.600000000002
4557,16600.4
4558,16663.4
4559,16212.800000000001
4560,16423.8
4561,16200.4
4562,16094.6
4563,16125.800000000001
4564,16160.6
4565,16454.4
4566,17091.2
4567,17451.0
4568,17578.6
4569,17543.600000000002
4570,17442.800000000003
4571,17296.6
4572,17249.0
4573,17241.0
4574,17312.600000000002
4575,17156.2
4576,17172.6
4577,17183.800000000003
4578,17115.2
4579,17124.6
4580,17015.800000000003
4581,16866.2
4582,16963.4
4583,14220.600000000002
4584,14169.6
4585,13968.2
4586,15117.0
4587,14447.6
4588,14636.800000000001
4589,13440.400000000001
4590,13217.400000000001
4591,12449.2
4592,13301.2
4593,13225.2
4594,12093.2
4595,11834.0
4596,10421.800000000001
4597,9179.2
4598,8411.2
4599,8498.400000000001
4600,7785.0
4601,8192.400000000001
4602,8301.4
4603,7538.6
4604,7369.400000000001
4605,8003.200000000001
4606,7855.6
4607,7598.6
4608,6836.6
4609,6720.400000000001
4610,7575.0
4611,7612.6
4612,8488.2
4613,8373.8
4614,8393.8
4615,8846.2
4616,9711.800000000001
4617,9844.2
4618,10217.400000000001
4619,9676.0
4620,9609.6
4621,9595.6
4622,9152.0
4623,11170.2
4624,11486.8
4625,12037.000000000002
4626,10977.800000000001
4627,10624.2
4628,8449.0
4629,8266.8
4630,7759.6
4631,8377.400000000001
4632,9156.400000000001
4633,9364.8
4634,9288.0
4635,10532.0
4636,10808.8
4637,11046.800000000001
4638,10141.6
4639,9634.0
4640,10275.4
4641,9506.800000000001
4642,8603.2
4643,9037.6
4644,8509.0
4645,8550.4
4646,8294.8
4647,8808.2
4648,13799.800000000001
4649,12369.0
4650,12241.2
4651,12765.800000000001
4652,13231.2
4653,12703.6
4654,13616.2
4655,14841.0
4656,15209.0
4657,14641.2
4658,13650.800000000001
4659,14195.400000000001
4660,13786.2
4661,13473.400000000001
4662,13716.2
4663,13499.400000000001
4664,14582.400000000001
4665,14389.8
4666,14705.600000000002
4667,15116.4
4668,16050.2
4669,15926.0
4670,15594.800000000001
4671,14572.6
4672,13732.400000000001
4673,13708.600000000002
4674,13778.400000000001
4675,14119.6
4676,14799.2
4677,9689.6
4678,9191.0
4679,9137.2
4680,8320.0
4681,7796.6
4682,8223.6
4683,9755.2
4684,9301.400000000001
4685,9048.6
4686,8631.6
4687,7608.0
4688,7765.800000000001
4689,7257.200000000001
4690,6809.800000000001
4691,6859.400000000001
4692,6771.400000000001
4693,6587.200000000001
4694,7249.200000000001
4695,6845.0
4696,6699.0
4697,6896.0
4698,6200.6
4699,6180.200000000001
4700,6658.200000000001
4701,6530.200000000001
4702,7372.200000000001
4703,6794.800000000001
4704,6103.8
4705,5940.0
4706,5564.200000000001
4707,5481.6
4708,5193.200000000001
4709,5386.200000000001
4710,4563.8
4711,4215.0
4712,4700.8
4713,4738.4
4714,4588.200000000001
4715,5499.4
4716,4762.400000000001
4717,4909.200000000001
4718,4670.200000000001
4719,3883.6000000000004
4720,4100.4
4721,4907.6
4722,5358.200000000001
4723,6124.6
4724,6270.6
4725,6081.6
4726,6318.8
4727,6691.200000000001
4728,6659.200000000001
4729,6341.6
4730,6646.400000000001
4731,6657.4
4732,6553.0
4733,6796.0
4734,6983.800000000001
4735,7194.800000000001
4736,6899.400000000001
4737,6029.200000000001
4738,6236.800000000001
4739,6534.4
4740,6539.800000000001
4741,6791.4
4742,7314.6
4743,7376.200000000001
4744,8595.2
4745,9034.400000000001
4746,8711.0
4747,7908.200000000001
4748,7894.200000000001
4749,7149.0
4750,6965.0
4751,6898.800000000001
4752,7209.800000000001
4753,7198.6
4754,6974.8
4755,7309.8
4756,7500.6
4757,7200.2
4758,6471.6
4759,6522.6
4760,6857.400000000001
4761,15416.600000000002
4762,14200.800000000001
4763,13822.400000000001
4764,13312.800000000001
4765,12242.6
4766,12612.000000000002
4767,13572.400000000001
4768,13692.6
4769,13292.400000000001
4770,13371.2
4771,13288.800000000001
4772,12910.400000000001
4773,13487.400000000001
4774,13738.0
4775,14090.600000000002
4776,13626.400000000001
4777,13420.800000000001
4778,12437.2
4779,11813.600000000002
4780,11787.400000000001
4781,12090.8
4782,11874.400000000001
4783,11882.000000000002
4784,11634.6
4785,11520.400000000001
4786,10348.8
4787,10625.6
4788,11080.400000000001
4789,12854.400000000001
4790,2817.2000000000003
4791,2636.4
4792,2703.0000000000005
4793,2760.2000000000003
4794,2809.2
4795,3209.8
4796,3055.0
4797,3052.4000000000005
4798,3195.4
4799,3696.4
4800,3957.4
4801,4032.4
4802,5850.8
4803,6483.0
4804,6408.0
4805,6125.6
4806,5910.400000000001
4807,5933.6
4808,6317.0
4809,7068.0
4810,7295.4
4811,6645.0
4812,6642.8
4813,6735.0
4814,6605.200000000001
4815,4662.8
4816,3967.2
4817,3762.6000000000004
4818,4665.0
4819,4274.6
4820,4373.0
4821,5357.200000000001
4822,4158.2
4823,4201.4
4824,3591.0000000000005
4825,3756.4
4826,4017.4000000000005
4827,4315.400000000001
4828,4230.6
4829,5260.0
4830,5041.8
4831,4875.4
4832,4957.6
4833,4718.2
4834,4972.4
4835,5035.6
4836,5124.200000000001
4837,5621.0
4838,6297.400000000001
4839,6622.6
4840,6323.0
4841,6085.200000000001
4842,5403.8
4843,5342.200000000001
4844,5683.6
4845,4546.0
4846,4311.0
4847,3381.6000000000004
4848,3016.6000000000004
4849,3408.0
4850,3587.8
4851,4140.8
4852,5203.6
4853,4302.6
4854,3906.8
4855,3583.0
4856,2887.8
4857,2817.2000000000003
4858,2713.2000000000003
4859,2973.8
4860,3005.0000000000005
4861,2996.2
4862,3375.2000000000003
4863,3219.0
4864,3366.4000000000005
4865,3558.8
4866,3075.2000000000003
4867,3392.4
4868,3160.6000000000004
4869,3393.8
4870,3006.0
4871,2794.8
4872,2745.6
4873,2915.8
4874,2943.4000000000005
4875,3048.8
4876,2948.0000000000005
4877,2990.8
4878,3192.4000000000005
4879,3367.2000000000003
4880,3702.8
4881,2923.8
4882,3122.0
4883,3129.4000000000005
4884,3191.0000000000005
4885,3308.6000000000004
4886,3220.6000000000004
4887,4190.0
4888,4414.6
4889,3854.0
4890,3547.4000000000005
4891,3909.0000000000005
4892,3206.4000000000005
4893,3467.2
4894,3670.0
4895,3606.2000000000003
4896,4416.8
4897,4051.6000000000004
4898,4929.0
4899,4982.800000000001
4900,4900.4
4901,6073.0
4902,7462.400000000001
4903,8267.400000000001
4904,8195.8
4905,8195.2
4906,8007.400000000001
4907,7851.800000000001
4908,7200.400000000001
4909,8099.200000000001
4910,8273.800000000001
4911,7356.400000000001
4912,9003.6
4913,7827.200000000001
4914,8255.0
4915,8169.0
4916,8690.0
4917,8581.4
4918,15936.4
4919,15775.400000000001
4920,15398.2
4921,15217.000000000002
4922,15154.2
4923,15106.400000000001
4924,14522.800000000001
4925,14777.4
4926,14491.400000000001
4927,14761.0
4928,14372.0
4929,14927.2
4930,15188.000000000002
4931,15855.6
4932,16456.8
4933,15757.600000000002
4934,15511.400000000001
4935,15571.800000000001
4936,15505.800000000001
4937,15941.2
4938,16091.600000000002
4939,15856.800000000001
4940,15955.2
4941,16143.400000000001
4942,16375.800000000001
4943,16478.2
4944,16507.600000000002
4945,16817.6
4946,16891.2
4947,13519.0
4948,13505.600000000002
4949,13664.0
4950,13805.800000000001
4951,13285.600000000002
4952,12814.4
4953,13402.2
4954,12570.400000000001
4955,11911.0
4956,11698.400000000001
4957,10085.0
4958,10524.8
4959,10696.800000000001
4960,10836.2
4961,10547.4
4962,9985.2
4963,10441.4
4964,9928.800000000001
4965,10906.2
4966,10997.8
4967,10405.6
4968,9885.2
4969,10620.800000000001
4970,11231.0
4971,10504.2
4972,10860.000000000002
4973,11420.8
4974,11280.0
4975,11609.000000000002
4976,11190.0
4977,9613.400000000001
4978,10094.2
4979,9879.800000000001
4980,9670.2
4981,9554.2
4982,9374.800000000001
4983,10543.6
4984,11421.2
4985,11442.600000000002
4986,11338.400000000001
4987,10933.2
4988,11804.400000000001
4989,12003.400000000001
4990,11856.2
4991,12111.800000000001
4992,11308.400000000001
4993,11410.2
4994,11790.000000000002
4995,10670.8
4996,10656.2
4997,10878.6
4998,11106.4
4999,10524.2
5000,8877.6
5001,8686.2
5002,8662.800000000001
5003,8968.2
5004,8673.8
5005,8375.2
5006,8352.0
5007,9612.0
5008,10084.6
5009,9661.800000000001
5010,8887.6
5011,8742.4
5012,8828.6
5013,8826.8
5014,8873.400000000001
5015,8333.800000000001
5016,8172.6
5017,8169.200000000001
5018,7859.200000000001
5019,8655.800000000001
5020,8266.0
5021,8250.0
5022,8469.6
5023,8368.2
5024,8681.800000000001
5025,9221.8
5026,10267.800000000001
5027,10604.0
5028,10587.4
5029,9572.400000000001
5030,11722.2
5031,12305.000000000002
5032,12040.0
5033,12568.400000000001
5034,12714.8
5035,12941.400000000001
5036,11983.8
5037,11093.0
5038,11090.2
5039,11293.0
5040,11881.800000000001
5041,12081.2
5042,12059.800000000001
5043,11260.400000000001
5044,11585.600000000002
5045,11054.8
5046,11336.6
5047,11454.2
5048,12074.000000000002
5049,11229.2
5050,10235.6
5051,10334.6
5052,16096.400000000001
5053,15794.400000000001
5054,14910.6
5055,15182.800000000001
5056,15272.8
5057,15352.400000000001
5058,15036.800000000001
5059,14977.800000000001
5060,15276.0
5061,15627.600000000002
5062,15658.6
5063,16130.000000000002
5064,16527.600000000002
5065,16882.2
5066,16744.6
5067,16361.2
5068,16205.400000000001
5069,15901.6
5070,15777.0
5071,15912.400000000001
5072,15922.800000000001
5073,15786.8
5074,15783.400000000001
5075,15726.400000000001
5076,15873.2
5077,15423.0
5078,15353.600000000002
5079,15867.4
5080,16126.800000000001
5081,12025.4
5082,10873.0
5083,9853.0
5084,10162.400000000001
5085,9074.8
5086,9058.2
5087,9814.2
5088,9817.2
5089,9529.800000000001
5090,9087.2
5091,9077.0
5092,8565.0
5093,7995.0
5094,7486.200000000001
5095,7912.800000000001
5096,7885.200000000001
5097,8476.0
5098,7888.6
5099,7853.4
5100,7387.800000000001
5101,7661.800000000001
5102,7034.6
5103,7540.800000000001
5104,7018.800000000001
5105,7233.8
5106,6852.800000000001
5107,7457.0
5108,6751.800000000001
5109,7139.800000000001
5110,6612.0
5111,6168.6
5112,6982.000000000001
5113,7290.800000000001
5114,6202.4
5115,6139.6
5116,5753.8
5117,8129.8
5118,7523.200000000001
5119,7154.4
5120,7114.2
5121,6749.000000000001
5122,7248.4
5123,6418.8
5124,6810.000000000001
5125,7130.6
5126,6224.400000000001
5127,6653.400000000001
5128,7003.800000000001
5129,7300.200000000001
5130,7862.8
5131,8685.800000000001
5132,8461.2
5133,7383.4
5134,7604.200000000001
5135,7495.200000000001
5136,8042.6
5137,8839.6
5138,10478.2
5139,10446.8
5140,10365.800000000001
5141,11276.4
5142,11892.800000000001
5143,12430.4
5144,12322.6
5145,14472.2
5146,13517.6
5147,12987.2
5148,12632.2
5149,12371.0
5150,12623.2
5151,12768.0
5152,13340.2
5153,13088.600000000002
5154,12294.4
5155,12816.2
5156,13022.000000000002
5157,12885.8
5158,12919.800000000001
5159,13689.400000000001
5160,13500.800000000001
5161,13458.000000000002
5162,13284.000000000002
5163,14471.6
5164,14827.6
5165,15800.400000000001
5166,15013.2
5167,13691.0
5168,12233.2
5169,12610.400000000001
5170,12745.6
5171,13232.400000000001
5172,13361.6
5173,13857.000000000002
5174,5741.4
5175,6492.6
5176,5372.0
5177,6156.6
5178,5483.0
5179,6014.200000000001
5180,5406.4
5181,4282.200000000001
5182,4754.6
5183,4149.400000000001
5184,3532.4
5185,3816.8
5186,3533.8
5187,3042.4
5188,2848.2000000000003
5189,3162.2
5190,2874.8
5191,2558.2000000000003
5192,3068.6000000000004
5193,2891.6000000000004
5194,2654.4000000000005
5195,2156.8
5196,2130.2000000000003
5197,2013.0000000000002
5198,2114.2000000000003
5199,2315.0
5200,15328.400000000001
5201,15316.2
5202,15297.6
5203,15280.400000000001
5204,15266.800000000001
5205,15269.400000000001
5206,15260.2
5207,15266.6
5208,15237.2
5209,15240.0
5210,15256.0
5211,15279.6
5212,15309.600000000002
5213,15308.2
5214,15321.0
5215,15341.2
5216,15372.000000000002
5217,15390.000000000002
5218,15425.0
5219,15440.600000000002
5220,15476.2
5221,15519.0
5222,15587.800000000001
5223,15622.400000000001
5224,15695.400000000001
5225,15764.0
5226,15835.2
5227,15901.4
5228,15947.800000000001
5229,16046.600000000002
5230,2725.2
5231,2860.2000000000003
5232,2375.8
5233,2302.0
5234,2303.6
5235,2316.4
5236,2232.0
5237,2424.2
5238,2561.0
5239,2615.0
5240,2608.6000000000004
5241,2745.8
5242,2804.0
5243,3364.8
5244,3333.6000000000004
5245,3830.6000000000004
5246,3504.8
5247,3633.4000000000005
5248,3862.6000000000004
5249,12590.000000000002
5250,11368.4
5251,11396.0
5252,11479.0
5253,11622.6
5254,11340.800000000001
5255,11389.6
5256,12479.400000000001
5257,11769.6
5258,11651.800000000001
5259,12011.8
5260,12533.6
5261,12692.2
5262,12743.6
5263,12736.0
5264,13127.400000000001
5265,13024.2
5266,13211.400000000001
5267,13360.400000000001
5268,14062.600000000002
5269,13290.4
5270,13650.2
5271,12667.400000000001
5272,12364.2
5273,12143.0
5274,12070.4
5275,11752.8
5276,11715.4
5277,13411.2
5278,3220.2000000000003
5279,3387.8
5280,2969.8
5281,2665.8
5282,2804.6
5283,2615.6000000000004
5284,2965.8
5285,3028.2
5286,2916.0000000000005
5287,3660.8
5288,3557.0
5289,3048.0
5290,3611.6000000000004
5291,5258.0
5292,4146.400000000001
5293,4875.0
5294,3341.6
5295,3421.0
5296,4940.4
5297,5152.8
5298,6371.0
5299,5631.8
5300,6177.400000000001
5301,5170.8
5302,5737.6
5303,4789.6
5304,4730.6
5305,4387.6
5306,4458.200000000001
5307,3802.6000000000004
5308,3714.6
5309,2907.4
5310,3330.2
5311,3616.0
5312,3671.8
5313,4495.6
5314,4310.6
5315,4203.8
5316,3881.2
5317,5448.0
5318,5263.4
5319,5349.200000000001
5320,4426.200000000001
5321,4312.4
5322,4713.200000000001
5323,3726.6000000000004
5324,3241.6000000000004
5325,4120.200000000001
5326,3336.6000000000004
5327,2813.6000000000004
5328,3289.8
5329,2910.0
5330,3438.8
5331,2967.0
5332,3082.2
5333,2754.2
5334,2561.6000000000004
5335,2800.0
5336,2514.8
5337,2348.2
5338,2462.0
5339,2337.0000000000005
5340,2508.6
5341,2587.0000000000005
5342,2272.0
5343,2290.2
5344,2411.6000000000004
5345,2485.2
5346,2574.2
5347,3160.2
5348,3409.6000000000004
5349,3729.4000000000005
5350,2977.2
5351,2791.8
5352,2574.6000000000004
5353,2485.0
5354,2886.4
5355,3073.8
5356,3407.4
5357,4222.200000000001
5358,4174.0
5359,4253.0
5360,4218.6
5361,3604.2
5362,3535.4
5363,3625.0
5364,4089.8
5365,4215.6
5366,3649.2000000000003
5367,3440.8
5368,3417.0
5369,3671.6000000000004
5370,3382.4
5371,3839.4
5372,3519.8
5373,3290.4
5374,3126.4000000000005
5375,2921.2
5376,2803.4
5377,2580.4
5378,2754.8
5379,2828.0000000000005
5380,3104.0000000000005
5381,2860.0
5382,2925.0
5383,2856.4
5384,2667.8
5385,2603.2000000000003
5386,2553.7999999999997
5387,2429.6
5388,2695.2
5389,2753.0000000000005
5390,2698.2000000000003
5391,2860.4
5392,2765.6
5393,3030.6000000000004
5394,2859.8
5395,2580.0
5396,2725.4
5397,2650.0000000000005
5398,2502.0
5399,2713.8
5400,2749.8
5401,2526.0
5402,2510.4
5403,2872.0
5404,15393.600000000002
5405,13408.6
5406,12423.600000000002
5407,13216.600000000002
5408,13535.2
5409,14264.0
5410,14500.0
5411,14233.600000000002
5412,13991.800000000001
5413,13991.6
5414,13799.400000000001
5415,14070.2
5416,13989.2
5417,14271.2
5418,14791.600000000002
5419,14555.2
5420,15123.0
5421,15473.2
5422,15543.000000000002
5423,15090.4
5424,15218.400000000001
5425,15443.2
5426,15360.000000000002
5427,15667.2
5428,15390.2
5429,15052.2
5430,15016.2
5431,15872.800000000001
5432,16172.6
5433,11592.0
5434,11343.2
5435,10943.2
5436,10356.2
5437,11039.8
5438,10886.800000000001
5439,10287.400000000001
5440,10433.6
5441,9954.0
5442,10050.400000000001
5443,9479.800000000001
5444,9104.400000000001
5445,9538.400000000001
5446,9217.6
5447,9140.0
5448,9026.800000000001
5449,8667.0
5450,8949.400000000001
5451,8811.0
5452,8412.0
5453,9417.6
5454,11525.4
5455,10699.400000000001
5456,10497.4
5457,9903.4
5458,10075.0
5459,10391.4
5460,10516.800000000001
5461,10495.0
5462,10498.2
5463,10827.0
5464,10447.600000000002
5465,11404.2
5466,11162.4
5467,10642.4
5468,11631.0
5469,10681.400000000001
5470,10863.2
5471,10827.800000000001
5472,10720.4
5473,10495.800000000001
5474,10638.2
5475,10408.4
5476,10190.6
5477,9347.400000000001
5478,9078.400000000001
5479,9101.400000000001
5480,9424.0
5481,9961.000000000002
5482,9647.4
5483,9653.800000000001
5484,10232.800000000001
5485,11138.600000000002
5486,10568.400000000001
5487,9457.2
5488,8872.2
5489,8146.6
5490,7226.0
5491,7128.200000000001
5492,6986.2
5493,7055.200000000001
5494,7413.200000000001
5495,7419.400000000001
5496,7476.6
5497,7655.400000000001
5498,7069.400000000001
5499,6943.2
5500,6255.0
5501,6572.200000000001
5502,7578.800000000001
5503,7740.8
5504,7683.6
5505,7991.200000000001
5506,8894.6
5507,8582.800000000001
5508,9630.2
5509,10069.800000000001
5510,11098.2
5511,10609.400000000001
5512,10537.6
5513,10471.6
5514,11394.6
5515,10863.800000000001
5516,11386.2
5517,11455.600000000002
5518,11000.6
5519,10442.6
5520,10515.6
5521,11983.4
5522,11903.0
5523,13029.2
5524,12795.600000000002
5525,12524.2
5526,11615.000000000002
5527,11772.0
5528,12288.0
5529,12535.2
5530,12411.8
5531,13547.800000000001
5532,11960.4
5533,11938.400000000001
5534,12640.0
5535,12922.2
5536,11822.600000000002
5537,12760.0
5538,12893.400000000001
5539,13358.2
5540,14047.800000000001
5541,14516.6
5542,16259.600000000002
5543,16074.800000000001
5544,16061.4
5545,16230.8
5546,16315.000000000002
5547,16411.600000000002
5548,16488.0
5549,16586.600000000002
5550,16577.8
5551,16475.2
5552,16512.4
5553,16421.800000000003
5554,16610.4
5555,16910.8
5556,16892.0
5557,16750.4
5558,16492.600000000002
5559,16224.0
5560,16008.6
5561,15448.800000000001
5562,15511.800000000001
5563,15472.800000000001
5564,15322.2
5565,15468.800000000001
5566,15794.600000000002
5567,15171.800000000001
5568,15178.8
5569,15489.400000000001
5570,15784.400000000001
5571,9774.6
5572,9813.0
5573,8321.2
5574,7773.6
5575,7722.800000000001
5576,7616.2
5577,7330.8
5578,7517.800000000001
5579,7666.2
5580,7777.6
5581,7825.800000000001
5582,7410.8
5583,7304.800000000001
5584,7479.6
5585,7053.200000000001
5586,7260.0
5587,6903.4
5588,6920.0
5589,6532.200000000001
5590,6523.200000000001
5591,6261.6
5592,6257.0
5593,6370.2
5594,6472.800000000001
5595,6968.0
5596,6676.6
5597,6702.2
5598,6925.6
5599,6618.6
5600,6528.2
5601,6410.400000000001
5602,6217.6
5603,6379.2
5604,6351.6
5605,6824.800000000001
5606,7059.400000000001
5607,6929.000000000001
5608,7216.8
5609,7387.000000000001
5610,6335.0
5611,6765.200000000001
5612,7089.400000000001
5613,6775.800000000001
5614,6893.200000000001
5615,6992.8
5616,7008.800000000001
5617,6194.400000000001
5618,6368.0
5619,6347.2
5620,6370.400000000001
5621,6132.400000000001
5622,6380.6
5623,7117.200000000001
5624,7515.8
5625,9166.2
5626,9415.0
5627,9617.8
5628,9740.400000000001
5629,9885.400000000001
5630,11164.0
5631,11536.4
5632,10491.400000000001
5633,10446.6
5634,10134.2
5635,10841.0
5636,9668.2
5637,11089.800000000001
5638,11038.0
5639,10885.400000000001
5640,10649.800000000001
5641,10165.4
5642,10136.2
5643,14125.000000000002
5644,13422.0
5645,13514.400000000001
5646,13404.800000000001
5647,13279.4
5648,13512.800000000001
5649,13765.8
5650,14628.600000000002
5651,14561.2
5652,14204.800000000001
5653,14761.800000000001
5654,14873.0
5655,15842.000000000002
5656,15454.800000000001
5657,15626.800000000001
5658,15102.6
5659,15331.2
5660,15364.2
5661,16123.400000000001
5662,16652.2
5663,16438.600000000002
5664,15826.8
5665,15281.800000000001
5666,14790.8
5667,15048.8
5668,14502.000000000002
5669,14381.600000000002
5670,13978.0
5671,14980.2
5672,6384.8
5673,7157.8
5674,7481.200000000001
5675,7644.6
5676,6690.6
5677,6601.400000000001
5678,6799.0
5679,6649.6
5680,5451.400000000001
5681,5618.400000000001
5682,5010.6
5683,4474.8
5684,4465.6
5685,4114.0
5686,4125.200000000001
5687,4041.4
5688,4367.4
5689,4103.4
5690,3714.8
5691,3645.2000000000003
5692,3314.8
5693,3209.6000000000004
5694,3395.6000000000004
5695,3577.2000000000003
5696,3838.8
5697,3184.6000000000004
5698,3034.2000000000003
5699,2805.2000000000003
5700,2524.6000000000004
5701,2434.4
5702,2152.0
5703,2430.4
5704,2075.6
5705,2062.4
5706,1936.4
5707,2019.6
5708,2123.4
5709,2586.6000000000004
5710,2544.2
5711,2521.4000000000005
5712,3026.2
5713,3351.6000000000004
5714,3660.0
5715,3454.6000000000004
5716,3814.0
5717,4331.400000000001
5718,4623.8
5719,5041.8
5720,4895.200000000001
5721,4598.400000000001
5722,4585.6
5723,4762.8
5724,4916.200000000001
5725,5434.200000000001
5726,5477.8
5727,5142.2
5728,5551.0
5729,6070.0
5730,5556.8
5731,6411.6
5732,6442.4
5733,6394.4
5734,6792.4
5735,13902.400000000001
5736,13026.6
5737,13158.800000000001
5738,12994.400000000001
5739,13835.2
5740,13510.800000000001
5741,13588.000000000002
5742,13417.6
5743,13137.6
5744,13479.400000000001
5745,13333.000000000002
5746,13392.0
5747,14166.400000000001
5748,15050.800000000001
5749,14871.400000000001
5750,14176.000000000002
5751,13134.6
5752,12941.800000000001
5753,11916.000000000002
5754,12553.800000000001
5755,12356.800000000001
5756,12729.2
5757,12804.800000000001
5758,13051.0
5759,11996.0
5760,12050.800000000001
5761,11678.000000000002
5762,12523.2
5763,13719.8
5764,3577.2000000000003
5765,3364.0
5766,3678.2000000000003
5767,2849.4
5768,2646.8
5769,2408.8
5770,2596.0
5771,2512.4
5772,2515.6000000000004
5773,2659.0000000000005
5774,2827.0
5775,2469.8
5776,2430.8
5777,2328.6000000000004
5778,2702.0
5779,2740.4
5780,2988.8
5781,3047.2
5782,2861.0
5783,2626.6
5784,2490.0
5785,2365.0
5786,2308.8
5787,2245.0
5788,2304.0
5789,2257.6000000000004
5790,2304.8
5791,2448.0
5792,2697.0
5793,2803.8
5794,2775.0
5795,2710.2
5796,3250.6000000000004
5797,3016.0
5798,2823.6000000000004
5799,2544.6000000000004
5800,2566.0
5801,2781.0
5802,2769.6000000000004
5803,3261.0
5804,3585.2000000000003
5805,3967.8
5806,3845.0
5807,4176.4
5808,3813.0
5809,3804.2000000000003
5810,3907.0
5811,3541.2000000000003
5812,3440.6000000000004
5813,4164.4
5814,4322.4
5815,4078.2
5816,3498.6000000000004
5817,3550.6000000000004
5818,3880.8
5819,4632.200000000001
5820,4742.6
5821,2632.0
5822,2716.8
5823,2559.6
5824,2495.4
5825,2565.2000000000003
5826,2719.2
5827,2709.0
5828,2655.4
5829,3088.6000000000004
5830,3053.0
5831,3106.0
5832,2544.0
5833,2358.8
5834,2241.2000000000003
5835,2549.0
5836,2630.6000000000004
5837,3302.8
5838,3298.8
5839,3076.8
5840,2673.0
5841,2980.6000000000004
5842,3382.6000000000004
5843,3497.0
5844,2864.8
5845,2612.4
5846,2169.0
5847,2127.4
5848,2275.6
5849,2266.2000000000003
5850,2213.6
5851,2064.0
5852,2073.0
5853,2123.4
5854,2471.0
5855,2281.4
5856,2363.0
5857,2395.6000000000004
5858,2343.6000000000004
5859,1974.2000000000003
5860,1772.2
5861,1853.6000000000001
5862,2225.0
5863,2140.6
5864,2527.6
5865,2347.6000000000004
5866,2435.2000000000003
5867,2214.6000000000004
5868,2317.2000000000003
5869,2509.0
5870,2536.6000000000004
5871,2008.6000000000001
5872,2251.2
5873,2159.4
5874,2114.4
5875,1932.0
5876,2388.6000000000004
5877,2639.4
5878,2280.4
5879,3106.8
5880,3172.8
5881,2812.4
5882,3011.0
5883,2081.2
5884,2020.4
5885,2006.6000000000001
5886,2146.8
5887,1997.4
5888,1939.8
5889,1977.4
5890,2183.4
5891,2194.2000000000003
5892,2202.0
5893,2099.8
5894,2073.2000000000003
5895,2023.0000000000002
5896,2103.8
5897,2115.4
5898,2490.8
5899,14566.400000000001
5900,15322.6
5901,14987.0
5902,15289.4
5903,15229.600000000002
5904,15314.6
5905,15262.800000000001
5906,15756.6
5907,16066.2
5908,16355.000000000002
5909,16158.600000000002
5910,16301.000000000002
5911,16393.4
5912,16523.6
5913,16608.600000000002
5914,16532.6
5915,16825.2
5916,16829.8
5917,16748.4
5918,16462.8
5919,16291.600000000002
5920,16046.000000000002
5921,16000.6
5922,15893.000000000002
5923,15968.6
5924,15869.600000000002
5925,16029.600000000002
5926,15741.400000000001
5927,16326.800000000001
5928,12382.800000000001
5929,11966.000000000002
5930,11459.8
5931,9965.2
5932,9967.0
5933,9647.800000000001
5934,10540.2
5935,9958.0
5936,9253.8
5937,9673.2
5938,9734.400000000001
5939,9466.0
5940,9401.6
5941,9413.2
5942,10336.800000000001
5943,10194.4
5944,10697.8
5945,10794.0
5946,11176.4
5947,11647.600000000002
5948,11308.2
5949,11226.400000000001
5950,12291.2
5951,11236.800000000001
5952,9870.0
5953,11362.2
5954,12034.800000000001
5955,11759.2
5956,11952.2
5957,11396.6
5958,11440.0
5959,11266.4
5960,10836.400000000001
5961,10871.6
5962,10768.400000000001
5963,10871.0
5964,11282.800000000001
5965,11779.800000000001
5966,11693.0
5967,12199.800000000001
5968,12009.2
5969,11470.800000000001
5970,11445.6
5971,11684.2
5972,11287.000000000002
5973,11074.6
5974,10063.2
5975,9142.8
5976,8312.400000000001
5977,7675.000000000001
5978,7616.2
5979,9299.0
5980,8569.2
5981,8272.800000000001
5982,8903.6
5983,9338.2
5984,9044.8
5985,9751.6
5986,10325.000000000002
5987,11050.8
5988,11079.6
5989,11287.2
5990,10649.0
5991,10812.2
5992,8693.400000000001
5993,8900.800000000001
5994,8176.400000000001
5995,7598.400000000001
5996,8679.000000000002
5997,8485.2
5998,7505.6
5999,7700.8
6000,8721.2
6001,8685.8
6002,8711.8
6003,9697.6
6004,10125.400000000001
6005,9999.6
6006,10858.0
6007,11525.0
6008,11311.0
6009,10121.0
6010,8906.6
6011,10465.4
6012,9803.6
6013,8477.6
6014,8883.4
6015,9475.6
6016,9560.2
6017,8538.8
6018,8296.0
6019,8728.4
6020,9144.0
6021,9662.0
6022,9418.4
6023,10482.800000000001
6024,11054.000000000002
6025,11849.6
6026,12593.0
6027,12511.400000000001
6028,11764.0
6029,15008.0
6030,14506.6
6031,14521.6
6032,13991.6
6033,14495.400000000001
6034,14072.800000000001
6035,14061.400000000001
6036,13984.4
6037,13857.000000000002
6038,14122.400000000001
6039,14179.600000000002
6040,15080.0
6041,14815.000000000002
6042,14881.2
6043,15006.400000000001
6044,14846.400000000001
6045,14373.000000000002
6046,13817.2
6047,14199.6
6048,14066.800000000001
6049,13504.000000000002
6050,13242.600000000002
6051,13367.2
6052,13427.000000000002
6053,12985.000000000002
6054,12803.6
6055,12731.2
6056,13640.2
6057,14812.6
6058,7817.200000000001
6059,7461.0
6060,7401.200000000001
6061,6916.200000000001
6062,6179.6
6063,6089.4
6064,6096.200000000001
6065,5852.6
6066,5596.8
6067,5699.200000000001
6068,5657.200000000001
6069,5759.6
6070,4814.6
6071,5062.6
6072,5285.6
6073,5026.6
6074,5355.200000000001
6075,5059.8
6076,4816.0
6077,5239.8
6078,5384.0
6079,5373.6
6080,4974.8
6081,5163.0
6082,5123.400000000001
6083,4794.6
6084,4867.4
6085,4363.8
6086,4199.8
6087,4005.4
6088,3801.2000000000003
6089,3633.4000000000005
6090,3535.2000000000003
6091,3381.6000000000004
6092,4654.0
6093,4796.6
6094,5264.4
6095,6333.0
6096,5894.2
6097,6003.000000000001
6098,7361.8
6099,7632.2
6100,8019.000000000001
6101,10156.4
6102,10603.4
6103,9970.0
6104,10362.6
6105,10463.800000000001
6106,10533.800000000001
6107,10058.4
6108,10411.400000000001
6109,10535.800000000001
6110,10684.6
6111,10722.600000000002
6112,10903.000000000002
6113,10887.2
6114,10934.6
6115,10412.6
6116,10300.6
6117,9748.8
6118,9497.2
6119,9038.800000000001
6120,8572.6
6121,7261.8
6122,6747.400000000001
6123,6388.400000000001
6124,6726.400000000001
6125,7738.0
6126,8133.400000000001
6127,8380.800000000001
6128,8209.800000000001
6129,7255.2
6130,6374.400000000001
6131,6707.400000000001
6132,6353.400000000001
6133,11280.2
6134,10409.800000000001
6135,10814.800000000001
6136,11712.4
6137,12343.800000000001
6138,12958.6
6139,13423.2
6140,13266.2
6141,12177.800000000001
6142,12812.800000000001
6143,12937.4
6144,13031.800000000001
6145,13157.4
6146,12985.2
6147,12791.2
6148,12671.400000000001
6149,12925.800000000001
6150,13159.400000000001
6151,12721.600000000002
6152,12749.600000000002
6153,12952.800000000001
6154,13847.4
6155,13094.4
6156,12857.8
6157,12874.6
6158,12961.0
6159,12875.400000000001
6160,13447.8
6161,14026.4
6162,6019.0
6163,5524.200000000001
6164,6025.2
6165,5760.0
6166,5595.2
6167,5522.8
6168,5184.2
6169,4905.8
6170,3958.4000000000005
6171,3790.8
6172,3372.0
6173,3151.6000000000004
6174,3290.6000000000004
6175,2397.6000000000004
6176,2823.0
6177,2596.6000000000004
6178,2860.4
6179,2941.6
6180,2202.6
6181,2347.4
6182,2695.8
6183,2114.4
6184,2255.6
6185,3566.2000000000003
6186,2930.4000000000005
6187,3503.6000000000004
6188,3101.0
6189,3067.2
6190,2269.6000000000004
6191,2251.8
6192,1294.4
6193,2278.6
6194,2599.6
6195,2798.0
6196,3183.2
6197,2766.4
6198,3398.2000000000003
6199,3267.0000000000005
6200,3701.0
6201,3330.0
6202,2502.6000000000004
6203,2480.4
6204,2673.8
6205,2621.0
6206,3117.6000000000004
6207,4373.200000000001
6208,4875.4
6209,4601.8
6210,4211.8
6211,5284.0
6212,5338.0
6213,5588.8
6214,6528.2
6215,6073.400000000001
6216,6888.8
6217,7424.400000000001
6218,7857.0
6219,8787.6
6220,8137.4
6221,10290.4
6222,10445.8
6223,10932.000000000002
6224,11208.400000000001
6225,11902.8
6226,11987.6
6227,11059.2
6228,14463.600000000002
6229,14006.800000000001
6230,13959.000000000002
6231,13706.2
6232,13857.4
6233,13900.400000000001
6234,13774.800000000001
6235,13742.400000000001
6236,13646.600000000002
6237,12999.400000000001
6238,12862.2
6239,13071.2
6240,13029.800000000001
6241,13223.4
6242,12617.000000000002
6243,12175.2
6244,11856.2
6245,11327.2
6246,10898.4
6247,10576.4
6248,10607.0
6249,10865.4
6250,10922.4
6251,11230.6
6252,11247.800000000001
6253,9724.0
6254,9699.000000000002
6255,10760.2
6256,11872.2
6257,1355.6000000000001
6258,1290.8000000000002
6259,1078.0
6260,1000.2
6261,952.2
6262,973.6
6263,917.6000000000001
6264,926.8000000000001
6265,1069.2
6266,1106.6000000000001
6267,1172.4
6268,1658.6
6269,1456.6
6270,967.2
6271,989.2
6272,1018.8
6273,1063.0
6274,1283.6
6275,1088.0
6276,1071.4
6277,1035.0
6278,1199.8000000000002
6279,1107.6000000000001
6280,858.4000000000001
6281,819.4000000000001
6282,808.6000000000001
6283,1433.8000000000002
6284,1349.4
6285,1731.0
6286,1993.0
6287,2412.8
6288,1607.8000000000002
6289,1081.4
6290,1418.0
6291,1585.0
6292,1386.6
6293,1157.6000000000001
6294,982.2
6295,1049.2
6296,1089.6000000000001
6297,1282.6
6298,1359.8000000000002
6299,1073.4
6300,1093.0
6301,905.6000000000001
6302,870.6000000000001
6303,860.4
6304,835.6
6305,840.4000000000001
6306,833.8000000000001
6307,840.2
6308,835.0
6309,865.0
6310,839.0
6311,821.8000000000001
6312,931.6000000000001
6313,1113.4
6314,1349.0
6315,1365.2
6316,1164.8000000000002
6317,1567.2000000000003
6318,1668.6
6319,1330.0
6320,1530.4
6321,1750.0
6322,2226.6000000000004
6323,2657.0
6324,2479.8
6325,3016.8
6326,2684.8
6327,2617.0
6328,3027.2
6329,2583.6000000000004
6330,3202.2000000000003
6331,2952.4
6332,2791.0
6333,2799.8
6334,2657.4
6335,2963.4
6336,3469.0
6337,3361.8
6338,3239.6000000000004
6339,2562.4
6340,2708.8
6341,2933.0
6342,2273.0
6343,2394.8
6344,2754.4
6345,2274.2
6346,1716.4
6347,1580.2000000000003
6348,1464.8000000000002
6349,1318.8000000000002
6350,1083.8000000000002
6351,1080.6
6352,1034.0
6353,1097.0
6354,1152.4
6355,1076.4
6356,1188.8000000000002
6357,1382.2
6358,1334.6
6359,1256.2
6360,1218.2
6361,1188.8000000000002
6362,1565.8000000000002
6363,1698.4
6364,1575.2
6365,1605.4
6366,1293.2
6367,1294.8000000000002
6368,1538.2
6369,1362.4
6370,2425.4
6371,1881.6000000000001
6372,12886.400000000001
6373,12043.6
6374,11916.0
6375,11646.2
6376,12085.4
6377,12781.8
6378,13686.800000000001
6379,13740.400000000001
6380,13712.400000000001
6381,13354.6
6382,13447.800000000001
6383,13857.400000000001
6384,14715.6
6385,15273.6
6386,15300.400000000001
6387,14979.2
6388,14582.000000000002
6389,14306.0
6390,13678.2
6391,13554.2
6392,13596.800000000001
6393,13516.000000000002
6394,13679.2
6395,13607.6
6396,14119.2
6397,14257.000000000002
6398,14492.6
6399,14843.2
6400,15195.400000000001
6401,9187.400000000001
6402,8971.800000000001
6403,9168.6
6404,9685.6
6405,8899.400000000001
6406,10150.600000000002
6407,9207.2
6408,10394.800000000001
6409,9774.6
6410,10817.199999999999
6411,9866.6
6412,9619.0
6413,9667.6
6414,9494.2
6415,10561.199999999999
6416,10136.199999999999
6417,9649.6
6418,9115.6
6419,9233.4
6420,8464.800000000001
6421,9118.2
6422,8978.0
6423,9010.0
6424,8479.6
6425,8617.800000000001
6426,7298.400000000001
6427,7367.6
6428,6885.0
6429,7590.0
6430,6518.6
6431,6022.2
6432,6112.0
6433,6183.2
6434,6534.000000000001
6435,7361.8
6436,7352.200000000001
6437,9267.6
6438,9356.4
6439,10731.400000000001
6440,10614.400000000001
6441,10097.6
6442,9745.2
6443,9163.4
6444,7409.4
6445,7846.400000000001
6446,8339.4
6447,7588.800000000001
6448,6020.6
6449,6740.400000000001
6450,5687.6
6451,5492.400000000001
6452,5517.6
6453,6030.8
6454,5933.8
6455,6095.0
6456,6141.000000000001
6457,6626.6
6458,5936.400000000001
6459,5976.000000000001
6460,7130.0
6461,7311.0
6462,7032.200000000001
6463,7212.200000000001
6464,7620.0
6465,7537.8
6466,7678.2
6467,8118.400000000001
6468,7890.4
6469,8028.400000000001
6470,8647.800000000001
6471,8231.800000000001
6472,9040.2
6473,8991.2
6474,8912.000000000002
6475,9216.8
6476,8789.8
6477,8104.400000000001
6478,7592.400000000001
6479,6983.000000000001
6480,6941.200000000001
6481,6685.200000000001
6482,7439.200000000001
6483,6957.0
6484,7168.400000000001
6485,7951.000000000001
6486,6822.6
6487,6538.400000000001
6488,5426.200000000001
6489,5375.200000000001
6490,5990.400000000001
6491,5632.200000000001
6492,5756.6
6493,6514.6
6494,6338.6
6495,6846.8
6496,6749.8
6497,7126.200000000001
6498,6943.400000000001
6499,7241.0
6500,8075.6
6501,8340.800000000001
6502,8391.800000000001
6503,8465.4
6504,9436.800000000001
6505,9796.4
6506,9199.8
6507,8334.400000000001
6508,7889.0
6509,7666.6
6510,8405.8
6511,9730.800000000001
6512,11098.6
6513,14587.0
6514,13999.400000000001
6515,13347.2
6516,13775.8
6517,13557.000000000002
6518,13400.4
6519,13362.2
6520,13924.4
6521,14239.0
6522,13800.2
6523,14497.2
6524,14396.600000000002
6525,14931.6
6526,15403.800000000001
6527,15381.400000000001
6528,15152.2
6529,14806.4
6530,14533.000000000002
6531,14271.000000000002
6532,14190.2
6533,13553.6
6534,13483.2
6535,13725.2
6536,13601.2
6537,13011.6
6538,12857.4
6539,14041.4
6540,14466.6
6541,14649.6
6542,6208.8
6543,6122.2
6544,5676.0
6545,5485.2
6546,5644.6
6547,5365.4
6548,4696.8
6549,4702.4
6550,5103.0
6551,5584.800000000001
6552,5016.8
6553,5043.400000000001
6554,4818.400000000001
6555,4784.400000000001
6556,4635.6
6557,4788.0
6558,4817.8
6559,4986.6
6560,4519.400000000001
6561,4507.0
6562,4805.400000000001
6563,5061.8
6564,5557.6
6565,4779.8
6566,4947.8
6567,4929.6
6568,4341.200000000001
6569,4611.599999999999
6570,5353.000000000001
6571,5799.2
6572,5753.0
6573,5135.200000000001
6574,4730.400000000001
6575,4243.6
6576,4185.2
6577,3923.0
6578,4107.400000000001
6579,4682.8
6580,4206.4
6581,4212.4
6582,4727.599999999999
6583,4588.4
6584,4818.400000000001
6585,4333.400000000001
6586,4425.599999999999
6587,4358.0
6588,4304.400000000001
6589,4328.8
6590,4468.0
6591,4638.400000000001
6592,5305.800000000001
6593,5133.6
6594,5121.6
6595,5259.0
6596,5168.200000000001
6597,5143.6
6598,5159.2
6599,5414.2
6600,5419.0
6601,5784.0
6602,5853.400000000001
6603,5562.4
6604,5804.400000000001
6605,5609.000000000001
6606,5663.8
6607,5993.2
6608,6479.000000000001
6609,6468.200000000001
6610,11139.6
6611,10114.199999999999
6612,10695.000000000002
6613,10245.8
6614,9897.800000000001
6615,10035.400000000001
6616,10958.4
6617,12059.6
6618,12068.6
6619,11593.6
6620,10898.6
6621,10783.0
6622,11558.800000000001
6623,11880.000000000002
6624,10871.400000000001
6625,11330.000000000002
6626,11700.400000000001
6627,12070.600000000002
6628,11841.800000000001
6629,12202.800000000001
6630,12957.6
6631,12023.2
6632,11610.6
6633,11664.0
6634,11397.800000000001
6635,11228.2
6636,12047.800000000001
6637,12066.400000000001
6638,11791.0
6639,4425.200000000001
6640,4133.6
6641,4152.0
6642,3751.8
6643,3410.6
6644,4074.2000000000003
6645,4219.6
6646,4078.4
6647,4458.0
6648,4507.8
6649,4479.6
6650,3791.6000000000004
6651,3354.2000000000003
6652,3467.4000000000005
6653,3678.0
6654,2639.2000000000003
6655,2911.4
6656,2746.6
6657,2648.6000000000004
6658,2600.4
6659,2560.6000000000004
6660,1946.0000000000002
6661,1939.0
6662,1626.6000000000001
6663,1325.8000000000002
6664,1088.0
6665,1077.0
6666,1124.4
6667,1297.8000000000002
6668,1012.2
6669,1018.2
6670,940.2
6671,1042.4
6672,1114.4
6673,1127.8000000000002
6674,1345.6000000000001
6675,1183.4
6676,1242.8000000000002
6677,1000.2
6678,829.8000000000001
6679,1061.8000000000002
6680,1841.8000000000002
6681,1900.4
6682,1613.6000000000001
6683,1777.4
6684,1859.2
6685,1541.8000000000002
6686,1168.6
6687,1551.2000000000003
6688,1659.0000000000002
6689,1958.8000000000002
6690,1765.6000000000001
6691,1366.2
6692,1784.2000000000003
6693,1199.2
6694,1212.6000000000001
6695,1586.0000000000002
6696,1187.0
6697,1387.8
6698,1579.8000000000002
6699,2633.6
6700,2270.4
6701,2407.6000000000004
6702,2441.0
6703,2571.0
6704,2400.8
6705,2417.0
6706,2789.4
6707,3153.8
6708,3823.2000000000003
6709,4715.6
6710,4735.2
6711,4429.6
6712,4703.6
6713,4999.6
6714,4712.0
6715,5038.200000000001
6716,12167.6
6717,11305.4
6718,11021.800000000001
6719,10903.400000000001
6720,11116.400000000001
6721,11207.4
6722,11602.2
6723,11207.0
6724,12123.8
6725,11852.800000000001
6726,12277.0
6727,12469.800000000001
6728,12367.2
6729,12237.800000000001
6730,11079.0
6731,10140.6
6732,9479.6
6733,9038.400000000001
6734,8436.400000000001
6735,8332.0
6736,9040.0
6737,9316.6
6738,9601.6
6739,9596.0
6740,10548.6
6741,10734.400000000001
6742,10939.000000000002
6743,11634.400000000001
6744,13686.400000000001
6745,1367.0
6746,1722.4
6747,1255.2
6748,1317.0
6749,1210.4
6750,1168.8000000000002
6751,853.0
6752,794.2
6753,882.6
6754,782.2
6755,845.2
6756,833.6000000000001
6757,799.6
6758,781.4000000000001
6759,790.8000000000001
6760,952.0
6761,1364.4
6762,1286.6
6763,1367.8000000000002
6764,1482.6000000000001
6765,1894.6000000000001
6766,1597.0
6767,1092.0
6768,984.6
6769,829.4
6770,949.8000000000001
6771,906.2
6772,930.4000000000001
6773,884.2
6774,1126.4
6775,1306.2
6776,1507.6000000000001
6777,942.8
6778,819.4000000000001
6779,835.0
6780,784.6000000000001
6781,791.2
6782,824.4
6783,754.4
6784,755.0000000000001
6785,737.2
6786,742.6
6787,728.4000000000001
6788,725.6
6789,770.0
6790,900.0000000000001
6791,928.8000000000001
6792,799.8
6793,799.2
6794,747.2
6795,747.2
6796,756.8000000000001
6797,740.6
6798,790.2
6799,818.2
6800,837.2
6801,1208.0
6802,1461.4
6803,1405.0
6804,2961.6
6805,5901.8
6806,6586.6
6807,6138.200000000001
6808,5305.2
6809,5064.400000000001
6810,6078.200000000001
6811,5596.8
6812,5905.400000000001
6813,5050.000000000001
6814,5082.2
6815,5259.400000000001
6816,5136.8
6817,4748.0
6818,3460.4
6819,2395.8
6820,2058.6
6821,2082.8
6822,2412.0
6823,2616.2
6824,2463.0
6825,2729.6000000000004
6826,3022.6000000000004
6827,3057.2000000000003
6828,1732.0
6829,1599.8000000000002
6830,1617.0
6831,1460.4
6832,1418.2
6833,1367.8000000000002
6834,1151.8
6835,986.8000000000001
6836,1016.8000000000001
6837,1035.2
6838,1039.2
6839,1106.8000000000002
6840,1446.6
6841,1295.8000000000002
6842,1321.2
6843,1443.0
6844,1151.0
6845,2509.4
6846,2288.2
6847,2266.4
6848,1871.2
6849,1701.4
6850,2116.8
6851,2115.4
6852,2323.2
6853,1967.4
6854,1996.6000000000001
6855,2020.6
6856,13873.800000000001
6857,13690.400000000001
6858,13643.400000000001
6859,12879.800000000001
6860,12193.0
6861,12330.000000000002
6862,12446.0
6863,12411.2
6864,11885.6
6865,12125.6
6866,12140.600000000002
6867,12716.6
6868,13425.800000000001
6869,14080.600000000002
6870,14806.600000000002
6871,14904.6
6872,14713.2
6873,14222.800000000001
6874,14317.2
6875,13656.4
6876,13735.2
6877,13645.000000000002
6878,13597.2
6879,13375.0
6880,13770.6
6881,13481.4
6882,13578.800000000001
6883,13631.400000000001
6884,14531.400000000001
6885,7042.6
6886,6764.6
6887,6766.0
6888,6998.800000000001
6889,6889.0
6890,6490.400000000001
6891,5875.6
6892,5821.0
6893,5709.8
6894,5577.8
6895,5836.6
6896,5926.400000000001
6897,5831.000000000001
6898,6260.800000000001
6899,6025.400000000001
6900,6004.0
6901,5869.800000000001
6902,5616.8
6903,7072.8
6904,7193.6
6905,8233.800000000001
6906,10277.0
6907,9620.2
6908,8701.800000000001
6909,8689.8
6910,9428.199999999999
6911,9838.199999999999
6912,8905.2
6913,9692.800000000001
6914,9782.2
6915,9351.6
6916,10121.0
6917,10014.2
6918,10951.0
6919,10781.6
6920,10375.000000000002
6921,9958.2
6922,8984.400000000001
6923,7451.6
6924,8759.4
6925,9115.4
6926,9717.800000000001
6927,8913.400000000001
6928,7939.800000000001
6929,7667.200000000001
6930,7303.8
6931,7701.6
6932,8844.800000000001
6933,9460.800000000001
6934,7976.8
6935,8059.6
6936,7435.6
6937,8119.400000000001
6938,8522.000000000002
6939,8245.0
6940,7895.0
6941,7374.2
6942,7633.0
6943,7865.800000000001
6944,7792.400000000001
6945,8712.0
6946,9479.0
6947,8253.6
6948,8630.0
6949,9271.0
6950,8005.6
6951,8191.000000000001
6952,8247.2
6953,8508.4
6954,8240.2
6955,8336.8
6956,8106.0
6957,7965.400000000001
6958,8629.4
6959,8692.8
6960,7943.200000000001
6961,7552.8
6962,8802.400000000001
6963,8941.400000000001
6964,8906.800000000001
6965,9789.6
6966,8143.0
6967,7530.2
6968,7490.000000000001
6969,7950.200000000001
6970,7338.4
6971,7005.0
6972,7208.8
6973,6958.000000000001
6974,7606.200000000001
6975,8395.6
6976,7939.8
6977,7639.400000000001
6978,7179.8
6979,6774.4
6980,6419.6
6981,6484.000000000001
6982,6566.8
6983,6644.000000000001
6984,6229.0
6985,6403.2
6986,7021.800000000001
6987,7203.400000000001
6988,7393.6
6989,7423.6
6990,7742.200000000001
6991,7926.800000000001
6992,8238.800000000001
6993,8421.6
6994,9600.2
6995,10702.0
6996,9860.0
6997,14801.6
6998,14298.2
6999,14006.800000000001
7000,14199.2
7001,14174.800000000001
7002,14481.6
7003,14358.600000000002
7004,14545.6
7005,14779.0
7006,14661.0
7007,14601.800000000001
7008,14285.400000000001
7009,14644.600000000002
7010,15143.4
7011,15400.6
7012,15188.2
7013,14834.0
7014,15162.600000000002
7015,15251.600000000002
7016,15080.000000000002
7017,15112.600000000002
7018,15239.6
7019,15007.400000000001
7020,15111.2
7021,15007.0
7022,14729.400000000001
7023,14513.0
7024,14311.4
7025,14873.800000000001
7026,6332.200000000001
7027,6315.400000000001
7028,6333.6
7029,6170.0
7030,6653.400000000001
7031,6498.200000000001
7032,6757.200000000001
7033,6960.6
7034,6407.6
7035,6257.400000000001
7036,6389.8
7037,6219.800000000001
7038,6317.400000000001
7039,5900.2
7040,5834.200000000001
7041,5792.0
7042,5123.400000000001
7043,4425.4
7044,4170.6
7045,4278.400000000001
7046,3826.4
7047,3998.2000000000003
7048,3610.0000000000005
7049,3606.8
7050,3535.0
7051,3420.2000000000003
7052,3474.4
7053,3440.8
7054,3554.0
7055,3959.2000000000003
7056,4117.8
7057,4241.0
7058,4390.8
7059,4137.8
7060,4422.2
7061,4323.8
7062,4354.200000000001
7063,4402.4
7064,4191.6
7065,4036.6000000000004
7066,4236.6
7067,4388.8
7068,4162.2
7069,4390.0
7070,4303.6
7071,4445.2
7072,4603.4
7073,4888.8
7074,4692.4
7075,5083.400000000001
7076,4723.4
7077,5094.4
7078,6988.400000000001
7079,7351.200000000001
7080,5698.6
7081,6057.8
7082,5636.400000000001
7083,5711.200000000001
7084,6032.4
7085,6174.800000000001
7086,6243.8
7087,5649.400000000001
7088,5791.400000000001
7089,5668.6
7090,5685.200000000001
7091,5257.8
7092,5492.0
7093,5509.4
7094,5408.0
7095,5503.8
7096,5808.6
7097,5910.8
7098,12054.400000000001
7099,10569.400000000001
7100,10842.2
7101,11021.0
7102,11159.800000000001
7103,11514.2
7104,12156.0
7105,12736.0
7106,12112.2
7107,11472.2
7108,10914.800000000001
7109,11024.800000000001
7110,11301.0
7111,12350.0
7112,12108.800000000001
7113,12359.600000000002
7114,12292.6
7115,12443.8
7116,12856.0
7117,13939.6
7118,14709.400000000001
7119,15048.8
7120,14892.4
7121,14644.2
7122,14443.400000000001
7123,14575.800000000001
7124,13946.400000000001
7125,13594.4
7126,13748.6
7127,6087.4
7128,5798.6
7129,4635.8
7130,4190.400000000001
7131,4084.2000000000003
7132,4269.6
7133,4349.6
7134,4367.6
7135,3821.6000000000004
7136,3662.8
7137,3531.6000000000004
7138,3076.0
7139,2890.6000000000004
7140,3506.4000000000005
7141,3412.6000000000004
7142,3045.8
7143,3365.2000000000003
7144,3039.6000000000004
7145,2770.0
7146,2486.4
7147,3348.6000000000004
7148,3584.2000000000003
7149,3966.8
7150,3855.0
7151,4338.0
7152,4927.6
7153,4776.6
7154,5190.0
7155,6124.8
7156,5971.0
7157,5651.000000000001
7158,5005.2
7159,5715.200000000001
7160,6607.200000000001
7161,6391.000000000001
7162,6041.000000000001
7163,6482.8
7164,7834.6
7165,6291.6
7166,5840.4
7167,5944.400000000001
7168,7376.4
7169,6212.800000000001
7170,5561.6
7171,5310.8
7172,5872.8
7173,5218.4
7174,4930.4
7175,4728.6
7176,3892.0000000000005
7177,4247.6
7178,4221.400000000001
7179,4883.8
7180,4842.0
7181,4976.4
7182,4363.4
7183,2997.2000000000003
7184,3710.6000000000004
7185,3961.6000000000004
7186,3764.6000000000004
7187,2787.4
7188,3123.2000000000003
7189,3144.4
7190,3897.8
7191,3986.8
7192,4055.6000000000004
7193,4069.8
7194,4165.6
7195,3951.0000000000005
7196,4186.6
7197,4853.0
7198,4408.400000000001
7199,3614.8
7200,3894.0
7201,4646.0
7202,4374.400000000001
7203,4333.200000000001
7204,4092.6000000000004
7205,2916.2000000000003
7206,3701.4
7207,4138.0
7208,3923.4
7209,13528.800000000001
7210,12240.8
7211,11449.2
7212,11031.6
7213,12622.0
7214,12455.0
7215,12295.6
7216,12246.000000000002
7217,12703.2
7218,13094.4
7219,11849.0
7220,11719.2
7221,11675.4
7222,10937.800000000001
7223,10650.2
7224,10245.800000000001
7225,9894.6
7226,10324.0
7227,10316.0
7228,10789.6
7229,11550.000000000002
7230,11824.4
7231,12007.800000000001
7232,12006.0
7233,12126.000000000002
7234,12387.800000000001
7235,12364.0
7236,13010.000000000002
7237,14014.6
7238,3908.4000000000005
7239,3914.6000000000004
7240,3710.0
7241,3570.0000000000005
7242,3530.6000000000004
7243,3597.0000000000005
7244,2955.6000000000004
7245,2469.0
7246,1966.2
7247,2941.8
7248,1854.2
7249,1691.6
7250,2324.4
7251,1831.4
7252,1005.0000000000001
7253,1060.8
7254,1120.6000000000001
7255,1273.4
7256,1124.4
7257,1494.6
7258,1116.8000000000002
7259,1031.4
7260,973.2
7261,977.6
7262,997.0000000000001
7263,939.8
7264,949.0000000000001
7265,940.0
7266,959.8
7267,1213.4
7268,2060.0
7269,2185.4
7270,2494.0
7271,3289.2
7272,3878.0
7273,3705.8
7274,3564.2
7275,2262.6000000000004
7276,2281.0
7277,2399.6000000000004
7278,2914.6000000000004
7279,2921.6000000000004
7280,2967.4
7281,3792.0
7282,4146.4
7283,3820.4000000000005
7284,3704.4
7285,4476.8
7286,4379.200000000001
7287,4449.0
7288,4207.4
7289,2358.4
7290,2418.4
7291,1580.6
7292,1292.4
7293,1255.4
7294,1339.6000000000001
7295,1362.6000000000001
7296,1310.2
7297,1297.0000000000002
7298,1382.8000000000002
7299,1275.2
7300,1345.6000000000001
7301,1494.2
7302,1604.4
7303,1634.4
7304,1749.0000000000002
7305,2488.0
7306,2437.4
7307,3162.6000000000004
7308,3059.6000000000004
7309,3347.4
7310,4062.8
7311,5025.4
7312,4928.200000000001
7313,5980.400000000001
7314,6572.6
7315,7927.4
7316,9944.2
7317,10369.6
7318,10147.8
7319,10259.8
7320,11176.6
7321,8594.400000000001
7322,9235.6
7323,8889.2
7324,7336.400000000001
7325,7771.400000000001
7326,8158.8
7327,8080.400000000001
7328,8297.0
7329,8786.4
7330,8998.0
7331,9209.6
7332,9072.4
7333,9117.800000000001
7334,8991.2
7335,6961.800000000001
7336,8187.200000000001
7337,7520.6
7338,5991.6
7339,6182.8
7340,5994.0
7341,4301.8
7342,4799.0
7343,3889.2000000000007
7344,4526.0
7345,5761.000000000001
7346,5084.0
7347,3110.0
7348,14243.2
7349,13610.2
7350,14022.0
7351,13988.000000000002
7352,13951.0
7353,14099.400000000001
7354,14084.8
7355,13983.4
7356,13963.600000000002
7357,14341.2
7358,13971.600000000002
7359,14166.6
7360,13878.400000000001
7361,14915.800000000001
7362,15621.400000000001
7363,15335.6
7364,14944.2
7365,14362.800000000001
7366,13874.400000000001
7367,14126.000000000002
7368,14350.400000000001
7369,14680.000000000002
7370,14564.8
7371,14737.400000000001
7372,14219.000000000002
7373,14409.800000000001
7374,15445.2
7375,14921.0
7376,15755.6
7377,8573.0
7378,8840.6
7379,8276.0
7380,8539.0
7381,7874.800000000001
7382,8617.6
7383,8480.0
7384,8219.400000000001
7385,9536.6
7386,10819.6
7387,9444.2
7388,10505.2
7389,10864.800000000001
7390,10712.6
7391,10985.2
7392,10772.0
7393,9772.400000000001
7394,9483.2
7395,10777.400000000001
7396,10779.6
7397,10457.6
7398,9917.800000000001
7399,10988.6
7400,11462.2
7401,10676.2
7402,10465.800000000001
7403,10270.0
7404,9193.400000000001
7405,10204.000000000002
7406,9799.0
7407,8913.800000000001
7408,9890.8
7409,10252.0
7410,9043.0
7411,9543.199999999999
7412,8996.6
7413,9282.6
7414,9312.800000000001
7415,8694.2
7416,7655.6
7417,7582.200000000001
7418,6869.4
7419,6793.6
7420,6695.0
7421,6359.0
7422,6558.6
7423,7109.200000000001
7424,7521.6
7425,6827.0
7426,6819.8
7427,6403.000000000001
7428,6436.400000000001
7429,6395.400000000001
7430,6315.200000000001
7431,6980.0
7432,6309.800000000001
7433,6659.400000000001
7434,6443.800000000001
7435,7105.800000000001
7436,7433.400000000001
7437,7262.8
7438,8843.8
7439,9349.2
7440,9190.800000000001
7441,9282.2
7442,8985.6
7443,8320.800000000001
7444,8401.6
7445,8377.0
7446,9319.0
7447,9189.0
7448,10345.6
7449,9610.6
7450,8862.2
7451,9187.8
7452,9473.8
7453,9474.6
7454,10255.4
7455,9713.800000000001
7456,10399.6
7457,10191.4
7458,10766.4
7459,12167.0
7460,11977.6
7461,11694.6
7462,11713.2
7463,11809.800000000001
7464,12251.400000000001
7465,12202.400000000001
7466,10338.400000000001
7467,10281.0
7468,10784.800000000001
7469,9691.6
7470,10222.6
7471,9356.0
7472,9743.800000000001
7473,8931.8
7474,11048.2
7475,11596.000000000002
7476,11854.0
7477,11961.2
7478,11482.2
7479,11045.0
7480,11318.6
7481,11587.8
7482,11309.0
7483,10931.400000000001
7484,9554.8
7485,9947.800000000001
7486,9620.0
7487,10223.400000000001
7488,9207.2
7489,8834.400000000001
7490,9599.2
7491,10213.8
7492,10488.800000000001
7493,10020.0
7494,11579.2
7495,15281.400000000001
7496,13763.800000000001
7497,14449.600000000002
7498,13907.0
7499,14813.400000000001
7500,17858.0
7501,18375.0
7502,18695.600000000002
7503,18995.4
7504,19168.600000000002
7505,19267.4
7506,19359.2
7507,19395.8
7508,19425.4
7509,19431.4
7510,19427.4
7511,19421.0
7512,19411.4
7513,19402.800000000003
7514,19390.8
7515,19378.6
7516,19369.6
7517,19357.6
7518,19353.0
7519,19359.600000000002
7520,19372.4
7521,19394.0
7522,19414.0
7523,19452.8
7524,18948.0
7525,18874.6
7526,18741.2
7527,18504.2
7528,17966.600000000002
7529,17900.2
7530,17903.600000000002
7531,17899.600000000002
7532,17898.4
7533,17891.4
7534,17900.0
7535,17895.600000000002
7536,17892.600000000002
7537,17913.0
7538,17930.800000000003
7539,17915.4
7540,17907.0
7541,17918.800000000003
7542,17910.4
7543,17915.2
7544,17923.800000000003
7545,17906.800000000003
7546,17905.8
7547,17920.600000000002
7548,17918.2
7549,17921.800000000003
7550,17915.600000000002
7551,17938.800000000003
7552,17927.8
7553,17915.4
7554,17926.4
7555,17931.2
7556,17911.800000000003
7557,17916.4
7558,17920.0
7559,17911.2
7560,17924.0
7561,17933.0
7562,17923.2
7563,17960.6
7564,17961.0
7565,17941.4
7566,17952.0
7567,17942.0
7568,17951.0
7569,17952.2
7570,17961.600000000002
7571,17969.8
7572,17961.0
7573,17952.0
7574,17948.4
7575,17951.2
7576,17953.8
7577,17920.0
7578,17912.6
7579,17911.6
7580,17931.2
7581,17918.2
7582,19066.4
7583,19011.8
7584,18948.4
7585,18914.600000000002
7586,18888.2
7587,18861.2
7588,18819.0
7589,18776.4
7590,18734.4
7591,18680.800000000003
7592,18653.8
7593,18627.4
7594,18601.600000000002
7595,18580.800000000003
7596,18562.800000000003
7597,18547.800000000003
7598,18541.2
7599,18549.2
7600,18575.800000000003
7601,18586.2
7602,18573.600000000002
7603,18540.800000000003
7604,18485.4
7605,18395.6
7606,18325.0
7607,18310.0
7608,18261.800000000003
7609,18245.2
7610,18370.600000000002
7611,18891.2
7612,18867.600000000002
7613,18847.600000000002
7614,18817.0
7615,18784.2
7616,18744.2
7617,18694.0
7618,18643.0
7619,18601.4
7620,18484.0
7621,18385.2
7622,18300.4
7623,18219.0
7624,18135.600000000002
7625,18073.4
7626,17977.0
7627,17892.800000000003
7628,17810.2
7629,17685.4
7630,17575.800000000003
7631,17457.4
7632,17347.600000000002
7633,17262.8
7634,17139.4
7635,17029.6
7636,16924.600000000002
7637,16827.0
7638,16720.0
7639,16643.2
7640,16544.0
7641,16421.6
7642,16348.600000000002
7643,16219.800000000001
7644,16064.2
7645,15962.800000000001
7646,15839.400000000001
7647,15346.000000000002
7648,15146.2
7649,5820.6
7650,5734.4
7651,6286.6
7652,5978.800000000001
7653,5177.200000000001
7654,5412.2
7655,6134.200000000001
7656,6209.8
7657,6641.400000000001
7658,5410.800000000001
7659,5737.400000000001
7660,5664.400000000001
7661,5538.8
7662,5386.400000000001
7663,5106.8
7664,5158.0
7665,4578.400000000001
7666,3816.6000000000004
7667,3956.2000000000003
7668,3812.4
7669,4639.6
7670,5015.2
7671,4940.4
7672,4913.0
7673,4470.6
7674,5049.4
7675,4803.200000000001
7676,4546.400000000001
7677,4522.8
7678,4858.4
7679,4755.0
7680,5360.400000000001
7681,5383.6
7682,5638.8
7683,5635.8
7684,5636.6
7685,5898.200000000001
7686,5700.8
7687,5865.6
7688,6715.6
7689,5841.0
7690,5966.6
7691,5812.200000000001
7692,6158.0
7693,6384.0
7694,6549.4
7695,6597.4
7696,6451.8
7697,15259.400000000001
7698,13398.2
7699,12883.2
7700,13122.400000000001
7701,12410.800000000001
7702,12182.400000000001
7703,11719.4
7704,11453.2
7705,11129.6
7706,10948.800000000001
7707,10593.600000000002
7708,10647.400000000001
7709,11013.4
7710,11694.6
7711,11981.400000000001
7712,11986.6
7713,11441.4
7714,11143.6
7715,10671.800000000001
7716,10698.8
7717,10410.400000000001
7718,9990.6
7719,10531.6
7720,10258.800000000001
7721,10122.000000000002
7722,10120.6
7723,12600.6
7724,13398.2
7725,14474.2
7726,11902.800000000001
7727,11364.0
7728,11394.0
7729,11618.600000000002
7730,10983.0
7731,11423.400000000001
7732,11639.2
7733,12211.2
7734,11953.000000000002
7735,11890.6
7736,11435.2
7737,11408.0
7738,11188.2
7739,11279.800000000001
7740,10756.800000000001
7741,10582.6
7742,9943.800000000001
7743,8654.6
7744,8625.0
7745,8724.4
7746,9689.2
7747,10482.000000000002
7748,9911.400000000001
7749,8685.8
7750,9303.6
7751,8566.8
7752,5439.8
7753,5404.0
7754,3300.0
7755,2521.8
7756,2376.0
7757,2589.8
7758,2758.6000000000004
7759,2996.6000000000004
7760,3434.6
7761,3342.2000000000003
7762,2569.8
7763,2401.6000000000004
7764,2678.6000000000004
7765,2974.6000000000004
7766,3169.4
7767,2627.6000000000004
7768,2024.8000000000002
7769,1819.8000000000002
7770,1931.6000000000001
7771,1647.8
7772,1971.2
7773,2076.4
7774,1837.2
7775,1974.8000000000002
7776,2119.8
7777,2902.4
7778,3789.4000000000005
7779,3657.0
7780,3290.0
7781,2622.2
7782,2786.6000000000004
7783,3092.2
7784,3492.2000000000003
7785,4860.200000000001
7786,4018.0
7787,3007.0
7788,3164.4000000000005
7789,3538.0
7790,3506.0
7791,4442.400000000001
7792,4778.0
7793,3553.6000000000004
7794,2688.6000000000004
7795,2762.8
7796,3281.2000000000003
7797,3364.0
7798,3131.6000000000004
7799,4274.400000000001
7800,3647.2000000000003
7801,3738.4
7802,3337.6000000000004
7803,3063.8
7804,2586.8
7805,3491.8
7806,3465.4
7807,2651.2
7808,2752.6000000000004
7809,2957.4000000000005
7810,3861.0
7811,3991.0
7812,3691.4
7813,3716.0000000000005
7814,3169.0
7815,3290.6000000000004
7816,3816.0
7817,3744.4000000000005
7818,3286.6000000000004
7819,3866.2000000000003
7820,2752.2000000000003
7821,2054.4
7822,2078.0
7823,1872.4
7824,2091.4
7825,2037.4
7826,2036.6000000000001
7827,2122.6000000000004
7828,1861.4
7829,1843.2
7830,2005.2000000000003
7831,2164.0
7832,2221.6000000000004
7833,2159.6000000000004
7834,2056.4
7835,2251.6000000000004
7836,2137.0
7837,2272.6000000000004
7838,2501.0
7839,2379.8
7840,3093.4
7841,14347.400000000001
7842,14411.0
7843,14342.800000000001
7844,14636.6
7845,15111.800000000001
7846,15318.800000000001
7847,15647.6
7848,15789.2
7849,15901.000000000002
7850,16110.400000000001
7851,16090.000000000002
7852,16247.800000000001
7853,16407.4
7854,16548.2
7855,16632.2
7856,16588.0
7857,16628.2
7858,16500.2
7859,16389.6
7860,16103.800000000001
7861,15115.6
7862,15306.2
7863,15158.2
7864,15358.600000000002
7865,15384.2
7866,15335.2
7867,15441.2
7868,15654.6
7869,16170.400000000001
7870,12627.0
7871,12577.2
7872,11616.0
7873,11209.800000000001
7874,10878.2
7875,10075.6
7876,10515.800000000001
7877,10135.0
7878,9881.8
7879,9264.4
7880,8008.200000000001
7881,7932.400000000001
7882,7490.400000000001
7883,7563.6
7884,7728.0
7885,7804.8
7886,8313.6
7887,8027.6
7888,8416.0
7889,8273.0
7890,8060.6
7891,8362.6
7892,8023.0
7893,8619.6
7894,7745.8
7895,7618.800000000001
7896,6889.0
7897,7785.200000000001
7898,8427.6
7899,8544.0
7900,7754.400000000001
7901,7689.400000000001
7902,8183.000000000001
7903,8110.400000000001
7904,8956.2
7905,8480.400000000001
7906,9454.8
7907,9715.6
7908,8609.8
7909,8993.800000000001
7910,9359.4
7911,9369.6
7912,9067.400000000001
7913,9700.6
7914,10503.4
7915,9266.2
7916,9219.2
7917,8987.6
7918,7852.400000000001
7919,8015.0
7920,8114.0
7921,7496.6
7922,7507.200000000001
7923,6974.8
7924,7394.400000000001
7925,7514.6
7926,7627.200000000001
7927,7927.400000000001
7928,7466.400000000001
7929,7230.200000000001
7930,7863.4
7931,7952.0
7932,7755.6
7933,8758.2
7934,9713.6
7935,9399.6
7936,9151.800000000001
7937,9526.400000000001
7938,9175.400000000001
7939,9315.8
7940,9127.8
7941,8877.6
7942,8486.4
7943,8503.6
7944,8749.800000000001
7945,8651.6
7946,7954.0
7947,7516.400000000001
7948,6940.6
7949,6857.400000000001
7950,6929.8
7951,7200.6
7952,6627.6
7953,6680.800000000001
7954,6643.800000000001
7955,6836.6
7956,7373.2
7957,7936.6
7958,7650.8
7959,7469.200000000001
7960,6989.400000000001
7961,7258.200000000001
7962,7254.0
7963,7505.800000000001
7964,7604.200000000001
7965,7545.800000000001
7966,7848.200000000001
7967,8415.2
7968,8543.0
7969,9035.6
7970,8965.6
7971,9551.400000000001
7972,9199.2
7973,9333.2
7974,9404.800000000001
7975,9954.0
7976,10490.800000000001
7977,11580.4
7978,11362.800000000001
7979,10916.800000000001
7980,12533.800000000001
7981,12856.8
7982,12394.2
7983,12156.800000000001
7984,12019.400000000001
7985,10879.4
7986,10730.6
7987,11567.400000000001
7988,12258.800000000001
7989,13312.0
7990,13656.000000000002
7991,12569.2
7992,12367.6
7993,12512.4
7994,14030.800000000001
7995,14162.600000000002
7996,14410.6
7997,12620.8
7998,12441.600000000002
7999,16906.8
8000,16438.0
8001,16390.600000000002
8002,15268.800000000001
8003,15408.600000000002
8004,15346.6
8005,16034.8
8006,15660.2
8007,15595.800000000001
8008,15632.6
8009,15697.0
8010,16143.0
8011,16609.600000000002
8012,17071.4
8013,17027.4
8014,16950.2
8015,16492.8
8016,16313.6
8017,16217.6
8018,16675.600000000002
8019,16792.600000000002
8020,16896.800000000003
8021,16701.4
8022,16596.2
8023,16423.6
8024,16545.8
8025,16657.4
8026,16586.600000000002
8027,16755.800000000003
8028,10402.2
8029,10625.2
8030,10172.0
8031,11204.800000000001
8032,10190.8
8033,11044.800000000001
8034,12947.8
8035,12823.8
8036,12903.400000000001
8037,12922.2
8038,12938.8
8039,12726.2
8040,12962.2
8041,12030.800000000001
8042,12323.6
8043,11806.0
8044,11481.2
8045,12413.0
8046,11801.400000000001
8047,11642.2
8048,11423.2
8049,11326.2
8050,11053.2
8051,11733.000000000002
8052,11612.800000000001
8053,10562.400000000001
8054,10625.600000000002
8055,10684.4
8056,10509.6
8057,9999.2
8058,9851.2
8059,10091.2
8060,10737.8
8061,10615.2
8062,10597.6
8063,10805.2
8064,10688.600000000002
8065,10055.000000000002
8066,9157.2
8067,9129.0
8068,8897.400000000001
8069,8216.2
8070,7935.400000000001
8071,8055.800000000001
8072,7001.000000000001
8073,7773.000000000001
8074,8431.800000000001
8075,6506.400000000001
8076,6370.200000000001
8077,6586.0
8078,7047.400000000001
8079,7587.8
8080,7794.400000000001
8081,7358.200000000001
8082,7314.200000000001
8083,7598.000000000001
8084,8567.800000000001
8085,8819.4
8086,8635.400000000001
8087,8853.0
8088,8009.000000000001
8089,8316.6
8090,8668.2
8091,8867.0
8092,9348.8
8093,9184.6
8094,10028.0
8095,9900.2
8096,10912.8
8097,10793.6
8098,11043.6
8099,10438.400000000001
8100,11184.800000000001
8101,11560.400000000001
8102,11831.800000000001
8103,15032.600000000002
8104,14064.600000000002
8105,14065.400000000001
8106,14143.0
8107,14180.0
8108,15112.400000000001
8109,15293.8
8110,15886.0
8111,15651.000000000002
8112,15848.600000000002
8113,15000.400000000001
8114,15044.400000000001
8115,14515.800000000001
8116,14450.0
8117,14752.400000000001
8118,15118.8
8119,15551.2
8120,16335.400000000001
8121,17189.600000000002
8122,17266.0
8123,16982.8
8124,16563.2
8125,15749.400000000001
8126,15802.0
8127,14867.800000000001
8128,15255.2
8129,15004.600000000002
8130,14772.800000000001
8131,16567.0
8132,8636.400000000001
8133,8149.800000000001
8134,7839.400000000001
8135,7332.4
8136,8069.6
8137,7895.4
8138,7717.800000000001
8139,7198.0
8140,7766.0
8141,6985.0
8142,6755.4
8143,6232.0
8144,6149.200000000001
8145,6178.0
8146,6153.0
8147,6475.400000000001
8148,6611.200000000001
8149,6570.8
8150,6492.0
8151,6895.6
8152,6593.0
8153,6063.6
8154,5669.400000000001
8155,5400.200000000001
8156,5040.8
8157,5315.6
8158,5752.0
8159,5209.8
8160,5251.0
8161,5611.8
8162,5975.200000000001
8163,6554.800000000001
8164,6685.0
8165,6298.6
8166,7271.200000000001
8167,7178.400000000001
8168,6659.0
8169,6164.8
8170,6353.8
8171,6145.0
8172,7001.200000000001
8173,6778.400000000001
8174,7232.799999999999
8175,7240.400000000001
8176,6980.4
8177,7099.8
8178,8199.2
8179,7141.200000000001
8180,7383.6
8181,7301.200000000001
8182,7863.6
8183,7278.6
8184,7392.8
8185,7816.200000000001
8186,7179.2
8187,7206.0
8188,6925.6
8189,7294.000000000001
8190,6783.0
8191,6595.6
8192,6425.0
8193,6293.0
8194,5774.0
8195,6103.6
8196,6672.6
8197,7103.800000000001
8198,7567.6
8199,7438.200000000001
8200,7549.6
8201,8312.2
8202,8637.4
8203,7926.0
8204,7192.4
8205,8048.000000000001
8206,7948.4
8207,8100.6
8208,8304.400000000001
8209,8036.200000000001
8210,7860.0
8211,7983.6
8212,15777.2
8213,14373.800000000001
8214,14386.400000000001
8215,14122.400000000001
8216,14171.000000000002
8217,14369.6
8218,14549.6
8219,14379.2
8220,13941.800000000001
8221,13665.800000000001
8222,14095.2
8223,14468.0
8224,14903.400000000001
8225,14838.000000000002
8226,15514.4
8227,16055.400000000001
8228,16025.400000000001
8229,15596.2
8230,15546.400000000001
8231,15741.400000000001
8232,16302.0
8233,16258.000000000002
8234,16078.800000000001
8235,15847.400000000001
8236,16007.2
8237,16057.6
8238,16247.400000000001
8239,16195.800000000001
8240,16342.000000000002
8241,7195.4
8242,7264.200000000001
8243,7839.200000000001
8244,6661.200000000001
8245,7115.4
8246,6535.0
8247,4365.6
8248,4117.6
8249,4062.4000000000005
8250,4180.8
8251,3434.4000000000005
8252,3462.2000000000003
8253,3779.4000000000005
8254,4090.8
8255,4726.200000000001
8256,4366.4
8257,4718.6
8258,4621.400000000001
8259,5250.400000000001
8260,5092.4
8261,5192.200000000001
8262,4832.0
8263,4965.4
8264,5468.6
8265,4772.6
8266,4231.400000000001
8267,4242.2
8268,4406.200000000001
8269,4502.200000000001
8270,3403.4
8271,3271.0000000000005
8272,3474.4
8273,3563.6000000000004
8274,3526.6
8275,3391.0
8276,3636.6000000000004
8277,3723.0000000000005
8278,4116.0
8279,4306.8
8280,4804.4
8281,5254.6
8282,5107.0
8283,5107.200000000001
8284,5423.0
8285,7060.200000000001
8286,7371.800000000001
8287,7207.8
8288,7586.6
8289,7680.8
8290,11021.2
8291,9923.800000000001
8292,9190.4
8293,8647.400000000001
8294,8372.6
8295,9203.0
8296,8965.800000000001
8297,7940.200000000001
8298,7963.800000000001
8299,6410.8
8300,6050.6
8301,5582.200000000001
8302,5201.0
8303,4856.8
8304,5077.0
8305,3709.4
8306,3322.0000000000005
8307,3323.0
8308,3686.6
8309,3942.2000000000007
8310,4575.8
8311,5291.8
8312,5045.200000000001
8313,5735.0
8314,5071.0
8315,4785.8
8316,4115.6
8317,4520.400000000001
8318,4628.200000000001
8319,4357.6
8320,4050.6000000000004
8321,3892.8
8322,3582.2000000000003
8323,3388.4
8324,3533.6000000000004
8325,3639.0000000000005
8326,3857.6000000000004
8327,4214.0
8328,3943.4
8329,3651.8
8330,3812.2000000000003
8331,4494.0
8332,4809.0
8333,5374.200000000001
8334,4807.200000000001
8335,5161.8
8336,5838.0
8337,6047.6
8338,6642.200000000001
8339,6798.800000000001
8340,8340.2
8341,9202.0
8342,10837.8
8343,10501.800000000001
8344,11538.0
8345,9501.6
8346,8898.8
8347,15662.800000000001
8348,15555.6
8349,15425.6
8350,15692.400000000001
8351,15500.2
8352,15824.400000000001
8353,15284.6
8354,15507.6
8355,15246.0
8356,15319.6
8357,15725.800000000001
8358,15961.6
8359,16195.0
8360,16595.4
8361,16663.8
8362,16676.2
8363,16536.6
8364,16564.4
8365,16374.2
8366,16225.6
8367,15741.400000000001
8368,15376.0
8369,15237.2
8370,15084.6
8371,14817.800000000001
8372,14753.800000000001
8373,15172.2
8374,15555.2
8375,16239.4
8376,12455.6
8377,12616.8
8378,11198.0
8379,11725.0
8380,11056.0
8381,9997.400000000001
8382,10398.6
8383,10667.800000000001
8384,9837.0
8385,8918.6
8386,8688.4
8387,9042.800000000001
8388,9081.0
8389,8671.6
8390,7790.6
8391,7947.8
8392,8278.2
8393,8410.2
8394,8780.0
8395,10663.6
8396,9604.0
8397,10019.8
8398,10391.800000000001
8399,10235.2
8400,10711.000000000002
8401,11020.400000000001
8402,10609.0
8403,9872.6
8404,9731.600000000002
8405,9795.2
8406,10022.800000000001
8407,9632.800000000001
8408,9044.400000000001
8409,7968.400000000001
8410,8159.800000000001
8411,8084.6
8412,7871.8
8413,8668.2
8414,9031.2
8415,9174.0
8416,9078.4
8417,9133.4
8418,9849.800000000001
8419,10227.8
8420,10013.6
8421,10333.4
8422,9449.6
8423,8802.4
8424,8408.0
8425,8313.0
8426,9148.2
8427,8934.4
8428,8635.0
8429,9211.0
8430,8447.2
8431,8299.6
8432,7800.6
8433,7726.200000000001
8434,7987.6
8435,7287.400000000001
8436,7060.400000000001
8437,7662.6
8438,7606.400000000001
8439,7664.6
8440,8543.6
8441,9356.4
8442,10031.2
8443,8831.400000000001
8444,9168.2
8445,9426.000000000002
8446,9432.0
8447,9525.800000000001
8448,10962.4
8449,11760.000000000002
8450,11499.600000000002
8451,11588.2
8452,11334.6
8453,11383.400000000001
8454,11315.6
8455,11860.6
8456,10702.8
8457,11424.800000000001
8458,11618.6
8459,10661.0
8460,10966.600000000002
8461,10613.2
8462,9877.0
8463,10000.6
8464,10532.6
8465,9904.0
8466,10697.400000000001
8467,11618.6
8468,10746.800000000001
8469,10168.2
8470,9975.2
8471,10667.4
8472,10649.6
8473,10444.4
8474,10578.6
8475,11310.2
8476,11797.000000000002
8477,12894.000000000002
8478,12486.6
8479,12046.6
8480,15757.2
8481,15129.400000000001
8482,15500.2
8483,15426.0
8484,15487.6
8485,15596.4
8486,16068.400000000001
8487,16419.0
8488,16689.4
8489,16628.4
8490,16848.0
8491,16984.4
8492,16681.8
8493,16827.4
8494,16999.2
8495,17163.8
8496,17177.4
8497,17207.800000000003
8498,17197.4
8499,17093.8
8500,16961.6
8501,16835.4
8502,16605.0
8503,16398.6
8504,16309.6
8505,16103.800000000001
8506,15973.6
8507,15859.2
8508,16395.600000000002
8509,14176.800000000001
8510,13471.2
8511,12702.4
8512,11178.800000000001
8513,10963.400000000001
8514,9451.0
8515,9595.2
8516,9629.400000000001
8517,9812.2
8518,11040.800000000001
8519,11991.2
8520,12182.2
8521,11679.2
8522,11998.800000000001
8523,12209.8
8524,11698.0
8525,12137.0
8526,9791.2
8527,9632.8
8528,9578.400000000001
8529,9457.0
8530,8762.0
8531,8484.2
8532,8701.0
8533,7734.6
8534,7813.200000000001
8535,8331.6
8536,7310.200000000001
8537,6484.800000000001
8538,6074.8
8539,6129.0
8540,5501.6
8541,5409.0
8542,5230.200000000001
8543,5442.2
8544,5369.2
8545,5194.6
8546,5093.2
8547,5718.0
8548,5696.8
8549,5924.6
8550,6238.6
8551,6142.200000000001
8552,6153.400000000001
8553,6293.0
8554,6017.400000000001
8555,6249.800000000001
8556,8342.6
8557,8145.800000000001
8558,8218.6
8559,8261.0
8560,8308.0
8561,8385.400000000001
8562,8022.8
8563,8469.2
8564,8549.0
8565,8890.4
8566,8418.8
8567,8845.0
8568,8820.0
8569,9674.6
8570,9458.8
8571,8992.2
8572,9542.6
8573,9056.4
8574,9944.800000000001
8575,9779.2
8576,7254.6
8577,6800.0
8578,7149.0
8579,7228.200000000001
8580,7322.800000000001
8581,7367.400000000001
8582,7947.0
8583,7963.200000000001
8584,8355.0
8585,8142.4000000000015
8586,7806.4
8587,7823.0
8588,7589.0
8589,7617.200000000001
8590,7780.4
8591,7725.800000000001
8592,15232.800000000001
8593,13982.000000000002
8594,14169.800000000001
8595,14109.2
8596,13625.2
8597,13687.600000000002
8598,14699.600000000002
8599,15381.2
8600,16103.0
8601,16182.6
8602,15922.600000000002
8603,15584.600000000002
8604,15666.2
8605,15568.800000000001
8606,15128.0
8607,14618.6
8608,14367.0
8609,13980.8
8610,13822.800000000001
8611,14147.000000000002
8612,14438.6
8613,15501.8
8614,14137.2
8615,14721.000000000002
8616,13240.600000000002
8617,13146.400000000001
8618,12094.6
8619,12575.000000000002
8620,13789.2
8621,6079.0
8622,5646.200000000001
8623,6006.200000000001
8624,6160.200000000001
8625,6205.200000000001
8626,6606.4
8627,6351.0
8628,5822.4
8629,5658.6
8630,5535.4
8631,6019.400000000001
8632,6514.6
8633,6686.0
8634,7242.200000000001
8635,7766.8
8636,8675.400000000001
8637,8951.400000000001
8638,9703.0
8639,10022.6
8640,10116.8
8641,9635.2
8642,9214.400000000001
8643,8971.400000000001
8644,9016.400000000001
8645,8889.2
8646,8514.6
8647,8936.6
8648,8622.2
8649,8561.800000000001
8650,8018.6
8651,7416.8
8652,7634.200000000001
8653,7844.400000000001
8654,7854.200000000001
8655,7562.800000000001
8656,7084.0
8657,6591.6
8658,6030.6
8659,5912.800000000001
8660,5643.400000000001
8661,5449.800000000001
8662,5054.0
8663,4687.200000000001
8664,4713.6
8665,5104.6
8666,5830.200000000001
8667,6190.0
8668,6371.6
8669,6287.4
8670,5989.0
8671,6698.8
8672,7178.4
8673,6980.6
8674,6011.200000000001
8675,5819.6
8676,5705.400000000001
8677,5593.6
8678,6639.0
8679,6646.0
8680,7245.6
8681,7133.0
8682,6845.200000000001
8683,6891.6
8684,6888.4
8685,6923.8
8686,7422.800000000001
8687,7520.0
8688,7044.400000000001
8689,7191.400000000001
8690,15098.4
8691,14129.600000000002
8692,12782.400000000001
8693,12697.000000000002
8694,12764.800000000001
8695,13320.600000000002
8696,13256.800000000001
8697,13982.400000000001
8698,14445.400000000001
8699,13817.2
8700,13810.2
8701,14932.400000000001
8702,15222.2
8703,14703.0
8704,14160.2
8705,13978.0
8706,14226.800000000001
8707,13730.400000000001
8708,13153.800000000001
8709,13416.2
8710,12450.6
8711,12830.400000000001
8712,12897.800000000001
8713,13066.400000000001
8714,12978.4
8715,13070.000000000002
8716,13010.400000000001
8717,12697.800000000001
8718,14021.0
8719,5238.200000000001
8720,6500.200000000001
8721,6150.4
8722,5626.200000000001
8723,5610.400000000001
8724,5555.4
8725,5363.6
8726,4860.2
8727,6004.8
8728,6357.6
8729,7023.0
8730,6780.4
8731,5915.0
8732,6241.0
8733,6743.400000000001
8734,6952.200000000001
8735,6800.400000000001
8736,6233.6
8737,5907.6
8738,6538.6
8739,6354.4
8740,6991.4
8741,8322.2
8742,8384.6
8743,7593.4
8744,6515.6
8745,6816.6
8746,6735.200000000001
8747,7030.6
8748,6719.200000000001
8749,6698.6
8750,5270.200000000001
8751,5424.200000000001
8752,5947.8
8753,5359.6
8754,4847.400000000001
8755,5719.200000000001
8756,5968.200000000001
8757,6117.0
8758,5466.4
8759,5952.800000000001
8760,6311.0
8761,6446.0
8762,6677.0
8763,6215.4
8764,5376.400000000001
8765,4978.8
8766,5146.400000000001
8767,5766.6
8768,5662.4
8769,5812.200000000001
8770,5518.200000000001
8771,6296.0
8772,5652.6
8773,5965.200000000001
8774,6002.0
8775,6954.4
8776,7104.400000000001
8777,7186.200000000001
8778,7709.800000000001
8779,7941.8
8780,8113.4
8781,8693.6
8782,8659.0
8783,8655.2
8784,10724.8
8785,9712.6
8786,9633.6
8787,10164.6
8788,10868.6
8789,9870.6
8790,8675.6
8791,8373.400000000001
8792,8744.0
8793,8565.6
8794,9142.2
8795,8588.0
8796,9002.400000000001
8797,8723.2
8798,8411.2
8799,7624.8
8800,8392.2
8801,8318.2
8802,10899.0
8803,10419.0
8804,9530.800000000001
8805,7671.8
8806,8456.800000000001
8807,7795.2
8808,7511.800000000001
8809,8056.6
8810,7747.000000000001
8811,7349.6
8812,7512.400000000001
8813,7436.200000000001
8814,7623.800000000001
8815,6993.0
8816,6203.0
8817,5676.400000000001
8818,5115.200000000001
8819,5427.0
8820,5895.6
8821,4908.8
8822,5727.400000000001
8823,5509.0
8824,4704.0
8825,4321.6
8826,4159.200000000001
8827,4140.8
8828,4196.4
8829,4595.0
8830,4074.2
8831,4367.0
8832,4190.6
8833,4561.6
8834,5138.0
8835,5193.200000000001
8836,5581.6
8837,5814.6
8838,5574.6
8839,5612.8
8840,6153.6
8841,6124.8
8842,5899.0
8843,5726.8
8844,5489.8
8845,5344.6
8846,6098.0
8847,5885.200000000001
8848,5705.0
8849,4833.0
8850,4812.2
8851,5218.0
8852,6593.200000000001
8853,6150.200000000001
8854,6361.200000000001
8855,7364.800000000001
8856,6311.200000000001
8857,16303.600000000002
8858,15226.2
8859,14541.000000000002
8860,14979.8
8861,15068.2
8862,15055.600000000002
8863,15319.600000000002
8864,14982.6
8865,14830.000000000002
8866,14765.000000000002
8867,14827.6
8868,15229.2
8869,15452.400000000001
8870,15844.8
8871,16073.800000000001
8872,15609.800000000001
8873,15361.2
8874,15175.2
8875,15271.800000000001
8876,15454.2
8877,15582.000000000002
8878,15411.2
8879,15349.2
8880,15224.000000000002
8881,15176.0
8882,15721.6
8883,15704.800000000001
8884,16086.800000000001
8885,16720.2
8886,14880.0
8887,14747.2
8888,13944.400000000001
8889,13884.2
8890,13097.2
8891,12787.4
8892,13166.600000000002
8893,13169.800000000001
8894,12906.2
8895,12598.2
8896,14062.8
8897,13620.6
8898,13581.6
8899,12905.0
8900,13003.800000000001
8901,12444.2
8902,11863.800000000001
8903,11307.400000000001
8904,10811.0
8905,10920.4
8906,11730.2
8907,11340.6
8908,11808.000000000002
8909,12372.800000000001
8910,12276.2
8911,12592.0
8912,12568.400000000001
8913,12278.4
8914,11770.8
8915,12506.8
8916,12937.400000000001
8917,12457.4
8918,11637.800000000001
8919,12597.6
8920,12630.2
8921,12039.400000000001
8922,11576.4
8923,11143.800000000001
8924,12324.000000000002
8925,11915.6
8926,11561.800000000001
8927,11723.0
8928,11063.0
8929,10867.4
8930,11075.400000000001
8931,11190.2
8932,11832.4
8933,11877.6
8934,10589.0
8935,9336.4
8936,9300.400000000001
8937,9831.6
8938,9893.2
8939,9936.000000000002
8940,10619.0
8941,11164.4
8942,11793.6
8943,11697.2
8944,11946.800000000001
8945,11831.0
8946,12203.6
8947,12092.0
8948,11755.800000000001
8949,11951.6
8950,11183.600000000002
8951,11339.800000000001
8952,11450.400000000001
8953,11759.600000000002
8954,11660.6
8955,11246.4
8956,10913.2
8957,10812.800000000001
8958,12139.0
8959,13205.2
8960,13311.800000000001
8961,13290.8
8962,13266.600000000002
8963,13936.2
8964,13639.2
8965,13959.6
8966,13541.400000000001
8967,12717.4
8968,13070.2
8969,13173.2
8970,12776.2
8971,11939.0
8972,12078.2
8973,11825.4
8974,12281.800000000001
8975,11984.400000000001
8976,12586.000000000002
8977,12569.800000000001
8978,13226.400000000001
8979,12814.6
8980,13040.800000000001
8981,13187.2
8982,12659.2
8983,12657.8
8984,12222.800000000001
8985,13262.0
8986,13384.0
8987,13696.8
8988,14957.0
8989,15178.800000000001
8990,15271.600000000002
8991,15201.400000000001
8992,15134.800000000001
8993,14895.2
8994,15873.2
8995,16200.000000000002
8996,16177.000000000002
8997,15906.800000000001
8998,16722.4
8999,16800.6
9000,16930.600000000002
9001,16798.8
9002,16371.800000000001
9003,16340.6
9004,16282.400000000001
9005,16566.2
9006,16375.400000000001
9007,16557.4
9008,16419.0
9009,16606.6
9010,17421.0
9011,17292.0
9012,17277.4
9013,17143.4
9014,17125.4
9015,16931.600000000002
9016,16749.0
9017,16435.2
9018,16220.0
9019,16850.8
9020,17384.800000000003
9021,17544.8
9022,17602.4
9023,17619.0
9024,17554.2
9025,17496.2
9026,17123.2
9027,16766.2
9028,15392.800000000001
9029,15369.0
9030,15482.2
9031,15691.4
9032,15822.000000000002
9033,15713.000000000002
9034,15848.800000000001
9035,15866.000000000002
9036,16638.2
9037,16027.4
9038,17057.800000000003
9039,11473.0
9040,11746.0
9041,11751.2
9042,11519.2
9043,12720.0
9044,12613.2
9045,13215.0
9046,12984.400000000001
9047,12747.0
9048,11538.400000000001
9049,11758.6
9050,11239.0
9051,11048.400000000001
9052,12342.4
9053,12147.400000000001
9054,11268.2
9055,11299.800000000001
9056,12163.8
9057,12124.2
9058,13288.6
9059,13343.800000000001
9060,12648.0
9061,12546.600000000002
9062,12277.2
9063,11433.8
9064,10218.4
9065,10642.800000000001
9066,10411.2
9067,10185.8
9068,9998.2
9069,11110.400000000001
9070,11233.0
9071,10467.6
9072,8955.6
9073,9239.0
9074,9512.2
9075,8947.6
9076,8413.8
9077,8420.0
9078,8430.2
9079,8052.6
9080,8343.6
9081,9510.6
9082,8561.2
9083,8094.8
9084,7632.6
9085,7627.200000000001
9086,8188.800000000001
9087,8377.2
9088,8588.8
9089,9359.800000000001
9090,9317.6
9091,9795.800000000001
9092,10780.0
9093,9505.2
9094,9423.8
9095,9571.0
9096,9594.6
9097,10249.2
9098,10554.6
9099,9490.2
9100,19653.4
9101,19733.8
9102,19737.2
9103,19740.6
9104,19743.2
9105,19745.4
9106,19750.600000000002
9107,19756.600000000002
9108,19759.600000000002
9109,19764.8
9110,19767.4
9111,19768.800000000003
9112,19770.2
9113,19771.4
9114,19774.8
9115,19776.600000000002
9116,19778.600000000002
9117,19783.6
9118,19786.2
9119,19969.600000000002
9120,19969.2
9121,19970.6
9122,19972.0
9123,19974.0
9124,19976.2
9125,19975.800000000003
9126,19978.800000000003
9127,19979.8
9128,19978.800000000003
9129,19976.0
9130,19918.0
9131,15275.400000000001
9132,15111.8
9133,14249.6
9134,14248.800000000001
9135,13911.800000000001
9136,13759.0
9137,13462.800000000001
9138,13982.000000000002
9139,14683.800000000001
9140,14404.800000000001
9141,14045.6
9142,13746.000000000002
9143,14141.800000000001
9144,13368.000000000002
9145,13032.000000000002
9146,13570.0
9147,14772.400000000001
9148,8106.6
9149,7855.200000000001
9150,7932.8
9151,7916.0
9152,8304.0
9153,8725.4
9154,8554.2
9155,8515.400000000001
9156,8208.8
9157,7799.000000000001
9158,8413.6
9159,7995.0
9160,7884.2
9161,8137.800000000001
9162,7808.8
9163,7778.400000000001
9164,7936.800000000001
9165,7706.6
9166,7434.400000000001
9167,7469.400000000001
9168,7431.0
9169,7506.8
9170,7324.800000000001
9171,7427.0
9172,7518.6
9173,7622.4
9174,8032.800000000001
9175,7906.400000000001
9176,8033.8
9177,8724.0
9178,9733.4
9179,9720.8
9180,10673.8
9181,10117.6
9182,11378.800000000001
9183,10741.4
9184,11687.000000000002
9185,8184.0
9186,8110.200000000001
9187,7684.200000000001
9188,8974.800000000001
9189,9096.400000000001
9190,8891.0
9191,7872.200000000001
9192,7653.8
9193,7569.6
9194,7485.4
9195,7384.0
9196,7424.800000000001
9197,7674.6
9198,7919.6
9199,9168.2
9200,10322.400000000001
9201,10528.4
9202,12045.6
9203,13431.4
9204,12799.8
9205,12300.0
9206,11768.2
9207,10557.2
9208,9266.0
9209,9075.400000000001
9210,8873.2
9211,8922.2
9212,8842.6
9213,8750.0
9214,9133.6
9215,9876.4
9216,9988.2
9217,16641.0
9218,14526.400000000001
9219,14075.0
9220,13997.2
9221,14147.2
9222,14509.600000000002
9223,14407.800000000001
9224,14266.400000000001
9225,14309.4
9226,14136.000000000002
9227,13723.800000000001
9228,13924.6
9229,14007.400000000001
9230,14364.6
9231,14348.400000000001
9232,13899.2
9233,14380.6
9234,14521.0
9235,14873.2
9236,14735.000000000002
9237,14586.0
9238,14283.2
9239,14386.400000000001
9240,14486.600000000002
9241,13745.400000000001
9242,14028.6
9243,14083.600000000002
9244,14383.800000000001
9245,16109.400000000001
9246,9360.400000000001
9247,8859.2
9248,9568.800000000001
9249,9769.0
9250,10609.0
9251,11454.2
9252,12089.400000000001
9253,11604.0
9254,12097.6
9255,13266.2
9256,13421.0
9257,12023.2
9258,13770.600000000002
9259,13161.600000000002
9260,9592.400000000001
9261,9190.800000000001
9262,9167.8
9263,10935.800000000001
9264,9965.8
9265,10199.0
9266,9685.6
9267,10495.0
9268,10309.2
9269,9830.8
9270,10283.2
9271,9334.400000000001
9272,9132.2
9273,7851.8
9274,8086.200000000001
9275,8321.2
9276,8010.0
9277,8011.2
9278,7640.8
9279,6271.0
9280,6465.0
9281,6991.200000000001
9282,6915.6
9283,6748.8
9284,6529.200000000001
9285,6538.0
9286,6410.6
9287,6949.800000000001
9288,6031.4
9289,6135.200000000001
9290,6101.6
9291,6038.200000000001
9292,6173.6
9293,6454.8
9294,7425.200000000001
9295,7268.0
9296,7229.0
9297,6966.200000000001
9298,7229.8
9299,7323.8
9300,8173.000000000001
9301,8940.800000000001
9302,9205.6
9303,9336.400000000001
9304,9182.2
9305,9130.800000000001
9306,9892.0
9307,9767.8
9308,9459.400000000001
9309,8839.400000000001
9310,8963.2
9311,8842.8
9312,9228.400000000001
9313,9758.800000000001
9314,10237.400000000001
9315,9927.8
9316,9049.0
9317,7840.0
9318,8790.800000000001
9319,10342.2
9320,9092.0
9321,8994.6
9322,8812.0
9323,7457.0
9324,6367.6
9325,6385.200000000001
9326,6549.0
9327,6244.6
9328,5516.200000000001
9329,5586.6
9330,5694.6
9331,6132.6
9332,6177.0
9333,6155.400000000001
9334,6754.0
9335,6870.200000000001
9336,7345.0
9337,6841.8
9338,6737.400000000001
9339,6656.6
9340,7012.200000000001
9341,6793.6
9342,6459.8
9343,6202.0
9344,6068.200000000001
9345,6028.0
9346,5900.6
9347,5661.400000000001
9348,5644.6
9349,6188.0
9350,6637.6
9351,6476.6
9352,6210.0
9353,7002.4
9354,6862.400000000001
9355,7003.6
9356,6783.800000000001
9357,6784.8
9358,6720.800000000001
9359,6745.0
9360,7579.0
9361,7453.200000000001
9362,7720.0
9363,8179.400000000001
9364,8309.0
9365,8385.2
9366,9047.0
9367,9115.4
9368,9574.8
9369,9095.2
9370,8907.0
9371,9129.0
9372,9173.6
9373,11762.0
9374,11586.2
9375,11459.2
9376,10626.0
9377,10498.8
9378,10684.0
9379,17202.0
9380,16555.6
9381,16512.4
9382,16247.6
9383,16721.6
9384,16612.600000000002
9385,16263.6
9386,16267.6
9387,16366.8
9388,15930.2
9389,16241.800000000001
9390,16268.2
9391,16587.0
9392,16806.2
9393,17099.2
9394,16679.8
9395,16423.800000000003
9396,16021.8
9397,15933.400000000001
9398,16188.6
9399,16161.600000000002
9400,15598.000000000002
9401,15243.800000000001
9402,15118.8
9403,15015.400000000001
9404,15350.400000000001
9405,15671.2
9406,15980.2
9407,16661.2
9408,14012.0
9409,14163.800000000001
9410,12940.0
9411,12550.0
9412,12727.2
9413,13616.2
9414,14545.600000000002
9415,14811.2
9416,15123.4
9417,15222.600000000002
9418,15230.4
9419,16311.4
9420,16964.600000000002
9421,16657.0
9422,16387.0
9423,16414.4
9424,14679.2
9425,14397.600000000002
9426,14302.0
9427,14369.400000000001
9428,14374.0
9429,14340.6
9430,14558.0
9431,15001.0
9432,14882.2
9433,14788.6
9434,15057.2
9435,15587.8
9436,15615.0
9437,15555.000000000002
9438,14844.0
9439,14577.400000000001
9440,14440.2
9441,14592.800000000001
9442,14534.6
9443,15137.800000000001
9444,14020.0
9445,14636.2
9446,15885.800000000001
9447,15123.000000000002
9448,14766.400000000001
9449,14567.4
9450,14300.400000000001
9451,14353.800000000001
9452,14413.400000000001
9453,13979.600000000002
9454,14606.8
9455,15282.800000000001
9456,15321.800000000001
9457,14950.400000000001
9458,14759.000000000002
9459,14835.800000000001
9460,14472.8
9461,14080.0
9462,13998.2
9463,15667.800000000001
9464,15909.2
9465,16558.0
9466,16657.4
9467,16633.0
9468,16083.6
9469,15975.0
9470,16442.800000000003
9471,16399.4
9472,15881.0
9473,15429.2
9474,16223.4
9475,15970.6
9476,15198.8
9477,15262.6
9478,15492.2
9479,14389.4
9480,13673.400000000001
9481,13844.4
9482,13897.2
9483,13352.4
9484,13325.800000000001
9485,13717.6
9486,13596.6
9487,13910.800000000001
9488,14071.800000000001
9489,14596.600000000002
9490,14404.800000000001
9491,13974.6
9492,13803.2
9493,12683.6
9494,13734.2
9495,13950.4
9496,14101.400000000001
9497,14138.800000000001
9498,13284.2
9499,13668.6
9500,13271.400000000001
9501,13339.6
9502,13609.400000000001
9503,12795.6
9504,13504.0
9505,13310.2
9506,13621.800000000001
9507,13695.400000000001
9508,14141.400000000001
9509,13985.8
9510,13108.4
9511,13076.0
9512,12892.400000000001
9513,13422.4
9514,14130.0
9515,15372.400000000001
9516,14489.0
9517,14376.000000000002
9518,14654.2
9519,15375.2
9520,16149.800000000001
9521,15707.4
9522,15828.000000000002
9523,14997.800000000001
9524,15030.2
9525,14707.2
9526,16894.0
9527,16225.6
9528,15515.800000000001
9529,15859.2
9530,16249.800000000001
9531,16287.400000000001
9532,15821.800000000001
9533,15743.0
9534,16118.2
9535,16311.600000000002
9536,16405.600000000002
9537,16887.4
9538,17035.800000000003
9539,17221.0
9540,16855.2
9541,16706.0
9542,16420.600000000002
9543,16383.2
9544,16376.400000000001
9545,16143.400000000001
9546,16635.0
9547,16911.4
9548,16637.4
9549,16654.4
9550,16731.0
9551,16783.2
9552,17148.4
9553,17164.600000000002
9554,17363.4
9555,13349.000000000002
9556,13241.400000000001
9557,12216.2
9558,12008.0
9559,12623.6
9560,11577.800000000001
9561,11923.2
9562,12297.2
9563,12212.0
9564,12244.8
9565,12473.800000000001
9566,12391.8
9567,12444.8
9568,12013.8
9569,12070.400000000001
9570,11190.6
9571,10815.6
9572,10543.2
9573,10295.2
9574,9618.800000000001
9575,10174.0
9576,11349.800000000001
9577,12547.6
9578,12651.8
9579,13264.600000000002
9580,13973.400000000001
9581,14663.2
9582,15237.8
9583,15641.800000000001
9584,15849.2
9585,16111.000000000002
9586,16256.6
9587,16343.400000000001
9588,16535.800000000003
9589,16635.800000000003
9590,16670.8
9591,16267.2
9592,15995.2
9593,16303.400000000001
9594,15960.800000000001
9595,15681.2
9596,14911.2
9597,13947.8
9598,13443.000000000002
9599,13209.6
9600,13165.800000000001
9601,13106.6
9602,13785.000000000002
9603,14480.600000000002
9604,14563.400000000001
9605,14537.400000000001
9606,14785.2
9607,15260.800000000001
9608,14346.6
9609,14214.600000000002
9610,14907.6
9611,15769.2
9612,15797.0
9613,17427.6
9614,17101.6
9615,17191.0
9616,17246.4
9617,16962.8
9618,17182.0
9619,17424.4
9620,17540.0
9621,17537.600000000002
9622,17449.2
9623,17547.0
9624,17455.4
9625,17043.0
9626,16862.2
9627,16485.800000000003
9628,15966.400000000001
9629,15683.400000000001
9630,15849.800000000001
9631,15682.600000000002
9632,16071.000000000002
9633,16068.000000000002
9634,15028.6
9635,14824.0
9636,13587.400000000001
9637,13856.800000000001
9638,13763.600000000002
9639,14095.0
9640,14534.400000000001
9641,17227.2
9642,8229.6
9643,8212.0
9644,8124.200000000001
9645,7993.6
9646,8200.400000000001
9647,8556.0
9648,7865.200000000001
9649,8351.8
9650,8320.0
9651,8154.8
9652,8731.2
9653,8296.0
9654,8842.2
9655,9252.8
9656,9660.800000000001
9657,8950.400000000001
9658,8687.2
9659,8900.0
9660,8359.0
9661,8056.6
9662,7611.8
9663,7572.800000000001
9664,7624.000000000001
9665,7506.400000000001
9666,7339.6
9667,7207.8
9668,7326.400000000001
9669,7437.8
9670,7134.800000000001
9671,7198.0
9672,7273.0
9673,7248.6
9674,7547.8
9675,7428.6
9676,7563.6
9677,7681.800000000001
9678,7131.200000000001
9679,8019.200000000001
9680,7870.000000000001
9681,8370.6
9682,8662.2
9683,8621.0
9684,9560.400000000001
9685,9499.2
9686,9635.400000000001
9687,9541.2
9688,8846.8
9689,10082.400000000001
9690,9489.8
9691,8885.800000000001
9692,8053.4
9693,8168.800000000001
9694,8312.6
9695,8578.8
9696,10280.400000000001
9697,10515.4
9698,10865.400000000001
9699,9680.0
9700,9755.6
9701,9426.6
9702,9648.2
9703,9873.400000000001
9704,9307.6
9705,9116.400000000001
9706,9378.6
9707,9589.0
9708,10699.400000000001
9709,8861.0
9710,9718.4
9711,10079.2
9712,10085.400000000001
9713,10139.6
9714,10409.800000000001
9715,11092.400000000001
9716,11675.6
9717,16576.600000000002
9718,15986.800000000001
9719,15692.4
9720,16147.4
9721,16011.0
9722,15851.2
9723,15910.400000000001
9724,16323.400000000001
9725,16069.800000000001
9726,16138.8
9727,16615.0
9728,16758.4
9729,16888.2
9730,16667.2
9731,16618.2
9732,16399.2
9733,16307.400000000001
9734,16318.400000000001
9735,16386.4
9736,16566.600000000002
9737,16548.600000000002
9738,16602.600000000002
9739,15860.0
9740,15266.800000000001
9741,15452.2
9742,14918.800000000001
9743,15534.4
9744,16032.0
9745,16974.2
9746,9153.6
9747,9199.6
9748,8630.800000000001
9749,8568.400000000001
9750,8401.4
9751,8677.2
9752,8630.0
9753,8505.8
9754,8686.400000000001
9755,7989.800000000001
9756,8130.4
9757,7852.400000000001
9758,7315.6
9759,6968.6
9760,7067.8
9761,6832.8
9762,5687.6
9763,5611.400000000001
9764,4811.8
9765,4272.8
9766,4159.4
9767,4263.2
9768,4666.0
9769,4310.2
9770,4565.400000000001
9771,4695.400000000001
9772,4799.200000000001
9773,5471.0
9774,5238.8
9775,5564.400000000001
9776,5856.400000000001
9777,5810.400000000001
9778,5357.8
9779,5165.6
9780,6119.200000000001
9781,6454.4
9782,7192.0
9783,6934.0
9784,7191.4
9785,7290.0
9786,6927.400000000001
9787,6559.6
9788,5855.200000000001
9789,4443.200000000001
9790,4427.200000000001
9791,4734.200000000001
9792,4985.200000000001
9793,4945.6
9794,4635.0
9795,4539.8
9796,5230.0
9797,5401.200000000001
9798,5178.200000000001
9799,5151.200000000001
9800,5294.200000000001
9801,5116.200000000001
9802,4903.8
9803,4912.400000000001
9804,4749.6
9805,5178.8
9806,5063.400000000001
9807,5010.6
9808,5046.4
9809,5358.400000000001
9810,5825.0
9811,5642.6
9812,5077.0
9813,4690.400000000001
9814,4700.6
9815,5369.8
9816,4725.0
9817,4517.6
9818,4217.400000000001
9819,4448.6
9820,4318.6
9821,4335.0
9822,4124.400000000001
9823,4248.6
9824,4249.400000000001
9825,4413.8
9826,4910.400000000001
9827,5055.8
9828,5134.2
9829,5494.8
9830,6397.200000000001
9831,7139.200000000001
9832,7754.000000000001
9833,7281.0
9834,6896.800000000001
9835,8105.6
9836,8116.0
9837,9090.8
9838,9902.8
9839,10852.0
9840,11753.0
9841,12186.4
9842,10318.6
9843,8374.2
9844,8284.800000000001
9845,8154.200000000001
9846,7905.4
9847,8174.400000000001
9848,8948.2
9849,12078.600000000002
9850,11882.0
9851,11461.6
9852,12700.8
9853,12487.6
9854,10214.2
9855,10176.2
9856,11600.4
9857,9800.0
9858,16858.6
9859,16543.600000000002
9860,16286.800000000001
9861,15780.600000000002
9862,15681.2
9863,15386.000000000002
9864,15778.600000000002
9865,15744.2
9866,16431.600000000002
9867,15553.6
9868,16440.4
9869,16341.400000000001
9870,16367.4
9871,16778.4
9872,16968.2
9873,16772.2
9874,16334.400000000001
9875,16758.4
9876,16537.6
9877,16497.2
9878,16720.8
9879,16528.600000000002
9880,17183.0
9881,17382.0
9882,17415.0
9883,17280.0
9884,17389.0
9885,17519.6
9886,17612.800000000003
9887,13513.6
9888,12924.2
9889,12342.8
9890,12495.0
9891,12226.0
9892,12776.4
9893,13027.4
9894,13645.2
9895,13813.2
9896,14041.0
9897,13347.800000000001
9898,13019.000000000002
9899,13733.800000000001
9900,13412.6
9901,13949.2
9902,14308.0
9903,14351.2
9904,14369.6
9905,14149.6
9906,13695.2
9907,13172.600000000002
9908,12719.000000000002
9909,12489.0
9910,13179.2
9911,13386.2
9912,14626.2
9913,13628.800000000001
9914,13762.2
9915,14307.6
9916,13003.2
9917,13521.2
9918,13414.2
9919,12272.6
9920,12052.6
9921,12043.400000000001
9922,12458.6
9923,12353.2
9924,13916.400000000001
9925,14176.0
9926,14624.800000000001
9927,14828.800000000001
9928,14636.600000000002
9929,14553.600000000002
9930,13970.800000000001
9931,13718.8
9932,13140.400000000001
9933,12623.6
9934,12444.800000000001
9935,12607.2
9936,12883.6
9937,12861.800000000001
9938,13009.400000000001
9939,12692.2
9940,11888.0
9941,11803.2
9942,12549.400000000001
9943,12716.800000000001
9944,11595.2
9945,11388.6
9946,11005.800000000001
9947,11255.2
9948,10871.800000000001
9949,10910.0
9950,10106.6
9951,9442.400000000001
9952,9495.2
9953,9748.0
9954,9405.2
9955,9867.400000000001
9956,9337.2
9957,8830.6
9958,8964.0
9959,9195.800000000001
9960,9737.6
9961,10311.400000000001
9962,11372.8
9963,11207.2
9964,11934.2
9965,12543.8
9966,12444.800000000001
9967,12431.4
9968,12593.800000000001
9969,13102.2
9970,13454.0
9971,13387.6
9972,13290.2
9973,12996.2
9974,12985.2
9975,12640.6
9976,12738.2
9977,11934.0
9978,12109.600000000002
9979,11832.6
9980,12038.600000000002
9981,12035.2
9982,11967.0
9983,10953.8
9984,11032.6
9985,11935.8
9986,12703.2
9987,13919.800000000001
9988,14686.2
9989,14062.400000000001
9990,14048.600000000002
9991,14371.800000000001
9992,14609.2
9993,14651.400000000001
9994,15085.800000000001
9995,15180.000000000002
9996,14425.0
9997,14483.600000000002
9998,13940.800000000001
9999,13684.2
10000,14057.2
10001,13707.800000000001
10002,13964.8
10003,13554.2
10004,13483.4
10005,14193.8
10006,14552.8
10007,14519.800000000001
10008,14476.2
10009,14737.6
10010,15058.6
10011,14475.000000000002
10012,17378.2
10013,16775.0
10014,16364.6
10015,16208.0
10016,16042.800000000001
10017,15886.800000000001
10018,15755.2
10019,15726.800000000001
10020,16100.400000000001
10021,16187.0
10022,15895.600000000002
10023,16227.8
10024,16506.4
10025,16943.6
10026,16645.0
10027,16233.8
10028,15821.400000000001
10029,15764.2
10030,15811.400000000001
10031,15655.2
10032,15517.400000000001
10033,15975.6
10034,15656.400000000001
10035,15488.4
10036,15176.800000000001
10037,15260.400000000001
10038,14922.2
10039,16183.0
10040,16995.4
10041,13427.800000000001
10042,14228.2
10043,13454.800000000001
10044,13439.4
10045,13798.800000000001
10046,14251.8
10047,13444.400000000001
10048,13541.800000000001
10049,13413.2
10050,13902.2
10051,13357.800000000001
10052,12840.6
10053,11969.0
10054,11775.0
10055,11448.400000000001
10056,11788.2
10057,11117.6
10058,11052.4
10059,10350.800000000001
10060,11746.6
10061,12048.2
10062,11971.8
10063,12534.400000000001
10064,12191.800000000001
10065,11973.800000000001
10066,11817.800000000001
10067,11644.4
10068,10947.6
10069,10982.6
10070,10350.400000000001
10071,10449.0
10072,10590.8
10073,9930.400000000001
10074,10303.400000000001
10075,10082.8
10076,10882.2
10077,9859.2
10078,9273.2
10079,9243.0
10080,9041.6
10081,9740.2
10082,8231.0
10083,8772.2
10084,9057.800000000001
10085,9253.2
10086,8846.4
10087,9016.2
10088,8935.400000000001
10089,9375.6
10090,8493.0
10091,8575.0
10092,8629.6
10093,8493.400000000001
10094,8649.6
10095,8759.8
10096,8908.2
10097,9299.2
10098,9676.800000000001
10099,9938.400000000001
10100,9743.0
10101,9731.2
10102,9310.400000000001
10103,9676.2
10104,10341.6
10105,10387.0
10106,12660.4
10107,15330.4
10108,14721.0
10109,15063.2
10110,14142.2
10111,14144.000000000002
10112,13805.000000000002
10113,14208.2
10114,14984.2
10115,15080.6
10116,14740.000000000002
10117,15301.600000000002
10118,15853.2
10119,15963.600000000002
10120,16056.6
10121,15975.0
10122,15232.400000000001
10123,15498.000000000002
10124,15559.2
10125,15240.800000000001
10126,16269.2
10127,16620.2
10128,16284.0
10129,16327.400000000001
10130,15780.2
10131,15527.2
10132,15659.800000000001
10133,15893.6
10134,15307.6
10135,16015.2
10136,8378.2
10137,8650.0
10138,8541.800000000001
10139,7888.400000000001
10140,7949.6
10141,7992.6
10142,7875.0
10143,7862.2
10144,7938.2
10145,8425.400000000001
10146,8369.6
10147,9623.0
10148,9762.8
10149,9915.800000000001
10150,10396.8
10151,9966.6
10152,9376.2
10153,9646.0
10154,9392.6
10155,8185.000000000001
10156,7626.2
10157,7606.200000000001
10158,7665.200000000001
10159,7521.400000000001
10160,7453.200000000001
10161,7756.8
10162,7892.6
10163,7433.2
10164,7927.6
10165,7716.000000000001
10166,7910.400000000001
10167,7240.6
10168,7044.800000000001
10169,6586.8
10170,6515.200000000001
10171,6201.4
10172,6308.4
10173,6107.0
10174,6034.6
10175,6618.200000000001
10176,6449.6
10177,6760.4
10178,7102.400000000001
10179,7328.400000000001
10180,8215.400000000001
10181,8679.400000000001
10182,8666.800000000001
10183,8511.0
10184,8507.6
10185,7155.200000000001
10186,7581.400000000001
10187,7231.4
10188,8087.6
10189,7883.200000000001
10190,7297.0
10191,7471.6
10192,7653.6
10193,8296.0
10194,7224.8
10195,7433.0
10196,7283.0
10197,7981.000000000001
10198,7863.400000000001
10199,9375.0
10200,10337.0
10201,9991.2
10202,9734.6
10203,9459.0
10204,8442.0
10205,8742.0
10206,8742.6
10207,8175.200000000001
10208,8344.400000000001
10209,8435.6
10210,7949.4
10211,7559.6
10212,7386.400000000001
10213,7653.200000000001
10214,7715.400000000001
10215,8179.800000000001
10216,8089.8
10217,8820.400000000001
10218,16077.000000000002
10219,15347.000000000002
10220,14678.2
10221,13606.2
10222,13307.400000000001
10223,13608.6
10224,13811.4
10225,13698.000000000002
10226,14175.2
10227,13847.600000000002
10228,14070.000000000002
10229,14150.800000000001
10230,13963.0
10231,13717.2
10232,13030.6
10233,12938.6
10234,13170.400000000001
10235,13160.000000000002
10236,12977.600000000002
10237,12959.000000000002
10238,13519.400000000001
10239,13263.400000000001
10240,13559.0
10241,13374.800000000001
10242,12802.000000000002
10243,13281.6
10244,13293.2
10245,13532.4
10246,15009.0
10247,5446.6
10248,4614.0
10249,4153.0
10250,3913.6000000000004
10251,4155.6
10252,4363.400000000001
10253,4554.0
10254,4020.0
10255,4103.400000000001
10256,3859.0
10257,4348.4
10258,3943.0000000000005
10259,4271.200000000001
10260,4531.200000000001
10261,4787.200000000001
10262,5674.0
10263,5107.200000000001
10264,5935.400000000001
10265,5081.400000000001
10266,4878.8
10267,5882.400000000001
10268,5245.0
10269,5168.0
10270,5488.8
10271,5145.200000000001
10272,5350.400000000001
10273,4871.400000000001
10274,5128.0
10275,4940.4
10276,5070.6
10277,4290.200000000001
10278,4124.6
10279,4047.2000000000007
10280,4060.6000000000004
10281,4380.0
10282,4157.8
10283,4114.200000000001
10284,3934.8
10285,3615.0000000000005
10286,3512.4000000000005
10287,3903.6000000000004
10288,4173.6
10289,3950.8
10290,4297.400000000001
10291,4660.0
10292,4426.6
10293,5283.6
10294,5801.6
10295,7557.200000000001
10296,7040.8
10297,7971.400000000001
10298,8585.8
10299,8907.2
10300,9291.6
10301,9191.0
10302,8623.2
10303,8401.800000000001
10304,7739.200000000001
10305,6742.400000000001
10306,6258.6
10307,5755.400000000001
10308,5826.800000000001
10309,4917.0
10310,4405.200000000001
10311,4551.8
10312,4674.8
10313,4013.0
10314,4151.200000000001
10315,5005.4
10316,5000.8
10317,5978.200000000001
10318,5899.6
10319,6595.4
10320,6592.0
10321,6026.8
10322,6309.0
10323,6040.200000000001
10324,6440.200000000001
10325,5501.200000000001
10326,5131.400000000001
10327,4364.400000000001
10328,5349.4
10329,5427.400000000001
10330,6556.6
10331,6887.400000000001
10332,7404.200000000001
10333,7318.000000000001
10334,6930.6
10335,6319.4
10336,7157.000000000001
10337,7636.0
10338,7726.400000000001
10339,6360.200000000001
10340,5891.8
10341,5864.200000000001
10342,5344.200000000001
10343,6152.400000000001
10344,6494.200000000001
10345,5933.0
10346,5998.6
10347,4709.200000000001
10348,4173.0
10349,3907.6000000000004
10350,4398.8
10351,3877.0
10352,3997.6000000000004
10353,4451.400000000001
10354,4471.6
10355,5271.200000000001
10356,5703.800000000001
10357,5686.4
10358,6147.200000000001
10359,5626.200000000001
10360,6285.400000000001
10361,6033.0
10362,4880.0
10363,3953.4000000000005
10364,3945.0
10365,3782.6000000000004
10366,3567.6000000000004
10367,4558.6
10368,4988.6
10369,15060.400000000001
10370,14048.800000000001
10371,14451.000000000002
10372,14687.0
10373,14111.400000000001
10374,14485.2
10375,14271.2
10376,14387.800000000001
10377,14271.800000000001
10378,14351.2
10379,14117.400000000001
10380,14689.0
10381,14416.600000000002
10382,14976.6
10383,15492.000000000002
10384,15209.000000000002
10385,15201.400000000001
10386,14706.4
10387,14533.800000000001
10388,14455.400000000001
10389,14572.400000000001
10390,14514.6
10391,14476.400000000001
10392,14804.2
10393,14883.2
10394,15034.2
10395,15333.400000000001
10396,15574.800000000001
10397,16471.600000000002
10398,13459.2
10399,13432.400000000001
10400,12131.800000000001
10401,12751.8
10402,12940.2
10403,13106.2
10404,12834.6
10405,12502.400000000001
10406,11694.0
10407,11419.400000000001
10408,11050.6
10409,11552.2
10410,12074.2
10411,12452.000000000002
10412,12269.0
10413,11405.2
10414,11393.0
10415,11166.8
10416,10135.6
10417,9922.4
10418,10013.400000000001
10419,9837.800000000001
10420,9666.6
10421,9655.0
10422,8018.200000000001
10423,8481.0
10424,8019.0
10425,8036.200000000001
10426,8473.400000000001
10427,8484.800000000001
10428,8485.6
10429,8323.6
10430,8865.8
10431,9513.0
10432,10000.4
10433,10318.8
10434,9925.2
10435,8897.2
10436,8883.2
10437,9223.6
10438,9296.0
10439,9723.400000000001
10440,10130.800000000001
10441,8706.2
10442,9066.4
10443,7960.000000000001
10444,8027.2
10445,8032.400000000001
10446,7839.800000000001
10447,8142.800000000001
10448,8100.200000000001
10449,7995.8
10450,8435.0
10451,8984.400000000001
10452,8805.4
10453,9660.0
10454,9249.8
10455,10135.0
10456,9525.0
10457,9505.6
10458,8857.0
10459,9084.800000000001
10460,9283.6
10461,9654.800000000001
10462,9406.2
10463,7811.400000000001
10464,7054.800000000001
10465,6712.8
10466,6183.2
10467,6584.200000000001
10468,6918.8
10469,6927.8
10470,7126.6
10471,7135.000000000001
10472,7933.800000000001
10473,8531.8
10474,8840.400000000001
10475,9821.2
10476,10066.4
10477,9211.0
10478,8666.8
10479,7499.8
10480,7772.8
10481,7953.0
10482,7761.0
10483,7351.8
10484,7747.200000000001
10485,8644.2
10486,8182.200000000001
10487,8056.8
10488,8284.8
10489,8643.6
10490,9453.6
10491,10268.400000000001
10492,10191.2
10493,9636.400000000001
10494,9132.6
10495,9099.400000000001
10496,8849.0
10497,9659.4
10498,9538.2
10499,9900.2
10500,9983.800000000001
10501,9613.800000000001
10502,10612.800000000001
10503,11342.6
10504,10955.0
10505,11146.2
10506,11174.800000000001
10507,11363.2
10508,11013.4
10509,10624.400000000001
10510,10660.2
10511,10720.0
10512,10121.2
10513,10707.6
10514,11094.400000000001
10515,16177.2
10516,15108.400000000001
10517,15079.000000000002
10518,14638.000000000002
10519,14833.6
10520,15050.600000000002
10521,15308.2
10522,15213.0
10523,14839.800000000001
10524,14939.2
10525,15186.2
10526,15572.800000000001
10527,16049.800000000001
10528,16660.0
10529,16956.6
10530,16816.8
10531,16749.800000000003
10532,16417.6
10533,16423.0
10534,16069.400000000001
10535,16077.6
10536,16330.000000000002
10537,16320.400000000001
10538,16323.2
10539,16181.6
10540,16222.0
10541,16178.6
10542,16150.000000000002
10543,16382.2
10544,14179.6
10545,14530.6
10546,14569.2
10547,15035.2
10548,15578.0
10549,15364.800000000001
10550,15718.800000000001
10551,15974.000000000002
10552,16027.2
10553,16284.2
10554,15946.000000000002
10555,15899.2
10556,16226.2
10557,16199.800000000001
10558,16142.800000000001
10559,16044.800000000001
10560,15992.800000000001
10561,15917.2
10562,15862.800000000001
10563,15754.400000000001
10564,15581.4
10565,15475.0
10566,14487.0
10567,14626.800000000001
10568,15054.800000000001
10569,14599.000000000002
10570,14113.400000000001
10571,14409.6
10572,14344.6
10573,14416.0
10574,13717.2
10575,14214.000000000002
10576,14267.600000000002
10577,14119.4
10578,14039.8
10579,14216.6
10580,14643.2
10581,14662.400000000001
10582,14722.400000000001
10583,14713.400000000001
10584,14859.600000000002
10585,15039.400000000001
10586,14896.800000000001
10587,14738.0
10588,14830.800000000001
10589,14981.800000000001
10590,15019.000000000002
10591,14953.8
10592,14994.600000000002
10593,15073.000000000002
10594,15129.2
10595,15120.800000000001
10596,15176.2
10597,15178.0
10598,15213.0
10599,15245.600000000002
10600,15257.6
10601,15262.6
10602,15256.400000000001
10603,15262.400000000001
10604,15300.400000000001
10605,15340.2
10606,15372.800000000001
10607,15463.2
10608,15516.8
10609,15563.400000000001
10610,15572.6
10611,15658.2
10612,15728.600000000002
10613,15809.0
10614,15879.800000000001
10615,15918.0
10616,16018.400000000001
10617,16109.000000000002
10618,16199.2
10619,16294.800000000001
10620,16370.400000000001
10621,16448.4
10622,16558.2
10623,16642.4
10624,16719.600000000002
10625,16831.4
10626,16900.2
10627,17000.2
10628,17059.0
10629,16086.800000000001
10630,15910.2
10631,15929.2
10632,16029.8
10633,16183.800000000001
10634,16327.400000000001
10635,16447.0
10636,16534.8
10637,16604.0
10638,16696.4
10639,16783.2
10640,16851.4
10641,16858.8
10642,16864.0
10643,16884.0
10644,16906.0
10645,16954.800000000003
10646,16898.2
10647,16867.6
10648,16726.4
10649,16555.600000000002
10650,16510.2
10651,16515.4
10652,16584.2
10653,16522.600000000002
10654,16353.0
10655,16241.000000000002
10656,16299.2
10657,16447.6
10658,17010.8
10659,16955.2
10660,16890.800000000003
10661,16865.600000000002
10662,16810.4
10663,16734.2
10664,16635.600000000002
10665,16582.2
10666,16589.2
10667,16533.2
10668,16456.8
10669,16375.400000000001
10670,16305.0
10671,16290.800000000001
10672,16289.800000000001
10673,16256.6
10674,16179.2
10675,16136.800000000001
10676,16092.2
10677,16091.6
10678,16072.800000000001
10679,16134.6
10680,16110.0
10681,16134.600000000002
10682,16089.6
10683,16103.800000000001
10684,16144.4
10685,16069.600000000002
10686,16027.000000000002
10687,16039.600000000002
10688,16018.400000000001
10689,16042.600000000002
10690,16041.6
10691,16048.800000000001
10692,16040.2
10693,16014.000000000002
10694,16037.2
10695,15960.600000000002
10696,15940.2
10697,15854.2
10698,15896.800000000001
10699,15911.800000000001
10700,15889.000000000002
10701,15853.800000000001
10702,15852.000000000002
10703,15871.2
10704,15877.0
10705,15909.800000000001
10706,15926.800000000001
10707,15959.2
10708,16112.4
10709,16138.2
10710,16212.800000000001
10711,16262.400000000001
10712,16293.6
10713,16310.2
10714,16321.2
10715,16479.8
10716,16568.4
10717,16660.6
10718,16751.2
10719,16811.800000000003
10720,16859.4
10721,16929.2
10722,17010.600000000002
10723,17117.6
10724,17213.800000000003
10725,17299.800000000003
10726,17368.0
10727,17513.0
10728,17607.2
10729,17241.4
10730,17122.0
10731,17091.2
10732,17040.6
10733,17073.0
10734,17093.6
10735,17080.8
10736,17082.6
10737,17101.2
10738,17061.6
10739,17052.4
10740,17098.0
10741,17069.2
10742,17048.8
10743,17026.0
10744,17043.6
10745,16913.8
10746,16912.4
10747,16858.800000000003
10748,16764.600000000002
10749,16658.800000000003
10750,16618.4
10751,16546.4
10752,16473.600000000002
10753,16426.800000000003
10754,16323.000000000002
10755,16286.400000000001
10756,16252.0
10757,16278.4
10758,16594.6
10759,16554.6
10760,16549.2
10761,16547.0
10762,16571.600000000002
10763,16521.800000000003
10764,16511.0
10765,16544.2
10766,16586.0
10767,16591.800000000003
10768,16609.0
10769,16592.2
10770,16553.0
10771,16579.8
10772,16551.2
10773,16561.600000000002
10774,16521.600000000002
10775,16623.600000000002
10776,16580.0
10777,16540.2
10778,16547.6
10779,16614.0
10780,16626.2
10781,16622.2
10782,16624.2
10783,16656.0
10784,16707.2
10785,16651.2
10786,16637.2
10787,16661.4
10788,16675.2
10789,16721.2
10790,16804.0
10791,16776.4
10792,16885.0
10793,16957.8
10794,17017.800000000003
10795,16981.800000000003
10796,16945.4
10797,16952.600000000002
10798,16907.800000000003
10799,16946.2
10800,16905.4
10801,16853.8
10802,16912.0
10803,16921.6
10804,16932.2
10805,16896.600000000002
10806,16930.4
10807,16901.4
10808,16856.0
10809,16799.600000000002
10810,16826.6
10811,16828.4
10812,16823.2
10813,16840.600000000002
10814,16853.2
10815,16826.2
10816,16857.8
10817,16863.2
10818,16862.600000000002
10819,16790.2
10820,16819.600000000002
10821,16826.800000000003
10822,16796.600000000002
10823,16716.8
10824,16699.4
10825,16749.8
10826,16809.4
10827,16753.8
10828,16790.2
10829,16817.0
10830,16875.600000000002
10831,16885.2
10832,16948.800000000003
10833,16986.4
10834,17034.800000000003
10835,16979.0
10836,16920.2
10837,16988.0
10838,17037.8
10839,17120.4
10840,17197.0
10841,17205.0
10842,17304.800000000003
10843,17255.2
10844,17240.4
10845,17304.8
10846,17201.0
10847,17177.2
10848,17142.8
10849,17236.8
10850,17181.800000000003
10851,17217.800000000003
10852,17202.4
10853,17258.8
10854,17300.0
10855,17239.600000000002
10856,17279.0
10857,17289.4
10858,17327.2
10859,17328.2
10860,17269.2
10861,17288.0
10862,17213.6
10863,17195.6
10864,17143.800000000003
10865,17174.0
10866,17198.800000000003
10867,17122.6
10868,17115.4
10869,17048.600000000002
10870,16946.0
10871,16926.6
10872,16933.4
10873,16958.4
10874,16967.800000000003
10875,16914.0
10876,17002.4
10877,17013.600000000002
10878,17066.6
10879,17041.600000000002
10880,17125.0
10881,17144.0
10882,17162.8
10883,17145.2
10884,17165.2
10885,17245.2
10886,17217.4
10887,17247.800000000003
10888,17238.4
10889,17204.8
10890,17324.0
10891,17309.8
10892,16713.6
10893,16916.2
10894,17285.0
10895,17785.800000000003
10896,18018.800000000003
10897,18250.0
10898,18356.600000000002
10899,18505.800000000003
10900,18567.2
10901,18606.2
10902,18613.0
10903,18600.2
10904,18601.4
10905,18610.2
10906,18608.2
10907,18602.800000000003
10908,18601.600000000002
10909,18623.800000000003
10910,18621.600000000002
10911,18607.0
10912,18625.4
10913,18622.2
10914,18601.800000000003
10915,18580.4
10916,18578.0
10917,18591.800000000003
10918,18564.2
10919,18593.4
10920,18561.800000000003
10921,18496.2
10922,18495.0
10923,18504.0
10924,18498.0
10925,18487.4
10926,18491.2
10927,18494.0
10928,18502.600000000002
10929,18481.0
10930,18492.6
10931,18486.600000000002
10932,18486.8
10933,18487.800000000003
10934,18492.600000000002
10935,18488.2
10936,18494.6
10937,18497.4
10938,18495.8
10939,18492.800000000003
10940,18499.6
10941,18508.2
10942,18507.2
10943,18523.2
10944,18533.600000000002
10945,18535.2
10946,18543.8
10947,18550.0
10948,18581.8
10949,18621.4
10950,18610.6
10951,18617.6
10952,18610.600000000002
10953,18575.800000000003
10954,18603.4
10955,18595.800000000003
10956,18607.800000000003
10957,18601.800000000003
10958,18596.2
10959,18639.800000000003
10960,18625.6
10961,18642.0
10962,18639.2
10963,18647.0
10964,18648.8
10965,18626.800000000003
10966,18603.2
10967,18616.4
10968,18611.800000000003
10969,18633.800000000003
10970,18590.800000000003
10971,18569.8
10972,18561.4
10973,18564.2
10974,18574.800000000003
10975,18617.0
10976,18585.8
10977,18581.800000000003
10978,18554.2
10979,18543.6
10980,18557.0
10981,18554.0
10982,18545.800000000003
10983,18564.4
10984,18566.2
10985,18578.4
10986,18590.2
10987,18585.4
10988,18589.8
10989,18585.6
10990,18581.600000000002
10991,18570.8
10992,18567.600000000002
10993,18569.4
10994,18565.600000000002
10995,18585.600000000002
10996,18632.2
10997,18618.0
10998,18606.2
10999,18609.6
11000,18619.800000000003
11001,18629.2
11002,18630.4
11003,18658.4
11004,18649.2
11005,18625.2
11006,18658.0
11007,18634.0
11008,18651.2
11009,18677.0
11010,18672.600000000002
11011,18660.6
11012,18685.2
11013,18668.4
11014,18669.8
11015,18655.800000000003
11016,18645.6
11017,18662.6
11018,18648.0
11019,18635.0
11020,18667.800000000003
11021,18672.8
11022,18679.4
11023,18685.2
11024,18704.800000000003
11025,18700.600000000002
11026,18896.8
11027,18916.4
11028,18909.6
11029,18910.800000000003
11030,18912.0
11031,18903.800000000003
11032,18909.0
11033,18889.4
11034,18914.8
11035,18915.4
11036,18923.600000000002
11037,18927.800000000003
11038,18924.4
11039,18915.600000000002
11040,18913.8
11041,18923.8
11042,18920.2
11043,18929.4
11044,18928.6
11045,18921.2
11046,18923.4
11047,18930.2
11048,18941.4
11049,18950.800000000003
11050,18959.600000000002
11051,18961.2
11052,18962.4
11053,18969.0
11054,18970.800000000003
11055,19027.0
11056,19023.0
11057,19016.2
11058,19022.4
11059,19052.0
11060,19060.4
11061,19067.2
11062,19077.4
11063,19072.2
11064,19065.0
11065,19066.0
11066,19056.4
11067,19064.2
11068,19062.6
11069,19046.6
11070,19036.4
11071,19033.2
11072,19034.8
11073,19036.0
11074,19044.0
11075,19056.0
11076,19055.4
11077,19055.8
11078,19057.4
11079,19056.6
11080,19064.600000000002
11081,19070.2
11082,19061.800000000003
11083,19062.8
11084,19060.0
11085,19055.6
11086,19056.0
11087,19062.4
11088,19068.6
11089,19065.4
11090,19064.0
11091,19072.600000000002
11092,19074.4
11093,19079.2
11094,19082.0
11095,19087.0
11096,19092.2
11097,19091.0
11098,19096.4
11099,19119.8
11100,19147.2
11101,19155.0
11102,19139.0
11103,19136.2
11104,19114.600000000002
11105,19117.4
11106,19128.4
11107,19131.8
11108,19135.2
11109,19133.600000000002
11110,19131.600000000002
11111,19137.6
11112,19152.4
11113,19145.0
11114,19142.4
11115,19151.2
11116,19151.4
11117,19143.600000000002
11118,19125.4
11119,19136.800000000003
11120,19139.600000000002
11121,19153.2
11122,19142.4
11123,19159.4
11124,19147.6
11125,19136.4
11126,19139.800000000003
11127,19138.800000000003
11128,19130.800000000003
11129,19126.8
11130,19143.4
11131,19137.600000000002
11132,19159.800000000003
11133,19163.8
11134,19189.0
11135,19196.4
11136,19201.2
11137,19201.600000000002
11138,19208.0
11139,19215.0
11140,19270.2
11141,19260.6
11142,19264.2
11143,19270.4
11144,19281.2
11145,19289.2
11146,19292.2
11147,19312.0
11148,19321.4
11149,19325.800000000003
11150,19329.8
11151,19331.800000000003
11152,19332.8
11153,19334.600000000002
11154,19338.6
11155,19341.800000000003
11156,19344.4
11157,19344.4
11158,19349.4
11159,19349.6
11160,19341.6
11161,19343.2
11162,19346.2
11163,19342.0
11164,19342.0
11165,19336.4
11166,19335.6
11167,19338.6
11168,19343.0
11169,19295.0
11170,19295.2
11171,19297.0
11172,19286.8
11173,19285.600000000002
11174,19272.600000000002
11175,19258.600000000002
11176,19265.8
11177,19257.2
11178,19241.600000000002
11179,19244.2
11180,19240.4
11181,19227.600000000002
11182,19226.800000000003
11183,19222.4
11184,19224.800000000003
11185,19221.0
11186,19225.2
11187,19224.4
11188,19226.6
11189,19224.0
11190,19235.8
11191,19231.800000000003
11192,19232.600000000002
11193,19243.0
11194,19240.2
11195,19243.4
11196,19240.8
11197,19249.4
11198,19251.800000000003
11199,19253.0
11200,19259.0
11201,19259.2
11202,19260.800000000003
11203,19267.2
11204,19269.4
11205,19273.800000000003
11206,19275.0
11207,19278.4
11208,19291.0
11209,19283.8
11210,19287.2
11211,19291.6
11212,19303.4
11213,19299.0
11214,19298.4
11215,19304.0
11216,19305.800000000003
11217,19310.4
11218,19314.4
11219,19326.0
11220,19319.6
11221,19324.4
11222,19322.2
11223,19321.0
11224,19326.0
11225,19321.4
11226,19331.0
11227,19318.600000000002
11228,19328.800000000003
11229,19336.8
11230,19339.2
11231,19338.800000000003
11232,19407.6
11233,19402.800000000003
11234,19400.0
11235,19398.8
11236,19393.4
11237,19384.600000000002
11238,19372.2
11239,19382.0
11240,19382.4
11241,19385.4
11242,19381.4
11243,19378.4
11244,19376.2
11245,19379.6
11246,19370.800000000003
11247,19369.6
11248,19366.0
11249,19361.2
11250,19360.800000000003
11251,19363.600000000002
11252,19371.0
11253,19363.600000000002
11254,19361.600000000002
11255,19373.2
11256,19374.4
11257,19378.4
11258,19378.0
11259,19373.600000000002
11260,19371.4
11261,19210.4
11262,19221.0
11263,19206.2
11264,19206.600000000002
11265,19203.4
11266,19209.2
11267,19217.2
11268,19222.2
11269,19218.2
11270,19216.800000000003
11271,19215.0
11272,19213.800000000003
11273,19223.2
11274,19228.8
11275,19223.4
11276,19228.600000000002
11277,19236.0
11278,19241.800000000003
11279,19230.600000000002
11280,19248.800000000003
11281,19252.6
11282,19249.6
11283,19255.0
11284,19247.4
11285,19252.4
11286,19242.4
11287,19253.800000000003
11288,19249.0
11289,19237.0
11290,19243.2
11291,19235.800000000003
11292,19228.4
11293,19255.0
11294,19260.2
11295,19263.0
11296,19264.2
11297,19269.0
11298,19275.4
11299,19275.0
11300,19219.4
11301,19186.6
11302,19132.800000000003
11303,19103.2
11304,19076.4
11305,19050.0
11306,19027.2
11307,18975.0
11308,18962.4
11309,18948.4
11310,18909.0
11311,18854.0
11312,18774.8
11313,18650.2
11314,18535.4
11315,18333.800000000003
11316,18113.6
11317,17913.0
11318,17679.4
11319,17401.2
11320,17070.800000000003
11321,16802.2
11322,16553.4
11323,16149.0
11324,15840.000000000002
11325,15644.400000000001
11326,15456.6
11327,15243.0
11328,14589.800000000001
11329,9079.000000000002
11330,5543.200000000001
11331,4289.0
11332,4442.0
11333,3595.6
11334,3352.6
11335,3749.4
11336,2750.6000000000004
11337,2097.6
11338,2175.6000000000004
11339,2437.6000000000004
11340,3055.8
11341,2784.2000000000003
11342,2454.6000000000004
11343,2035.4
11344,2412.6000000000004
11345,1693.8000000000002
11346,1484.6000000000001
11347,1196.6000000000001
11348,1395.2
11349,1283.4
11350,975.0
11351,858.8000000000001
11352,1718.2000000000003
11353,1389.2
11354,1507.8000000000002
11355,1281.8000000000002
11356,933.8000000000001
11357,833.0
11358,712.8000000000001
11359,769.2
11360,855.4000000000001
11361,712.6
11362,567.0
11363,622.0000000000001
11364,580.0
11365,568.6
11366,585.2
11367,585.8000000000001
11368,591.2
11369,668.0
11370,938.8000000000001
11371,1177.0
11372,1565.8000000000002
11373,1989.0000000000002
11374,3023.0
11375,13918.2
11376,13934.4
11377,13754.2
11378,13620.400000000001
11379,13560.800000000001
11380,13188.800000000001
11381,12597.400000000001
11382,12252.2
11383,12125.000000000002
11384,12597.2
11385,12910.400000000001
11386,13220.800000000001
11387,13527.2
11388,13930.400000000001
11389,13603.2
11390,13250.2
11391,12861.0
11392,12544.6
11393,12460.000000000002
11394,12689.2
11395,12547.2
11396,12509.800000000001
11397,12381.2
11398,12298.800000000001
11399,11977.800000000001
11400,12203.0
11401,12538.2
11402,13588.800000000001
11403,14397.0
11404,7763.6
11405,7235.0
11406,7192.6
11407,7307.000000000001
11408,7890.400000000001
11409,7567.200000000001
11410,8124.0
11411,8123.800000000001
11412,8603.2
11413,10594.8
11414,9006.199999999999
11415,8358.400000000001
11416,8947.199999999999
11417,8723.2
11418,9070.400000000001
11419,9108.2
11420,9561.6
11421,9986.0
11422,8636.8
11423,8505.2
11424,9781.0
11425,9642.6
11426,9550.2
11427,9517.4
11428,9910.0
11429,8999.6
11430,8829.199999999999
11431,8915.8
11432,8671.2
11433,8412.6
11434,8697.4
11435,8452.4
11436,8753.400000000001
11437,8771.4
11438,8314.2
11439,8206.2
11440,8988.0
11441,8457.4
11442,7812.2
11443,7518.400000000001
11444,8037.200000000001
11445,7078.200000000001
11446,6600.6
11447,6651.8
11448,5975.0
11449,5881.400000000001
11450,5580.8
11451,5764.8
11452,5344.4
11453,5694.2
11454,6482.8
11455,7031.200000000001
11456,7809.000000000001
11457,8579.8
11458,8989.0
11459,9641.400000000001
11460,9942.800000000001
11461,10629.400000000001
11462,10984.0
11463,11005.8
11464,11246.6
11465,12014.6
11466,11868.400000000001
11467,11932.2
11468,11880.0
11469,12252.0
11470,12085.6
11471,11952.2
11472,11869.0
11473,11666.800000000001
11474,10859.2
11475,8856.2
11476,7625.000000000001
11477,6268.400000000001
11478,5497.200000000001
11479,5714.200000000001
11480,5531.8
11481,4880.6
11482,5415.400000000001
11483,4887.8
11484,4706.6
11485,4997.8
11486,4907.6
11487,4932.8
11488,5655.800000000001
11489,6340.6
11490,6060.6
11491,6824.0
11492,6882.8
11493,7206.6
11494,7013.400000000001
11495,7059.200000000001
11496,7305.400000000001
11497,6940.6
11498,6568.2
11499,6260.400000000001
11500,7280.6
11501,7100.000000000001
11502,7018.6
11503,6111.400000000001
11504,6463.2
11505,7284.8
11506,6627.6
11507,6477.000000000001
11508,6448.400000000001
11509,6984.6
11510,8826.800000000001
11511,10045.6
11512,9689.6
11513,9497.800000000001
11514,9644.0
11515,10233.2
11516,10920.2
11517,11504.6
11518,12874.000000000002
11519,13137.2
11520,12740.2
11521,12637.2
11522,12490.8
11523,12867.0
11524,13086.2
11525,12656.800000000001
11526,12629.2
11527,12632.6
11528,12006.2
11529,11804.0
11530,10716.400000000001
11531,9613.2
11532,8990.2
11533,8252.6
11534,7334.6
11535,15061.2
11536,13217.400000000001
11537,13141.400000000001
11538,13483.800000000001
11539,13437.2
11540,13296.600000000002
11541,13688.800000000001
11542,13850.0
11543,13665.400000000001
11544,13744.2
11545,13899.800000000001
11546,13729.600000000002
11547,14095.600000000002
11548,14092.6
11549,13700.2
11550,13472.800000000001
11551,13279.800000000001
11552,12978.800000000001
11553,12831.600000000002
11554,12999.6
11555,12934.2
11556,12768.800000000001
11557,13074.0
11558,13293.000000000002
11559,13690.0
11560,13719.800000000001
11561,13508.2
11562,13942.6
11563,14496.600000000002
11564,9762.800000000001
11565,8874.0
11566,8334.800000000001
11567,8386.6
11568,8594.400000000001
11569,7876.200000000001
11570,6847.2
11571,6676.000000000001
11572,6468.400000000001
11573,5734.200000000001
11574,5938.2
11575,5891.400000000001
11576,5915.8
11577,5442.0
11578,4916.8
11579,4849.0
11580,4596.200000000001
11581,4299.0
11582,4447.2
11583,4069.4
11584,3990.4
11585,3956.2000000000003
11586,3491.8
11587,3520.8
11588,3610.4
11589,3638.4
11590,3858.2000000000003
11591,3747.2
11592,3884.8
11593,3886.2000000000003
11594,3509.8
11595,3569.0
11596,3341.2000000000003
11597,3337.4000000000005
11598,3396.6000000000004
11599,3464.4
11600,3971.2000000000003
11601,4067.4
11602,4131.2
11603,3836.2000000000003
11604,3894.2000000000003
11605,3418.2000000000003
11606,3297.8
11607,3401.2
11608,3551.6
11609,3814.4
11610,3927.8
11611,4094.0000000000005
11612,4439.0
11613,4256.2
11614,4656.599999999999
11615,5165.200000000001
11616,4828.0
11617,4938.599999999999
11618,4408.4
11619,3890.8
11620,3906.4
11621,3967.6
11622,3787.6000000000004
11623,4085.2000000000003
11624,4581.2
11625,4332.0
11626,5143.000000000001
11627,4769.599999999999
11628,5169.200000000001
11629,6067.6
11630,5881.800000000001
11631,6544.200000000001
11632,6906.2
11633,6566.400000000001
11634,6507.800000000001
11635,6582.200000000001
11636,6363.400000000001
11637,6207.400000000001
11638,7070.000000000001
11639,7731.400000000001
11640,9541.0
11641,9860.6
11642,13289.2
11643,12010.6
11644,12429.2
11645,12685.400000000001
11646,12455.400000000001
11647,13214.800000000001
11648,12995.2
11649,13160.2
11650,12630.0
11651,12457.600000000002
11652,12629.000000000002
11653,12887.400000000001
11654,13323.000000000002
11655,12819.2
11656,12779.800000000001
11657,12947.4
11658,13466.800000000001
11659,12855.600000000002
11660,13554.2
11661,14432.6
11662,14313.600000000002
11663,14086.2
11664,13669.6
11665,13851.400000000001
11666,14669.800000000001
11667,14564.000000000002
11668,13722.2
11669,13586.6
11670,12792.4
11671,4949.200000000001
11672,5130.8
11673,5071.2
11674,5454.4
11675,4433.6
11676,4393.400000000001
11677,4728.6
11678,4543.400000000001
11679,5187.0
11680,4801.8
11681,4720.8
11682,4668.2
11683,4925.200000000001
11684,5022.4
11685,4788.8
11686,5193.6
11687,4144.4
11688,3805.2000000000003
11689,3184.2000000000003
11690,2830.4
11691,3090.8
11692,3137.0
11693,3241.6000000000004
11694,3390.8
11695,3378.6000000000004
11696,3314.6000000000004
11697,3230.0
11698,3726.6000000000004
11699,3371.8
11700,2281.0
11701,2062.2000000000003
11702,2213.2
11703,2562.4
11704,2704.4
11705,2073.0
11706,1987.2
11707,1890.8000000000002
11708,1613.4
11709,1680.0000000000002
11710,1483.2000000000003
11711,1264.6000000000001
11712,1339.2000000000003
11713,1559.0
11714,1753.0
11715,1791.0
11716,1619.0000000000002
11717,1078.2
11718,1221.8
11719,1390.4
11720,1584.2
11721,1348.4
11722,1285.0
11723,1294.6000000000001
11724,1541.0000000000002
11725,1911.2
11726,2019.0
11727,1936.4
11728,1638.8000000000002
11729,1772.0
11730,2871.2
11731,3968.4
11732,4436.200000000001
11733,5115.400000000001
11734,4652.8
11735,4596.0
11736,3969.0
11737,3540.0000000000005
11738,3658.8
11739,3781.8
11740,4327.6
11741,4257.2
11742,4483.8
11743,4458.0
11744,3874.4
11745,4564.8
11746,3930.8
11747,3999.0
11748,3902.8
11749,4092.2000000000003
11750,3876.6000000000004
11751,3448.8
11752,4091.4000000000005
11753,4193.8
11754,4128.0
11755,3965.2000000000003
11756,12458.0
11757,11406.600000000002
11758,10952.400000000001
11759,11148.000000000002
11760,11527.600000000002
11761,11246.0
11762,11370.0
11763,11315.6
11764,11502.400000000001
11765,11564.0
11766,11410.2
11767,11781.400000000001
11768,12560.400000000001
11769,11892.400000000001
11770,10580.4
11771,10529.2
11772,10486.4
11773,10397.8
11774,10517.0
11775,11221.2
11776,10292.4
11777,11597.2
11778,11413.8
11779,11299.0
11780,11654.8
11781,11965.4
11782,12957.0
11783,13380.800000000001
11784,14019.0
11785,3560.4000000000005
11786,2435.6000000000004
11787,1702.4
11788,3025.0
11789,2741.4
11790,2926.2
11791,2896.4
11792,2795.2
11793,2867.4
11794,3290.6000000000004
11795,2474.4
11796,2373.6000000000004
11797,2070.8
11798,1484.0
11799,1524.6
11800,1143.4
11801,1131.2
11802,1594.8000000000002
11803,1690.6
11804,1591.6000000000001
11805,1576.2
11806,1568.6000000000001
11807,1345.6000000000001
11808,1740.4
11809,1600.8000000000002
11810,1690.2
11811,1769.6000000000001
11812,1901.8000000000002
11813,1743.6
11814,1812.0
11815,1510.4
11816,1259.8000000000002
11817,1175.2
11818,913.6000000000001
11819,1145.4
11820,1209.0
11821,1262.8000000000002
11822,1214.4
11823,1205.4
11824,1339.2
11825,1565.2
11826,1036.4
11827,1224.8000000000002
11828,1525.8000000000002
11829,1337.8000000000002
11830,1181.2
11831,1359.2
11832,965.0000000000001
11833,974.6000000000001
11834,1043.4
11835,1817.4
11836,2360.4
11837,3569.6000000000004
11838,2841.4
11839,1798.4
11840,2266.8
11841,2284.8
11842,2022.4
11843,1790.0000000000002
11844,1442.8000000000002
11845,1877.6
11846,1172.2
11847,1243.6000000000001
11848,1340.6
11849,3951.6000000000004
11850,4329.400000000001
11851,4518.2
11852,4626.0
11853,3643.2000000000003
11854,3067.6
11855,4093.6000000000004
11856,4283.6
11857,4321.2
11858,4432.8
11859,4591.6
11860,4629.0
11861,5382.8
11862,6301.400000000001
11863,6371.6
11864,6206.800000000001
11865,5743.6
11866,5421.8
11867,4852.0
11868,5869.400000000001
11869,7917.400000000001
11870,7845.400000000001
11871,8101.400000000001
11872,7153.6
11873,8127.6
11874,7011.000000000001
11875,7442.6
11876,7058.0
11877,7027.200000000001
11878,6984.6
11879,3821.2000000000003
11880,4292.6
11881,4142.0
11882,3042.2000000000003
11883,3711.8
11884,3503.8
11885,2666.2
11886,2908.6
11887,2714.2
11888,2014.8000000000002
11889,1789.6000000000001
11890,1682.0
11891,1105.8000000000002
11892,1389.4
11893,1537.8000000000002
11894,1409.4
11895,1275.6
11896,1651.0
11897,2208.8
11898,2026.8000000000002
11899,2527.8
11900,3160.8
11901,3589.0
11902,3475.6000000000004
11903,2854.4
11904,2689.4
11905,3057.8
11906,2781.4
11907,2791.6000000000004
11908,3088.8
11909,2183.8
11910,1912.4
11911,2205.6000000000004
11912,1989.2000000000003
11913,2178.2000000000003
11914,2974.8
11915,3555.6000000000004
11916,3220.8
11917,13853.2
11918,13575.8
11919,13274.0
11920,12928.800000000001
11921,12460.800000000001
11922,12117.800000000001
11923,12546.6
11924,12619.2
11925,12506.6
11926,12229.8
11927,12630.2
11928,13214.6
11929,13947.800000000001
11930,13860.4
11931,14373.0
11932,14218.2
11933,13893.6
11934,13963.2
11935,13669.800000000001
11936,13916.000000000002
11937,13616.4
11938,13529.800000000001
11939,13465.2
11940,13408.400000000001
11941,14042.6
11942,13711.800000000001
11943,13958.2
11944,14239.800000000001
11945,14724.400000000001
11946,11274.2
11947,10885.400000000001
11948,11012.0
11949,11274.0
11950,9594.2
11951,9756.800000000001
11952,9975.0
11953,10187.6
11954,9909.6
11955,8822.4
11956,8614.2
11957,9053.2
11958,7928.800000000001
11959,7702.200000000001
11960,7937.200000000001
11961,8156.2
11962,8586.4
11963,9035.4
11964,7199.8
11965,6741.800000000001
11966,5759.6
11967,5859.0
11968,5950.200000000001
11969,5359.8
11970,5768.6
11971,6160.000000000001
11972,7274.8
11973,7796.4
11974,7003.2
11975,8099.6
11976,7390.8
11977,7848.800000000001
11978,7232.6
11979,7244.400000000001
11980,6334.6
11981,6955.000000000001
11982,7064.400000000001
11983,6733.6
11984,6438.0
11985,6337.800000000001
11986,6112.200000000001
11987,6707.8
11988,6517.2
11989,6600.400000000001
11990,6748.400000000001
11991,7326.400000000001
11992,7889.000000000001
11993,7742.400000000001
11994,7368.8
11995,8681.6
11996,7521.6
11997,7329.8
11998,7038.200000000001
11999,6903.6
12000,7055.6
12001,6752.200000000001
12002,7228.6
12003,7482.6
12004,7349.0
12005,7914.2
12006,7647.200000000001
12007,7379.400000000001
12008,8248.0
12009,7681.400000000001
12010,7686.8
12011,7424.6
12012,6719.0
12013,6426.8
12014,6712.400000000001
12015,6628.200000000001
12016,6929.8
12017,6556.8
12018,6569.200000000001
12019,6117.0
12020,5827.4
12021,5651.800000000001
12022,5356.6
12023,5174.8
12024,5762.400000000001
12025,6034.4
12026,6721.6
12027,7165.800000000001
12028,7635.200000000001
12029,8230.800000000001
12030,8417.6
12031,8454.2
12032,8001.4
12033,7666.6
12034,8686.0
12035,9075.2
12036,7158.0
12037,7965.200000000001
12038,9057.4
12039,8712.8
12040,7926.2
12041,7757.8
12042,7186.000000000001
12043,7868.200000000001
12044,7945.400000000001
12045,7911.400000000001
12046,8842.6
12047,8615.0
12048,8861.2
12049,8587.800000000001
12050,8718.0
12051,9205.6
12052,9637.6
12053,9988.6
12054,8873.8
12055,9996.0
12056,10042.0
12057,10405.0
12058,9715.0
12059,8880.6
12060,8271.800000000001
12061,8173.6
12062,7964.8
12063,8173.200000000001
12064,8837.2
12065,9234.0
12066,13973.800000000001
12067,12709.0
12068,12385.800000000001
12069,13178.4
12070,13283.4
12071,13929.800000000001
12072,13903.800000000001
12073,14053.0
12074,13767.2
12075,14181.800000000001
12076,14257.400000000001
12077,14258.600000000002
12078,14012.000000000002
12079,14954.800000000001
12080,14558.2
12081,14003.400000000001
12082,13638.400000000001
12083,13741.600000000002
12084,13906.2
12085,14012.0
12086,14376.2
12087,14789.4
12088,14613.2
12089,14506.2
12090,14685.800000000001
12091,14843.800000000001
12092,14765.2
12093,14804.0
12094,14960.800000000001
12095,12298.800000000001
12096,11921.000000000002
12097,11729.0
12098,12399.8
12099,12324.400000000001
12100,12422.0
12101,11928.2
12102,12734.6
12103,12291.400000000001
12104,12275.800000000001
12105,12152.600000000002
12106,11651.800000000001
12107,11495.600000000002
12108,10376.4
12109,9343.2
12110,9203.6
12111,8253.6
12112,7606.200000000001
12113,6933.800000000001
12114,7256.800000000001
12115,6824.400000000001
12116,6224.800000000001
12117,6581.400000000001
12118,6079.200000000001
12119,6046.8
12120,6077.200000000001
12121,5324.2
12122,4836.0
12123,4870.6
12124,5058.2
12125,5227.6
12126,5772.8
12127,5492.8
12128,5908.6
12129,6016.800000000001
12130,6057.6
12131,6032.200000000001
12132,6295.8
12133,6862.2
12134,7629.6
12135,6286.000000000001
12136,6723.400000000001
12137,6067.400000000001
12138,6248.0
12139,5955.8
12140,5488.200000000001
12141,5815.400000000001
12142,7047.800000000001
12143,7185.8
12144,5984.0
12145,5313.400000000001
12146,5638.0
12147,5341.6
12148,5228.0
12149,5050.000000000001
12150,5163.0
12151,5494.8
12152,5861.0
12153,5899.8
12154,5846.000000000001
12155,6785.8
12156,6358.6
12157,6253.000000000001
12158,6826.6
12159,6307.8
12160,7169.400000000001
12161,6970.8
12162,8188.200000000001
12163,6964.0
12164,7418.6
12165,7699.400000000001
12166,7448.6
12167,7975.8
12168,8896.6
12169,8577.0
12170,10553.800000000001
12171,9175.8
12172,9682.400000000001
12173,10118.4
12174,10869.800000000001
12175,10631.6
12176,11127.2
12177,9622.800000000001
12178,12473.2
12179,11350.600000000002
12180,11161.0
12181,11354.2
12182,11915.600000000002
12183,12317.6
12184,12619.2
12185,13275.2
12186,12788.2
12187,12408.800000000001
12188,12278.600000000002
12189,12178.800000000001
12190,11804.6
12191,11753.400000000001
12192,11491.6
12193,11504.0
12194,11027.600000000002
12195,11192.8
12196,11748.2
12197,12262.400000000001
12198,12094.000000000002
12199,11390.400000000001
12200,11508.6
12201,12963.000000000002
12202,12539.4
12203,12974.4
12204,12394.4
12205,13743.000000000002
12206,13395.600000000002
12207,5291.6
12208,5082.6
12209,4650.4
12210,3803.2
12211,3864.2000000000003
12212,3798.8
12213,4941.4
12214,4962.2
12215,4784.0
12216,4956.200000000001
12217,4729.200000000001
12218,4296.8
12219,4171.200000000001
12220,4344.0
12221,4477.0
12222,4469.8
12223,4845.8
12224,5322.6
12225,5065.2
12226,5217.8
12227,5168.200000000001
12228,5658.4
12229,5375.400000000001
12230,5887.400000000001
12231,5431.200000000001
12232,4809.6
12233,4094.2000000000003
12234,3963.4000000000005
12235,3724.8
12236,2938.4
12237,2782.6000000000004
12238,2681.0
12239,2857.6000000000004
12240,3126.8
12241,2537.4
12242,2938.2000000000003
12243,2964.6000000000004
12244,2683.0
12245,2987.2000000000003
12246,2565.6
12247,3669.4
12248,4211.8
12249,4082.8
12250,4191.2
12251,2686.6000000000004
12252,3493.0
12253,4048.2
12254,4170.8
12255,4539.4
12256,5185.400000000001
12257,4765.6
12258,5047.8
12259,5851.6
12260,6693.200000000001
12261,6300.8
12262,6512.8
12263,6410.6
12264,6431.400000000001
12265,6369.000000000001
12266,6245.2
12267,7444.400000000001
12268,14269.400000000001
12269,13655.000000000002
12270,13549.2
12271,13773.6
12272,14118.800000000001
12273,14328.2
12274,14372.2
12275,14483.2
12276,14193.6
12277,13935.6
12278,13689.2
12279,13158.0
12280,13238.2
12281,13422.800000000001
12282,12519.400000000001
12283,11913.4
12284,11613.800000000001
12285,11460.4
12286,10816.6
12287,10298.4
12288,10477.199999999999
12289,11116.2
12290,10703.400000000001
12291,9893.6
12292,9816.800000000001
12293,9097.6
12294,8901.199999999999
12295,9197.400000000001
12296,10865.6
12297,881.0
12298,1749.0
12299,2587.0
12300,3546.6000000000004
12301,4084.8
12302,4662.2
12303,4783.2
12304,4462.6
12305,4912.4
12306,5584.0
12307,5490.000000000001
12308,6030.200000000001
12309,5555.0
12310,5894.200000000001
12311,6644.400000000001
12312,6174.200000000001
12313,6450.6
12314,6722.400000000001
12315,7601.400000000001
12316,6615.400000000001
12317,5658.2
12318,4410.6
12319,2540.4
12320,2231.2000000000003
12321,1545.8000000000002
12322,1464.4
12323,1263.0
12324,950.4
12325,1067.2
12326,1191.8000000000002
12327,1089.6
12328,751.4000000000001
12329,750.6
12330,1471.8000000000002
12331,1888.6
12332,1206.4
12333,1260.8000000000002
12334,1141.8000000000002
12335,1132.6
12336,1152.0
12337,1293.2
12338,1309.4
12339,955.6
12340,1165.0
12341,1173.2
12342,963.8
12343,954.6
12344,597.4
12345,615.6
12346,614.0
12347,726.4000000000001
12348,1716.8
12349,2181.4
12350,1880.4
12351,1421.8000000000002
12352,1795.6000000000001
12353,2349.6
12354,1264.2
12355,1957.8000000000002
12356,1159.2
12357,1224.0
12358,788.4000000000001
12359,761.4000000000001
12360,593.4000000000001
12361,690.6
12362,619.4
12363,822.6000000000001
12364,784.4000000000001
12365,665.6
12366,588.6
12367,650.6
12368,567.4000000000001
12369,653.8000000000001
12370,724.4000000000001
12371,1285.2000000000003
12372,1765.6
12373,1427.2000000000003
12374,1983.0
12375,2337.8
12376,2430.4
12377,3419.2000000000003
12378,2815.0
12379,3155.8
12380,3025.2000000000003
12381,3170.8
12382,4184.400000000001
12383,3934.8
12384,3577.6000000000004
12385,3698.8
12386,2363.2
12387,2382.0
12388,2205.4
12389,1892.0
12390,2055.8
12391,2343.8
12392,2591.2000000000003
12393,1468.8000000000002
12394,1805.8000000000002
12395,1162.4
12396,1170.0
12397,1369.2
12398,1368.6000000000001
12399,1650.6000000000001
12400,1882.4
12401,2223.8
12402,2376.6
12403,2746.8
12404,2427.6000000000004
12405,2982.2
12406,2597.0
12407,3114.8
12408,4235.0
12409,4644.2
12410,5650.400000000001
12411,5193.000000000001
12412,5327.8
12413,5774.200000000001
12414,5613.400000000001
12415,6082.400000000001
12416,6413.8
12417,7374.0
12418,7319.200000000001
12419,7410.200000000001
12420,8425.0
12421,8565.4
12422,8426.800000000001
12423,8190.4
12424,7878.2
12425,6923.6
12426,5039.0
12427,4323.200000000001
12428,3945.4
12429,3625.4
12430,4252.0
12431,4357.400000000001
12432,3740.8
12433,3316.4
12434,2566.2000000000003
12435,13543.2
12436,12252.400000000001
12437,12513.600000000002
12438,11975.2
12439,12511.6
12440,13086.800000000001
12441,13300.8
12442,13774.400000000001
12443,13942.4
12444,13945.400000000001
12445,14508.6
12446,14554.400000000001
12447,14583.2
12448,14702.400000000001
12449,14711.2
12450,14114.600000000002
12451,14859.400000000001
12452,14680.800000000001
12453,14517.400000000001
12454,14442.6
12455,14338.0
12456,14188.2
12457,14237.0
12458,14302.000000000002
12459,14456.0
12460,14423.2
12461,13961.800000000001
12462,14298.800000000001
12463,14933.000000000002
12464,11588.6
12465,10336.4
12466,9789.2
12467,9483.6
12468,10547.2
12469,10409.6
12470,10870.6
12471,10377.4
12472,10120.4
12473,10541.0
12474,11501.6
12475,11761.000000000002
12476,12093.0
12477,12912.8
12478,13299.6
12479,13650.400000000001
12480,13976.2
12481,14075.6
12482,14078.4
12483,13998.6
12484,14148.800000000001
12485,14049.0
12486,13992.4
12487,13508.0
12488,13377.800000000001
12489,13324.0
12490,13289.2
12491,13542.400000000001
12492,13541.6
12493,13304.6
12494,12801.0
12495,11734.400000000001
12496,11313.800000000001
12497,10364.2
12498,10292.0
12499,9661.6
12500,9632.4
12501,8529.800000000001
12502,8267.6
12503,7266.6
12504,6844.2
12505,5989.8
12506,5383.8
12507,6099.400000000001
12508,6891.400000000001
12509,7624.800000000001
12510,8484.2
12511,8075.0
12512,8554.000000000002
12513,7527.0
12514,8498.199999999999
12515,9015.400000000001
12516,8855.2
12517,8292.4
12518,7904.8
12519,8806.4
12520,8812.800000000001
12521,7993.6
12522,8110.8
12523,8232.4
12524,8417.800000000001
12525,8053.0
12526,9094.4
12527,8238.400000000001
12528,7373.8
12529,8387.400000000001
12530,7831.0
12531,7622.000000000001
12532,7192.000000000001
12533,10068.2
12534,9964.2
12535,9314.400000000001
12536,8621.6
12537,8747.0
12538,8182.2
12539,7937.800000000001
12540,7258.0
12541,7458.200000000001
12542,8163.6
12543,9042.0
12544,8918.800000000001
12545,8255.6
12546,9111.0
12547,9209.6
12548,9054.6
12549,8107.6
12550,8096.400000000001
12551,6995.6
12552,7222.6
12553,8864.0
12554,9166.400000000001
12555,9046.400000000001
12556,8695.4
12557,7407.200000000001
12558,7233.200000000001
12559,7169.0
12560,7922.200000000001
12561,8148.2
12562,9007.6
12563,8217.0
12564,7772.400000000001
12565,8787.400000000001
12566,9690.0
12567,9587.2
12568,8324.800000000001
12569,7843.400000000001
12570,9456.2
12571,9235.800000000001
12572,9890.4
12573,10402.6
12574,10339.4
12575,11381.800000000001
12576,10399.6
12577,9237.8
12578,9020.6
12579,8513.800000000001
12580,8048.6
12581,8319.0
12582,9466.6
12583,9774.4
12584,8903.8
12585,8668.2
12586,8939.400000000001
12587,9997.8
12588,14969.600000000002
12589,14033.4
12590,13611.600000000002
12591,13406.400000000001
12592,13778.6
12593,13514.4
12594,13701.000000000002
12595,13695.2
12596,14217.2
12597,14531.2
12598,14982.600000000002
12599,15055.600000000002
12600,14838.800000000001
12601,15305.2
12602,15330.000000000002
12603,14722.2
12604,14586.4
12605,14742.6
12606,14150.2
12607,14288.400000000001
12608,14730.8
12609,14512.6
12610,14132.000000000002
12611,14333.400000000001
12612,14149.2
12613,14356.400000000001
12614,13481.2
12615,13556.2
12616,14390.800000000001
12617,7791.200000000001
12618,7707.6
12619,7757.000000000001
12620,7531.200000000001
12621,7393.4
12622,7371.400000000001
12623,8964.0
12624,8673.4
12625,8548.0
12626,10058.400000000001
12627,10204.000000000002
12628,9761.400000000001
12629,8895.2
12630,8852.800000000001
12631,8026.8
12632,7783.0
12633,7354.6
12634,7332.200000000001
12635,6394.800000000001
12636,6966.6
12637,7539.4
12638,6549.6
12639,6053.200000000001
12640,5784.400000000001
12641,5454.6
12642,6048.8
12643,6219.8
12644,6097.800000000001
12645,6161.0
12646,7256.000000000001
12647,7742.400000000001
12648,8120.200000000001
12649,8352.2
12650,8964.800000000001
12651,7836.400000000001
12652,7959.4
12653,6359.800000000001
12654,6816.400000000001
12655,6698.400000000001
12656,6595.200000000001
12657,5870.6
12658,5929.2
12659,6490.4
12660,6075.6
12661,6260.0
12662,6813.8
12663,6971.200000000001
12664,8037.200000000001
12665,7112.0
12666,7087.8
12667,7726.200000000001
12668,7644.6
12669,8423.6
12670,9149.0
12671,8526.8
12672,7628.2
12673,7992.200000000001
12674,7360.400000000001
12675,10490.0
12676,11634.400000000001
12677,11376.0
12678,11676.4
12679,11407.400000000001
12680,11503.2
12681,14300.400000000001
12682,13384.600000000002
12683,13331.4
12684,13245.0
12685,13157.2
12686,13099.400000000001
12687,13439.400000000001
12688,14174.2
12689,14671.2
12690,14460.000000000002
12691,13585.6
12692,13581.600000000002
12693,13423.000000000002
12694,13869.000000000002
12695,13993.800000000001
12696,14261.0
12697,13829.000000000002
12698,14669.600000000002
12699,15457.600000000002
12700,15766.600000000002
12701,14732.2
12702,12988.6
12703,12313.800000000001
12704,11882.2
12705,11966.0
12706,12045.2
12707,12256.2
12708,12539.400000000001
12709,13538.2
12710,4637.4
12711,4704.0
12712,4140.8
12713,4636.200000000001
12714,4598.6
12715,4766.6
12716,4401.6
12717,4141.0
12718,3714.4
12719,3049.2000000000003
12720,2919.8
12721,2872.0
12722,3789.8
12723,3412.0
12724,4160.0
12725,3550.4
12726,3393.2000000000003
12727,3538.8
12728,3389.2
12729,3164.0
12730,3328.0
12731,4944.6
12732,5702.8
12733,5357.4
12734,5880.0
12735,7582.200000000001
12736,6652.400000000001
12737,6692.000000000001
12738,6254.6
12739,6213.400000000001
12740,5229.8
12741,4494.8
12742,4002.0
12743,3956.0
12744,3423.2
12745,3968.2
12746,3268.3999999999996
12747,3697.4
12748,3799.4
12749,3271.0
12750,3605.4
12751,3668.2000000000003
12752,4124.2
12753,4313.0
12754,5176.0
12755,5668.0
12756,6161.400000000001
12757,6551.400000000001
12758,6400.6
12759,7108.0
12760,7761.0
12761,9558.0
12762,9752.6
12763,10179.2
12764,10160.6
12765,10520.6
12766,15126.2
12767,14572.8
12768,14641.2
12769,14138.400000000001
12770,13990.6
12771,13991.600000000002
12772,13769.600000000002
12773,13190.0
12774,13416.000000000002
12775,12875.800000000001
12776,12701.2
12777,13357.600000000002
12778,14489.2
12779,14871.2
12780,14209.400000000001
12781,13726.000000000002
12782,13158.4
12783,12653.0
12784,12779.4
12785,12399.800000000001
12786,12573.2
12787,12046.2
12788,11228.800000000001
12789,11197.800000000001
12790,10907.8
12791,11964.2
12792,12407.4
12793,12513.000000000002
12794,14152.000000000002
12795,4152.200000000001
12796,4222.0
12797,5276.2
12798,4374.8
12799,4807.2
12800,5236.0
12801,5294.200000000001
12802,5125.0
12803,6641.400000000001
12804,7442.400000000001
12805,7517.800000000001
12806,8079.6
12807,7890.200000000001
12808,9274.2
12809,10776.2
12810,13218.6
12811,14234.800000000001
12812,15763.6
12813,15830.000000000002
12814,15825.4
12815,15868.800000000001
12816,15898.800000000001
12817,15961.4
12818,16006.400000000001
12819,15990.000000000002
12820,16067.0
12821,16109.0
12822,16142.000000000002
12823,16260.2
12824,16244.6
12825,16296.2
12826,16377.0
12827,16400.0
12828,16425.600000000002
12829,16465.600000000002
12830,16487.800000000003
12831,16433.2
12832,16425.600000000002
12833,16419.800000000003
12834,16499.0
12835,16432.2
12836,16332.6
12837,16403.6
12838,16430.8
12839,16425.4
12840,16439.6
12841,16416.4
12842,16379.2
12843,16249.2
12844,16164.6
12845,16153.8
12846,16131.6
12847,16099.2
12848,16028.400000000001
12849,16044.6
12850,15926.0
12851,15740.0
12852,15661.800000000001
12853,15568.400000000001
12854,15536.6
12855,15468.600000000002
12856,15407.400000000001
12857,15387.000000000002
12858,15364.600000000002
12859,15364.000000000002
12860,15376.0
12861,15377.800000000001
12862,15361.6
12863,15383.4
12864,15356.2
12865,15363.4
12866,15378.6
12867,15382.600000000002
12868,15375.2
12869,15355.6
12870,15262.2
12871,15285.2
12872,15398.8
12873,15464.000000000002
12874,15500.400000000001
12875,15489.400000000001
12876,15395.8
12877,15461.4
12878,15487.4
12879,15488.0
12880,15462.8
12881,15590.800000000001
12882,15497.6
12883,15463.000000000002
12884,15473.800000000001
12885,15444.8
12886,15443.800000000001
12887,15446.2
12888,15412.2
12889,15408.800000000001
12890,15391.800000000001
12891,15355.6
12892,15359.400000000001
12893,15336.000000000002
12894,15312.2
12895,15325.0
12896,15350.400000000001
12897,15361.6
12898,15424.0
12899,15479.6
12900,15555.800000000001
12901,15569.400000000001
12902,15512.0
12903,15509.2
12904,15520.800000000001
12905,15448.800000000001
12906,15376.400000000001
12907,15260.000000000002
12908,15228.800000000001
12909,15149.600000000002
12910,15144.6
12911,15014.8
12912,15044.6
12913,15031.000000000002
12914,15031.000000000002
12915,15034.2
12916,15087.800000000001
12917,15129.0
12918,15160.0
12919,15138.000000000002
12920,15111.2
12921,15123.4
12922,15127.600000000002
12923,14860.400000000001
12924,14731.0
12925,14856.0
12926,14918.6
12927,15006.0
12928,15124.4
12929,15207.400000000001
12930,15319.4
12931,15421.400000000001
12932,15653.4
12933,15783.800000000001
12934,15884.8
12935,15905.400000000001
12936,15872.2
12937,15923.400000000001
12938,15866.2
12939,15944.800000000001
12940,16032.6
12941,16049.800000000001
12942,15940.400000000001
12943,15926.600000000002
12944,15927.2
12945,15851.4
12946,15863.2
12947,15948.400000000001
12948,16070.6
12949,16055.2
12950,16049.400000000001
12951,16225.2
12952,17060.0
12953,16998.4
12954,16890.0
12955,16763.600000000002
12956,16748.6
12957,16746.4
12958,16516.800000000003
12959,16340.800000000001
12960,16206.0
12961,16132.800000000001
12962,15887.600000000002
12963,15830.0
12964,15692.000000000002
12965,15602.0
12966,15542.2
12967,15524.600000000002
12968,15451.6
12969,15378.6
12970,15234.600000000002
12971,15234.2
12972,15231.4
12973,15167.0
12974,15190.0
12975,15216.2
12976,15124.0
12977,15127.000000000002
12978,15013.800000000001
12979,14954.0
12980,14893.4
12981,14900.2
12982,14896.800000000001
12983,14857.4
12984,14765.6
12985,14632.0
12986,14595.600000000002
12987,14536.6
12988,14551.4
12989,14514.2
12990,14291.400000000001
12991,13137.400000000001
12992,12137.800000000001
12993,10126.400000000001
12994,9317.000000000002
12995,9351.6
12996,11454.0
12997,13540.0
12998,14196.0
12999,14344.6
13000,14377.0
13001,14412.800000000001
13002,14432.400000000001
13003,14436.800000000001
13004,14442.8
13005,14548.0
13006,14498.4
13007,14543.6
13008,14608.800000000001
13009,14718.800000000001
13010,14798.2
13011,14800.0
13012,14694.400000000001
13013,14720.400000000001
13014,14745.2
13015,14665.2
13016,14661.800000000001
13017,14634.2
13018,14670.4
13019,14712.400000000001
13020,14807.0
13021,14665.400000000001
13022,14675.600000000002
13023,14746.800000000001
13024,14723.800000000001
13025,14727.4
13026,14676.400000000001
13027,14513.2
13028,14501.0
13029,14510.6
13030,14565.800000000001
13031,14584.6
13032,14592.4
13033,14656.800000000001
13034,14697.800000000001
13035,14740.2
13036,14801.0
13037,14776.800000000001
13038,14880.400000000001
13039,14880.6
13040,14814.2
13041,14805.6
13042,14820.400000000001
13043,14782.800000000001
13044,14731.400000000001
13045,14700.6
13046,14673.6
13047,14607.2
13048,14649.2
13049,14600.800000000001
13050,14583.0
13051,14531.0
13052,13751.400000000001
13053,11974.4
13054,10378.6
13055,11186.8
13056,12156.800000000001
13057,13149.400000000001
13058,14639.2
13059,14933.4
13060,15010.600000000002
13061,15068.400000000001
13062,15120.0
13063,15177.400000000001
13064,15277.000000000002
13065,15403.400000000001
13066,15483.800000000001
13067,15674.2
13068,15761.2
13069,15787.2
13070,15817.0
13071,15781.400000000001
13072,15794.800000000001
13073,15833.400000000001
13074,15962.2
13075,16053.400000000001
13076,16097.600000000002
13077,16193.400000000001
13078,16210.800000000001
13079,16302.6
13080,16351.000000000002
13081,16425.600000000002
13082,16546.600000000002
13083,16468.2
13084,16527.2
13085,16558.2
13086,16644.0
13087,16877.0
13088,17006.2
13089,17175.0
13090,15957.800000000001
13091,15906.800000000001
13092,15993.800000000001
13093,16117.0
13094,16256.800000000001
13095,16303.2
13096,16419.6
13097,16487.600000000002
13098,16606.0
13099,16670.0
13100,16692.4
13101,16702.8
13102,16675.0
13103,16724.0
13104,16811.600000000002
13105,16759.600000000002
13106,16742.4
13107,16576.6
13108,16220.600000000002
13109,16013.2
13110,15870.600000000002
13111,15676.800000000001
13112,15506.800000000001
13113,15394.2
13114,15279.0
13115,15176.6
13116,15138.800000000001
13117,15050.400000000001
13118,15059.6
13119,17099.4
13120,16930.4
13121,16760.800000000003
13122,16626.4
13123,16511.0
13124,16420.4
13125,16309.800000000001
13126,16230.2
13127,16136.400000000001
13128,16050.0
13129,15999.0
13130,15940.0
13131,15878.600000000002
13132,15813.000000000002
13133,15765.800000000001
13134,15693.6
13135,15629.800000000001
13136,15622.800000000001
13137,15588.800000000001
13138,15599.400000000001
13139,15579.800000000001
13140,15549.6
13141,15545.6
13142,15530.8
13143,15533.2
13144,15524.800000000001
13145,15524.4
13146,15551.600000000002
13147,15544.0
13148,15545.2
13149,15525.400000000001
13150,15505.6
13151,15513.2
13152,15522.0
13153,15509.6
13154,15539.4
13155,15587.2
13156,15595.2
13157,15620.6
13158,15657.6
13159,15667.6
13160,15707.6
13161,15747.6
13162,15799.600000000002
13163,15814.0
13164,15861.800000000001
13165,15924.400000000001
13166,15974.2
13167,16023.2
13168,16068.4
13169,16113.0
13170,16166.2
13171,16241.400000000001
13172,16315.400000000001
13173,16309.6
13174,16307.000000000002
13175,16350.400000000001
13176,16398.4
13177,16483.2
13178,15342.2
13179,15248.4
13180,15202.2
13181,14905.0
13182,14914.2
13183,15075.4
13184,15321.2
13185,15562.2
13186,15758.800000000001
13187,15868.2
13188,15956.800000000001
13189,16019.6
13190,16107.8
13191,16205.6
13192,16241.0
13193,16203.0
13194,16193.4
13195,16180.2
13196,16167.6
13197,16120.000000000002
13198,16079.800000000001
13199,16035.800000000001
13200,15948.0
13201,15900.2
13202,15850.0
13203,15786.4
13204,15688.400000000001
13205,15650.600000000002
13206,15475.600000000002
13207,15674.000000000002
13208,14814.400000000001
13209,14179.2
13210,13571.8
13211,12590.800000000001
13212,9994.0
13213,7875.0
13214,6732.799999999999
13215,5463.200000000001
13216,4323.2
13217,4470.400000000001
13218,4012.4000000000005
13219,3833.6000000000004
13220,3963.0
13221,4535.200000000001
13222,5217.6
13223,5894.6
13224,6598.000000000001
13225,7925.800000000001
13226,9494.8
13227,11219.800000000001
13228,11672.6
13229,11969.4
13230,12860.2
13231,12772.400000000001
13232,13096.0
13233,13314.400000000001
13234,13712.400000000001
13235,12967.400000000001
13236,13114.2
13237,12817.2
13238,12086.800000000001
13239,11720.000000000002
13240,10486.4
13241,9210.400000000001
13242,9219.4
13243,8174.200000000001
13244,6401.800000000001
13245,4843.4
13246,3997.0
13247,2748.2
13248,1894.0
13249,2126.8
13250,2574.2
13251,3205.6000000000004
13252,3977.6000000000004
13253,5014.6
13254,7100.6
13255,8658.0
13256,11086.000000000002
13257,12010.800000000001
13258,12426.2
13259,13259.2
13260,13584.2
13261,14151.800000000001
13262,14151.6
13263,14318.6
13264,14210.000000000002
13265,13816.6
13266,14293.800000000001
13267,14089.8
13268,13224.6
13269,12946.2
13270,12863.000000000002
13271,12016.400000000001
13272,11099.6
13273,8438.6
13274,7108.200000000001
13275,6061.400000000001
13276,4729.4
13277,3544.8
13278,3192.0
13279,3058.6000000000004
13280,4153.200000000001
13281,4386.6
13282,5258.400000000001
13283,15019.2
13284,14692.400000000001
13285,14506.4
13286,14590.2
13287,14921.2
13288,15086.800000000001
13289,15193.6
13290,15276.400000000001
13291,15363.600000000002
13292,15422.600000000002
13293,15513.6
13294,15586.8
13295,15666.400000000001
13296,15733.2
13297,15814.600000000002
13298,15955.0
13299,16069.800000000001
13300,16091.400000000001
13301,16113.600000000002
13302,16174.000000000002
13303,16234.0
13304,16273.800000000001
13305,16254.400000000001
13306,16216.400000000001
13307,16168.400000000001
13308,16093.400000000001
13309,16091.800000000001
13310,16068.2
13311,16146.6
13312,16318.400000000001
13313,16345.2
13314,16317.600000000002
13315,16304.0
13316,16178.6
13317,16164.800000000001
13318,16184.6
13319,16276.2
13320,16303.2
13321,16279.8
13322,16331.600000000002
13323,16321.2
13324,16322.6
13325,16306.800000000001
13326,16261.800000000001
13327,16193.400000000001
13328,16199.2
13329,16122.400000000001
13330,16084.600000000002
13331,16074.2
13332,15960.000000000002
13333,15913.2
13334,15760.0
13335,15730.0
13336,15698.400000000001
13337,15681.2
13338,15690.6
13339,15679.2
13340,15741.600000000002
13341,15802.0
13342,15794.2
13343,15819.6
13344,15788.2
13345,15841.000000000002
13346,15907.800000000001
13347,15952.600000000002
13348,15971.6
13349,16043.000000000002
13350,16010.2
13351,16019.800000000001
13352,16014.0
13353,16058.2
13354,16015.400000000001
13355,16061.2
13356,16112.800000000001
13357,16138.6
13358,16062.600000000002
13359,16087.000000000002
13360,16206.2
13361,16179.000000000002
13362,16271.000000000002
13363,16293.2
13364,16252.8
13365,16308.2
13366,16324.000000000002
13367,16344.6
13368,16373.6
13369,16383.2
13370,16310.2
13371,16305.2
13372,16255.2
13373,16223.6
13374,16214.800000000001
13375,16241.0
13376,16225.800000000001
13377,16228.2
13378,16219.6
13379,16153.800000000001
13380,16193.600000000002
13381,16273.0
13382,16401.600000000002
13383,16301.4
13384,16177.800000000001
13385,15963.800000000001
13386,15882.2
13387,15863.400000000001
13388,15846.800000000001
13389,15834.400000000001
13390,15770.2
13391,15793.4
13392,15734.2
13393,15641.2
13394,15637.8
13395,15564.0
13396,15554.0
13397,15553.400000000001
13398,15539.600000000002
13399,15518.400000000001
13400,15536.600000000002
13401,15544.400000000001
13402,15535.400000000001
13403,15544.600000000002
13404,15554.6
13405,15560.800000000001
13406,15620.0
13407,15624.2
13408,15647.400000000001
13409,15719.0
13410,15828.6
13411,15827.800000000001
13412,15784.6
13413,15883.400000000001
13414,16058.600000000002
13415,16167.400000000001
13416,16214.6
13417,16166.0
13418,16303.2
13419,16303.2
13420,16203.2
13421,16278.8
13422,16312.6
13423,16336.8
13424,16367.800000000001
13425,16411.2
13426,16356.400000000001
13427,16348.2
13428,16385.4
13429,16397.8
13430,16399.0
13431,16379.6
13432,16372.800000000001
13433,16330.800000000001
13434,16300.6
13435,16316.4
13436,16248.6
13437,16371.4
13438,16349.800000000001
13439,16359.0
13440,16322.800000000001
13441,16363.2
13442,16328.0
13443,16328.6
13444,16301.400000000001
13445,16273.400000000001
13446,16236.0
13447,16226.400000000001
13448,16154.400000000001
13449,15681.600000000002
13450,15695.800000000001
13451,15713.800000000001
13452,15778.2
13453,15918.600000000002
13454,16176.800000000001
13455,16400.600000000002
13456,16527.2
13457,16656.4
13458,16767.4
13459,16886.0
13460,16994.600000000002
13461,17089.6
13462,17131.6
13463,17138.4
13464,17239.2
13465,17151.800000000003
13466,17054.800000000003
13467,16869.2
13468,16801.600000000002
13469,16638.6
13470,16571.800000000003
13471,16566.2
13472,16520.600000000002
13473,16324.400000000001
13474,16089.600000000002
13475,15407.800000000001
13476,15726.0
13477,16349.2
13478,17019.8
13479,17166.800000000003
13480,17180.2
13481,17130.0
13482,17122.0
13483,17139.4
13484,17137.4
13485,17233.800000000003
13486,17151.4
13487,17134.0
13488,17303.8
13489,17217.4
13490,17175.0
13491,17141.4
13492,17113.2
13493,17183.600000000002
13494,17052.600000000002
13495,16966.6
13496,16905.8
13497,16792.8
13498,16814.2
13499,16804.600000000002
13500,16888.0
13501,16728.800000000003
13502,16480.4
13503,16468.4
13504,16431.600000000002
13505,16400.0
13506,16363.6
13507,16298.4
13508,16134.0
13509,16159.600000000002
13510,16207.6
13511,16124.400000000001
13512,16045.0
13513,16038.2
13514,15997.600000000002
13515,15910.4
13516,15980.4
13517,15904.800000000001
13518,15821.800000000001
13519,15729.400000000001
13520,15715.800000000001
13521,15642.2
13522,15648.000000000002
13523,15543.800000000001
13524,15507.2
13525,15319.8
13526,15242.800000000001
13527,15142.600000000002
13528,15043.400000000001
13529,15011.800000000001
13530,14951.2
13531,14906.800000000001
13532,14574.800000000001
13533,12684.0
13534,10594.000000000002
13535,10720.6
13536,10753.6
13537,12100.6
13538,13503.4
13539,14807.8
13540,14997.000000000002
13541,15110.2
13542,15146.4
13543,15190.600000000002
13544,15250.400000000001
13545,15323.400000000001
13546,15361.2
13547,15509.4
13548,15627.800000000001
13549,15667.2
13550,15754.0
13551,15891.400000000001
13552,15933.400000000001
13553,16102.2
13554,16093.400000000001
13555,16138.600000000002
13556,16215.400000000001
13557,16333.800000000001
13558,16375.2
13559,16514.0
13560,16633.4
13561,16671.2
13562,16791.2
13563,16736.2
13564,16902.2
13565,17058.6
13566,17162.4
13567,17204.4
13568,17321.8
13569,17328.0
13570,17313.8
13571,17441.2
13572,17337.2
13573,17472.4
13574,17532.4
13575,17617.2
13576,17674.0
13577,17760.800000000003
13578,17799.4
13579,17917.600000000002
13580,17866.0
13581,17897.2
13582,17893.800000000003
13583,17814.8
13584,16920.800000000003
13585,16770.4
13586,16922.4
13587,17099.8
13588,17285.6
13589,17426.600000000002
13590,17564.4
13591,17660.8
13592,17674.800000000003
13593,17713.4
13594,17769.2
13595,17804.4
13596,17908.4
13597,17986.4
13598,18017.2
13599,18017.4
13600,18032.2
13601,17998.800000000003
13602,18007.0
13603,17931.2
13604,17797.0
13605,17702.4
13606,17550.4
13607,17385.0
13608,17242.2
13609,17058.4
13610,16903.2
13611,16814.2
13612,16887.2
13613,18217.800000000003
13614,18105.4
13615,17982.4
13616,17892.800000000003
13617,17851.0
13618,17801.4
13619,17760.4
13620,17738.4
13621,17703.2
13622,17698.2
13623,17636.6
13624,17579.8
13625,17471.600000000002
13626,17400.0
13627,17329.6
13628,17263.4
13629,17199.4
13630,17166.800000000003
13631,17070.6
13632,16967.6
13633,16878.2
13634,16807.600000000002
13635,16764.8
13636,16665.2
13637,16623.6
13638,16570.4
13639,16512.2
13640,16465.6
13641,16416.800000000003
13642,16370.0
13643,16280.2
13644,16250.000000000002
13645,16220.6
13646,16178.800000000001
13647,16156.0
13648,16135.0
13649,16139.2
13650,16132.4
13651,16113.2
13652,16101.6
13653,16090.6
13654,16070.8
13655,16072.400000000001
13656,16032.4
13657,16006.800000000001
13658,15996.4
13659,15961.6
13660,15944.800000000001
13661,15946.800000000001
13662,15926.2
13663,15934.0
13664,15957.8
13665,15968.2
13666,15987.000000000002
13667,16012.400000000001
13668,16045.2
13669,16071.800000000001
13670,16111.4
13671,16153.800000000001
13672,16196.600000000002
13673,16275.800000000001
13674,16350.400000000001
13675,16409.6
13676,16487.0
13677,16585.4
13678,16672.2
13679,16757.2
13680,16832.4
13681,16940.0
13682,17080.4
13683,17210.4
13684,17306.2
13685,17430.4
13686,17549.800000000003
13687,17689.4
13688,17807.8
13689,17947.800000000003
13690,18025.6
13691,18114.8
13692,18219.6
13693,18298.6
13694,18357.2
13695,17512.4
13696,17400.600000000002
13697,17421.600000000002
13698,17525.600000000002
13699,17606.6
13700,17680.2
13701,17766.800000000003
13702,17845.4
13703,17914.2
13704,17930.4
13705,17934.4
13706,17928.6
13707,17918.0
13708,17818.4
13709,17808.800000000003
13710,17805.600000000002
13711,17767.0
13712,17727.0
13713,17657.6
13714,17601.800000000003
13715,17500.0
13716,17355.0
13717,17000.800000000003
13718,16656.600000000002
13719,16337.8
13720,16156.4
13721,15984.4
13722,15673.400000000001
13723,15772.000000000002
13724,10728.8
13725,8651.2
13726,8332.0
13727,7668.800000000001
13728,6657.6
13729,6586.8
13730,7095.400000000001
13731,6813.0
13732,7398.4
13733,7988.8
13734,10576.800000000001
13735,11464.0
13736,12570.6
13737,12572.0
13738,14305.2
13739,14939.2
13740,15449.8
13741,15738.8
13742,15688.400000000001
13743,15745.600000000002
13744,15693.8
13745,15536.400000000001
13746,15507.400000000001
13747,15437.400000000001
13748,15215.800000000001
13749,14567.400000000001
13750,14267.600000000002
13751,13397.400000000001
13752,13067.2
13753,11836.800000000001
13754,10939.0
13755,8868.2
13756,6607.4
13757,6026.6
13758,4999.6
13759,4583.200000000001
13760,4589.0
13761,3886.6
13762,3871.8
13763,4972.400000000001
13764,5970.200000000001
13765,6860.800000000001
13766,8206.400000000001
13767,9075.8
13768,9238.6
13769,10128.000000000002
13770,11670.000000000002
13771,11701.400000000001
13772,12187.800000000001
13773,12992.400000000001
13774,12994.0
13775,13054.8
13776,11860.800000000001
13777,11698.2
13778,11999.400000000001
13779,11802.6
13780,10686.2
13781,9334.400000000001
13782,7995.400000000001
13783,6858.400000000001
13784,6133.8
13785,5732.400000000001
13786,5368.400000000001
13787,5209.400000000001
13788,4929.8
13789,4782.8
13790,5221.6
13791,5070.200000000001
13792,6495.6
13793,7482.6
13794,9267.800000000001
13795,11445.2
13796,13087.6
13797,13655.8
13798,15121.2
13799,15777.2
13800,15024.2
13801,15052.600000000002
13802,14324.0
13803,13274.800000000001
13804,12085.6
13805,11321.6
13806,11575.2
13807,10278.2
13808,8900.400000000001
13809,7545.8
13810,14024.000000000002
13811,12925.2
13812,12449.400000000001
13813,12376.2
13814,11562.0
13815,12032.6
13816,12264.0
13817,11627.000000000002
13818,10897.0
13819,11770.2
13820,12161.4
13821,11641.6
13822,11967.6
13823,12217.6
13824,12124.800000000001
13825,11181.8
13826,10389.6
13827,10455.400000000001
13828,9975.2
13829,11084.0
13830,10732.0
13831,11334.800000000001
13832,11176.800000000001
13833,10672.400000000001
13834,11396.6
13835,11590.800000000001
13836,11414.2
13837,11505.800000000001
13838,12199.000000000002
13839,2140.8
13840,2197.2000000000003
13841,2236.0
13842,2168.8
13843,2139.4
13844,2155.0000000000005
13845,2212.8
13846,2243.4
13847,2337.0
13848,2349.8
13849,2505.8
13850,2468.6
13851,2290.6000000000004
13852,2496.0000000000005
13853,2234.4
13854,2484.0
13855,2530.8
13856,2670.8
13857,2460.0
13858,2405.8
13859,2221.2
13860,2317.2
13861,2346.2000000000003
13862,2196.6
13863,2205.0
13864,2334.4
13865,2295.8
13866,2362.8
13867,2572.2000000000003
13868,2482.0
13869,2677.2000000000003
13870,2937.6000000000004
13871,3638.4
13872,3737.8
13873,3837.8
13874,4234.200000000001
13875,4001.6000000000004
13876,3757.2
13877,3913.0
13878,3884.4
13879,3840.2
13880,4145.6
13881,3110.2
13882,3304.2000000000003
13883,3369.0
13884,2941.8
13885,3613.0
13886,3963.4000000000005
13887,3909.0000000000005
13888,3520.6
13889,3161.4
13890,3010.6
13891,3478.0
13892,4448.6
13893,3995.6000000000004
13894,3522.2
13895,3318.4
13896,3429.4
13897,3102.0
13898,3870.4000000000005
13899,4212.4
13900,3675.2000000000003
13901,3955.4
13902,5981.200000000001
13903,6720.6
13904,5317.4
13905,4459.200000000001
13906,4781.0
13907,4683.6
13908,4510.4
13909,5045.8
13910,4729.4
13911,4663.6
13912,5973.400000000001
13913,6553.6
13914,5489.6
13915,4944.200000000001
13916,4644.6
13917,4262.400000000001
13918,4524.6
13919,4329.6
13920,3815.6
13921,3699.8
13922,3575.4000000000005
13923,2761.8
13924,2919.6000000000004
13925,2822.6000000000004
13926,2859.8
13927,2767.4
13928,3356.0
13929,4296.0
13930,4319.8
13931,4224.4
13932,4364.6
13933,4134.0
13934,3156.4
13935,3348.0
13936,3294.6
13937,3272.2
13938,3318.0
13939,3251.0
13940,3358.2
13941,3032.4
13942,3534.6000000000004
13943,3914.0
13944,4141.4
13945,4143.0
13946,14785.400000000001
13947,13467.8
13948,13992.600000000002
13949,13932.800000000001
13950,15013.600000000002
13951,15521.2
13952,15285.800000000001
13953,15212.4
13954,14697.2
13955,14678.2
13956,14428.000000000002
13957,14775.0
13958,15516.2
13959,16309.0
13960,16310.000000000002
13961,15892.2
13962,15969.2
13963,15517.800000000001
13964,15254.000000000002
13965,15672.400000000001
13966,15868.400000000001
13967,16006.400000000001
13968,16154.0
13969,15955.400000000001
13970,15918.800000000001
13971,15783.000000000002
13972,15813.6
13973,16316.400000000001
13974,16725.2
13975,13896.2
13976,13386.6
13977,13359.0
13978,11907.0
13979,11393.0
13980,9941.6
13981,9296.4
13982,9744.400000000001
13983,9569.2
13984,10150.6
13985,10308.6
13986,10427.0
13987,12547.400000000001
13988,13420.800000000001
13989,13182.600000000002
13990,12832.2
13991,13176.0
13992,13023.0
13993,13504.0
13994,13611.0
13995,13683.0
13996,13319.800000000001
13997,12894.2
13998,12162.800000000001
13999,11597.6
14000,10116.400000000001
14001,10141.2
14002,11239.8
14003,10916.4
14004,11670.4
14005,11674.000000000002
14006,12416.000000000002
14007,12624.6
14008,12494.400000000001
14009,12620.2
14010,12790.0
14011,12645.0
14012,12735.600000000002
14013,12853.800000000001
14014,11672.2
14015,11248.2
14016,11199.400000000001
14017,9840.0
14018,9225.800000000001
14019,9716.0
14020,9905.2
14021,10055.2
14022,9570.2
14023,9262.6
14024,8829.4
14025,8752.800000000001
14026,9165.400000000001
14027,9292.800000000001
14028,8701.800000000001
14029,8627.6
14030,7893.0
14031,8499.400000000001
14032,8654.6
14033,9608.400000000001
14034,8812.6
14035,8245.400000000001
14036,8902.800000000001
14037,10240.0
14038,10406.800000000001
14039,9717.600000000002
14040,10042.0
14041,8383.8
14042,8163.400000000001
14043,8523.0
14044,7777.000000000001
14045,7605.8
14046,7795.8
14047,7536.400000000001
14048,7458.6
14049,7326.200000000001
14050,8274.2
14051,8493.2
14052,8619.800000000001
14053,7962.6
14054,7393.4
14055,7079.8
14056,7467.4
14057,7562.0
14058,7873.200000000001
14059,8683.2
14060,8659.6
14061,7924.0
14062,7919.8
14063,9045.8
14064,9265.6
14065,8843.2
14066,10132.0
14067,12284.400000000001
14068,12669.600000000002
14069,12597.400000000001
14070,13532.6
14071,13976.600000000002
14072,14728.400000000001
14073,14994.600000000002
14074,15292.400000000001
14075,15725.0
14076,15943.400000000001
14077,16070.0
14078,16327.600000000002
14079,16388.600000000002
14080,15833.8
14081,16195.6
14082,16128.2
14083,15868.0
14084,16325.0
14085,16250.8
14086,15566.6
14087,15105.6
14088,15572.0
14089,14665.800000000001
14090,14057.4
14091,13841.2
14092,13963.4
14093,13597.2
14094,13291.4
14095,13172.0
14096,13213.4
14097,16387.2
14098,15462.800000000001
14099,15792.0
14100,15951.2
14101,16098.400000000001
14102,16131.800000000001
14103,15672.400000000001
14104,16023.800000000001
14105,16012.400000000001
14106,16408.8
14107,16448.6
14108,16234.6
14109,16481.0
14110,16324.600000000002
14111,16354.2
14112,16259.600000000002
14113,15989.4
14114,15651.0
14115,15455.600000000002
14116,15375.0
14117,15193.0
14118,15355.800000000001
14119,15263.800000000001
14120,15120.0
14121,15131.6
14122,14846.4
14123,14808.800000000001
14124,15484.000000000002
14125,15991.2
14126,10788.2
14127,9611.2
14128,10819.6
14129,9734.2
14130,9084.0
14131,9240.400000000001
14132,8569.2
14133,8009.2
14134,8210.400000000001
14135,8215.6
14136,7644.0
14137,7614.4
14138,8019.800000000001
14139,7992.400000000001
14140,7301.400000000001
14141,7532.200000000001
14142,7161.4
14143,6346.200000000001
14144,6307.200000000001
14145,6059.0
14146,6168.400000000001
14147,5890.6
14148,5822.6
14149,5889.0
14150,5971.0
14151,5680.0
14152,5481.6
14153,5065.6
14154,4907.200000000001
14155,4828.0
14156,5958.6
14157,5793.4
14158,5911.8
14159,6118.8
14160,6392.0
14161,7531.6
14162,8749.0
14163,9003.0
14164,9007.6
14165,8845.6
14166,8327.2
14167,7610.0
14168,7514.200000000001
14169,7270.6
14170,6766.6
14171,6765.8
14172,6611.000000000001
14173,6117.200000000001
14174,6056.6
14175,5990.200000000001
14176,5916.6
14177,5866.6
14178,6534.4
14179,6691.6
14180,6772.400000000001
14181,7284.0
14182,6823.6
14183,7138.200000000001
14184,7178.6
14185,7333.400000000001
14186,7555.6
14187,7707.000000000001
14188,7984.200000000001
14189,7214.200000000001
14190,7372.0
14191,7710.8
14192,7755.0
14193,8053.6
14194,8520.6
14195,8545.400000000001
14196,8595.0
14197,9096.0
14198,9204.400000000001
14199,9079.2
14200,14832.2
14201,13248.2
14202,12319.800000000001
14203,12383.000000000002
14204,12489.8
14205,12876.000000000002
14206,12800.2
14207,14020.8
14208,14306.2
14209,14007.2
14210,14050.000000000002
14211,13819.8
14212,13359.0
14213,13607.8
14214,14219.400000000001
14215,15027.400000000001
14216,15326.600000000002
14217,15377.600000000002
14218,15116.800000000001
14219,15185.6
14220,15567.6
14221,15400.0
14222,14556.800000000001
14223,14165.4
14224,14599.800000000001
14225,14297.6
14226,13635.6
14227,14117.800000000001
14228,14952.4
14229,11578.2
14230,10543.0
14231,9929.0
14232,9841.400000000001
14233,9362.0
14234,9275.800000000001
14235,9271.2
14236,8795.400000000001
14237,9245.400000000001
14238,9560.400000000001
14239,9358.2
14240,9409.2
14241,8105.0
14242,7899.8
14243,8023.6
14244,8130.4
14245,7545.400000000001
14246,6931.0
14247,6524.200000000001
14248,6243.0
14249,6393.0
14250,5988.200000000001
14251,5502.800000000001
14252,4922.8
14253,4175.200000000001
14254,3993.2000000000003
14255,3746.2000000000003
14256,3686.6000000000004
14257,3540.4
14258,3167.2000000000003
14259,4442.4
14260,4673.200000000001
14261,4762.6
14262,4829.200000000001
14263,4524.8
14264,5708.0
14265,5105.6
14266,4706.8
14267,5586.4
14268,5858.200000000001
14269,5340.200000000001
14270,4791.0
14271,4090.0
14272,3600.0
14273,3652.8
14274,3377.8
14275,3043.4
14276,3181.6000000000004
14277,3431.4
14278,3335.2
14279,4721.400000000001
14280,4614.6
14281,4476.400000000001
14282,4180.6
14283,3962.6000000000004
14284,4045.2000000000003
14285,3904.6000000000004
14286,3963.2000000000003
14287,4644.400000000001
14288,4890.400000000001
14289,4493.6
14290,4531.400000000001
14291,4798.200000000001
14292,4503.2
14293,4577.4
14294,5855.8
14295,5725.0
14296,5817.6
14297,5576.6
14298,6399.0
14299,6501.200000000001
14300,6704.0
14301,7724.6
14302,7728.6
14303,7544.0
14304,7116.8
14305,7310.4
14306,7186.800000000001
14307,7148.0
14308,7278.0
14309,7019.200000000001
14310,6966.8
14311,7442.6
14312,14982.2
14313,14817.0
14314,13097.0
14315,13329.2
14316,13713.400000000001
14317,13414.600000000002
14318,13550.800000000001
14319,13986.0
14320,13524.2
14321,13453.2
14322,14482.000000000002
14323,14540.800000000001
14324,14555.600000000002
14325,14896.000000000002
14326,14339.0
14327,13829.0
14328,14306.6
14329,14101.000000000002
14330,13713.600000000002
14331,12692.2
14332,11982.6
14333,12325.800000000001
14334,12647.600000000002
14335,12259.800000000001
14336,11994.800000000001
14337,12069.600000000002
14338,12100.000000000002
14339,12517.000000000002
14340,12435.800000000001
14341,2490.4
14342,2945.4
14343,2964.0
14344,2666.2000000000003
14345,3117.6000000000004
14346,3401.0
14347,3076.4000000000005
14348,3331.8
14349,3384.6000000000004
14350,3146.0
14351,2531.2000000000003
14352,3550.6000000000004
14353,4033.0000000000005
14354,3484.2000000000003
14355,3434.8
14356,3054.2
14357,3694.0
14358,3750.4
14359,4097.400000000001
14360,3008.0
14361,3516.0
14362,3374.4000000000005
14363,4218.2
14364,4536.8
14365,4427.8
14366,4103.400000000001
14367,4343.6
14368,5504.6
14369,4658.200000000001
14370,4081.2000000000003
14371,4685.400000000001
14372,4472.0
14373,3196.2000000000003
14374,2572.4
14375,2354.2
14376,2408.6000000000004
14377,2260.8
14378,1691.8000000000002
14379,1536.2
14380,1602.4
14381,1643.2
14382,2099.6000000000004
14383,1939.2
14384,2412.0
14385,2333.6000000000004
14386,2665.8
14387,2574.6000000000004
14388,3403.4000000000005
14389,4317.400000000001
14390,4056.2000000000003
14391,4005.2000000000003
14392,4814.8
14393,4705.0
14394,3648.8
14395,3427.8
14396,2317.6000000000004
14397,2580.2
14398,3861.2000000000003
14399,3990.6000000000004
14400,4482.6
14401,3037.0
14402,2937.8
14403,2927.0
14404,3030.0
14405,2541.0
14406,2475.0
14407,2422.4
14408,2588.6000000000004
14409,3882.0
14410,4136.400000000001
14411,4326.400000000001
14412,4332.2
14413,4791.6
14414,4968.400000000001
14415,4306.0
14416,3592.0
14417,3308.6000000000004
14418,3360.4
14419,2832.2000000000003
14420,2514.4
14421,3021.0
14422,3254.2000000000003
14423,3009.8
14424,2868.2000000000003
14425,2922.6000000000004
14426,2463.6000000000004
14427,2498.4
14428,2501.0
14429,2326.2
14430,2601.6000000000004
14431,2119.8
14432,2482.0
14433,2097.8
14434,2143.8
14435,2191.4
14436,2405.4
14437,2780.2
14438,2700.8
14439,2542.8
14440,2942.6000000000004
14441,3081.2000000000003
14442,14147.6
14443,13662.0
14444,14055.8
14445,13614.6
14446,13291.800000000001
14447,13426.400000000001
14448,14213.2
14449,14321.6
14450,14061.0
14451,14029.8
14452,13586.000000000002
14453,13777.400000000001
14454,13976.400000000001
14455,14668.2
14456,14851.400000000001
14457,14489.600000000002
14458,14169.6
14459,14168.400000000001
14460,13987.600000000002
14461,14301.2
14462,14665.8
14463,14586.400000000001
14464,14571.2
14465,14369.800000000001
14466,14182.600000000002
14467,14244.400000000001
14468,14343.0
14469,14218.0
14470,14981.600000000002
14471,11129.6
14472,10647.2
14473,9755.2
14474,9577.6
14475,8455.2
14476,8507.6
14477,8607.6
14478,9283.6
14479,9728.2
14480,9231.0
14481,9442.8
14482,8652.800000000001
14483,8509.0
14484,7966.200000000001
14485,8403.0
14486,8712.2
14487,7610.6
14488,7688.400000000001
14489,7131.6
14490,6370.200000000001
14491,6375.200000000001
14492,6404.8
14493,6436.000000000001
14494,6267.200000000001
14495,5747.000000000001
14496,5944.200000000001
14497,6161.000000000001
14498,6504.0
14499,7125.800000000001
14500,7147.0
14501,6818.6
14502,6983.8
14503,7210.000000000001
14504,6918.6
14505,6210.2
14506,6966.6
14507,7454.8
14508,7392.400000000001
14509,6707.6
14510,7515.0
14511,7914.8
14512,8049.6
14513,8521.2
14514,8849.2
14515,9756.2
14516,9776.0
14517,9736.400000000001
14518,9370.8
14519,9238.2
14520,10132.600000000002
14521,10366.400000000001
14522,10593.0
14523,10405.800000000001
14524,9656.0
14525,9571.2
14526,9086.0
14527,8997.199999999999
14528,9218.400000000001
14529,9783.800000000001
14530,9794.6
14531,9872.4
14532,10705.8
14533,11214.4
14534,11196.0
14535,11335.000000000002
14536,11198.2
14537,11248.000000000002
14538,11792.2
14539,12096.2
14540,11841.2
14541,11643.800000000001
14542,10749.400000000001
14543,10480.800000000001
14544,10419.000000000002
14545,10060.800000000001
14546,10017.0
14547,9763.0
14548,10472.000000000002
14549,11119.800000000001
14550,10247.2
14551,10300.2
14552,10124.4
14553,9233.6
14554,9801.0
14555,11088.600000000002
14556,11737.000000000002
14557,11545.000000000002
14558,11372.400000000001
14559,8902.8
14560,7536.8
14561,8629.4
14562,9121.0
14563,8814.6
14564,8997.0
14565,9807.800000000001
14566,11039.8
14567,11026.0
14568,11110.8
14569,11314.400000000001
14570,9942.2
14571,11007.800000000001
14572,10509.2
14573,10493.0
14574,9793.800000000001
14575,9839.0
14576,15081.2
14577,14609.8
14578,14544.6
14579,14277.0
14580,14133.2
14581,14023.800000000001
14582,14201.000000000002
14583,13789.800000000001
14584,13837.2
14585,14341.0
14586,14368.2
14587,15270.800000000001
14588,15504.000000000002
14589,15641.800000000001
14590,15372.800000000001
14591,14868.0
14592,14728.2
14593,14745.000000000002
14594,14606.2
14595,14315.6
14596,14172.6
14597,14220.600000000002
14598,14422.6
14599,14529.2
14600,17471.2
14601,17374.4
14602,17276.8
14603,17225.8
14604,17330.4
14605,18340.4
14606,18279.0
14607,18162.2
14608,18060.0
14609,17938.800000000003
14610,17803.2
14611,17725.0
14612,17633.2
14613,17545.2
14614,17448.8
14615,17361.4
14616,17284.4
14617,17196.8
14618,17107.2
14619,17052.0
14620,17002.2
14621,16937.2
14622,16884.800000000003
14623,16856.800000000003
14624,16807.800000000003
14625,16788.2
14626,16726.8
14627,16681.0
14628,16648.0
14629,16597.0
14630,3574.2000000000003
14631,3998.6000000000004
14632,3972.6000000000004
14633,3937.4000000000005
14634,4275.0
14635,4703.0
14636,4471.4
14637,4503.200000000001
14638,4146.6
14639,4517.8
14640,4226.0
14641,4492.0
14642,4820.0
14643,4688.8
14644,4809.2
14645,4696.8
14646,4803.200000000001
14647,4882.8
14648,4646.200000000001
14649,5753.8
14650,5357.400000000001
14651,5351.000000000001
14652,6000.2
14653,5750.200000000001
14654,6086.000000000001
14655,6012.6
14656,5937.0
14657,5960.0
14658,6415.4
14659,6953.400000000001
14660,7133.000000000001
14661,7646.8
14662,7276.400000000001
14663,7983.6
14664,8135.6
14665,8931.400000000001
14666,11163.6
14667,11885.2
14668,10720.000000000002
14669,10491.8
14670,10326.800000000001
14671,9935.6
14672,9623.800000000001
14673,9010.6
14674,9467.800000000001
14675,9269.800000000001
14676,8434.6
14677,9207.0
14678,9558.4
14679,8654.6
14680,9249.8
14681,9230.400000000001
14682,13818.0
14683,12609.8
14684,12411.2
14685,12894.2
14686,13491.400000000001
14687,13370.8
14688,14031.4
14689,14956.600000000002
14690,14056.800000000001
14691,13914.000000000002
14692,13916.6
14693,13841.2
14694,13852.400000000001
14695,13943.600000000002
14696,13919.6
14697,13169.000000000002
14698,12776.000000000002
14699,12841.2
14700,12440.400000000001
14701,12632.2
14702,13207.0
14703,12248.400000000001
14704,11757.0
14705,11240.800000000001
14706,11207.6
14707,12579.6
14708,12329.600000000002
14709,13499.800000000001
14710,14597.6
14711,7291.4
14712,7238.6
14713,7414.6
14714,6832.8
14715,6761.200000000001
14716,7094.200000000001
14717,6159.400000000001
14718,5620.6
14719,6532.0
14720,5797.4
14721,5760.8
14722,5744.4
14723,5724.0
14724,5291.8
14725,4344.4
14726,4238.8
14727,4114.0
14728,4236.8
14729,4628.2
14730,4621.400000000001
14731,4862.8
14732,4099.400000000001
14733,3456.6000000000004
14734,3075.0
14735,3105.6000000000004
14736,2953.2000000000003
14737,3051.6000000000004
14738,4683.8
14739,5047.8
14740,5309.8
14741,5713.200000000001
14742,5948.2
14743,6161.800000000001
14744,5879.0
14745,5820.400000000001
14746,5909.4
14747,5977.6
14748,5504.0
14749,5524.6
14750,4915.400000000001
14751,5304.4
14752,5420.0
14753,4568.200000000001
14754,4807.400000000001
14755,5520.6
14756,5879.8
14757,6034.2
14758,6301.6
14759,5532.0
14760,5359.0
14761,5619.0
14762,5540.6
14763,5641.200000000001
14764,5753.0
14765,6017.2
14766,5806.400000000001
14767,5821.6
14768,4849.8
14769,4767.8
14770,4698.200000000001
14771,5534.4
14772,6161.0
14773,6683.000000000001
14774,7128.6
14775,7281.000000000001
14776,15374.400000000001
14777,13553.2
14778,13530.6
14779,12497.400000000001
14780,13177.800000000001
14781,13309.2
14782,13598.600000000002
14783,13700.600000000002
14784,12889.0
14785,12813.400000000001
14786,12981.2
14787,12876.2
14788,13504.000000000002
14789,14328.6
14790,13907.800000000001
14791,13203.4
14792,13629.000000000002
14793,13187.800000000001
14794,12730.800000000001
14795,12686.6
14796,12632.000000000002
14797,12407.6
14798,12232.6
14799,12420.2
14800,12297.000000000002
14801,12701.400000000001
14802,13056.0
14803,13627.800000000001
14804,15125.800000000001
14805,7114.200000000001
14806,6133.8
14807,6300.6
14808,5987.8
14809,5775.8
14810,5236.8
14811,5174.0
14812,4895.0
14813,4356.6
14814,4500.6
14815,4511.400000000001
14816,4934.200000000001
14817,4657.0
14818,4521.6
14819,4231.0
14820,4880.6
14821,5906.8
14822,5745.0
14823,6563.200000000001
14824,7146.400000000001
14825,7917.8
14826,7883.200000000001
14827,8661.0
14828,8450.4
14829,9339.0
14830,8120.200000000001
14831,6976.400000000001
14832,5816.200000000001
14833,5726.200000000001
14834,6069.0
14835,5569.400000000001
14836,5398.4
14837,4403.2
14838,3449.2000000000003
14839,3366.0
14840,3186.4
14841,3346.6000000000004
14842,3264.0
14843,2719.8
14844,2986.4
14845,2686.2000000000003
14846,3587.0
14847,3846.8
14848,4014.4000000000005
14849,3843.0
14850,3117.8
14851,3756.4
14852,3527.6000000000004
14853,3495.4
14854,4543.2
14855,3618.4000000000005
14856,4087.8
14857,3830.2000000000003
14858,4083.2000000000003
14859,4213.200000000001
14860,3939.6000000000004
14861,3033.6000000000004
14862,2865.2
14863,2802.2
14864,2640.0
14865,3295.8
14866,3075.4000000000005
14867,3078.0
14868,2854.6000000000004
14869,2606.8
14870,2551.4
14871,2303.4
14872,2323.4
14873,2444.2
14874,2092.4
14875,2068.8
14876,1857.6000000000001
14877,1850.4
14878,1785.8000000000002
14879,1743.8000000000002
14880,1946.6000000000001
14881,2128.0
14882,2467.8
14883,2274.4
14884,2091.4
14885,1928.8000000000002
14886,1837.0
14887,2009.2000000000003
14888,1992.6000000000001
14889,2032.6
14890,2141.2000000000003
14891,2341.2000000000003
14892,1999.0
14893,2081.8
14894,1963.0
14895,1898.4
14896,2044.8000000000002
14897,2813.0
14898,2391.0
14899,2011.4
14900,2193.4
14901,2294.0
14902,1958.6000000000001
14903,1884.6
14904,2046.6000000000001
14905,2146.6000000000004
14906,3002.0
14907,2332.6000000000004
14908,2002.8000000000002
14909,2049.8
14910,1970.0
14911,1875.4
14912,1792.4
14913,1771.4
14914,1775.8
14915,1764.0
14916,1731.0
14917,1777.0000000000002
14918,1757.8000000000002
14919,1834.0
14920,1873.4
14921,1998.4
14922,2399.0
14923,2155.6000000000004
14924,2179.2000000000003
14925,2487.6000000000004
14926,2604.8
14927,4238.6
14928,4517.0
14929,3694.6000000000004
14930,3711.8
14931,3695.0
14932,3632.8
14933,4097.0
14934,3709.6000000000004
14935,3972.8
14936,3055.2
14937,2494.6000000000004
14938,2780.6000000000004
14939,2716.2000000000003
14940,13575.800000000001
14941,12217.800000000001
14942,13218.800000000001
14943,13702.0
14944,13945.800000000001
14945,15024.2
14946,15971.2
14947,16107.400000000001
14948,16258.600000000002
14949,16376.0
14950,16399.2
14951,16505.800000000003
14952,16716.800000000003
14953,16791.600000000002
14954,16823.4
14955,16863.4
14956,16892.2
14957,16922.2
14958,16876.0
14959,16838.0
14960,16766.4
14961,16737.2
14962,16654.4
14963,16515.4
14964,16462.4
14965,16401.2
14966,16137.000000000002
14967,16373.0
14968,16685.2
14969,14144.0
14970,13749.2
14971,12511.8
14972,12519.6
14973,12214.2
14974,10693.2
14975,10662.400000000001
14976,11190.6
14977,10364.2
14978,10625.2
14979,10284.400000000001
14980,10705.0
14981,10692.0
14982,10492.2
14983,10283.6
14984,10040.0
14985,8764.6
14986,9037.8
14987,9051.6
14988,9422.800000000001
14989,9115.8
14990,9279.800000000001
14991,8521.2
14992,8379.0
14993,8230.2
14994,8328.6
14995,8617.2
14996,9437.8
14997,10462.000000000002
14998,9506.6
14999,8579.8
15000,8600.6
15001,7671.8
15002,7714.800000000001
15003,7988.8
15004,7672.200000000001
15005,7685.800000000001
15006,7346.000000000001
15007,7470.200000000001
15008,7465.0
15009,7703.0
15010,7065.8
15011,8183.200000000001
15012,8119.000000000001
15013,7785.200000000001
15014,7428.400000000001
15015,7127.2
15016,6937.4
15017,6938.200000000001
15018,7636.2
15019,7466.8
15020,7498.800000000001
15021,7762.8
15022,7511.000000000001
15023,7323.2
15024,6854.2
15025,7374.400000000001
15026,7417.8
15027,7815.6
15028,8716.2
15029,8543.4
15030,8883.2
15031,8839.2
15032,9145.800000000001
15033,8574.2
15034,7671.8
15035,7782.4
15036,8073.800000000001
15037,9182.400000000001
15038,9049.4
15039,8844.2
15040,9492.4
15041,9888.2
15042,10416.6
15043,9389.6
15044,10666.6
15045,10359.8
15046,11029.6
15047,11468.400000000001
15048,11352.4
15049,11344.2
15050,11153.0
15051,10665.400000000001
15052,10266.2
15053,9588.400000000001
15054,9551.400000000001
15055,9767.400000000001
15056,8965.8
15057,9402.0
15058,8359.2
15059,8138.6
15060,8593.4
15061,8200.2
15062,7164.8
15063,8260.0
15064,8248.0
15065,8194.4
15066,8288.2
15067,7567.8
15068,8041.000000000001
15069,8398.0
15070,9162.400000000001
15071,10691.8
15072,11490.800000000001
15073,11630.000000000002
15074,11255.800000000001
15075,11242.800000000001
15076,11772.2
15077,12056.400000000001
15078,12701.400000000001
15079,12348.0
15080,11130.4
15081,10888.2
15082,11355.0
15083,10565.400000000001
15084,11033.800000000001
15085,10743.6
15086,10278.0
15087,10688.6
15088,11062.6
15089,11271.2
15090,11784.0
15091,12178.0
15092,12012.2
15093,11113.400000000001
15094,12867.800000000001
15095,12312.2
15096,12733.2
15097,12539.0
15098,12473.0
15099,12793.2
15100,16865.2
15101,16039.8
15102,16031.0
15103,16085.4
15104,16432.0
15105,16337.000000000002
15106,16517.4
15107,16774.800000000003
15108,16997.4
15109,16912.2
15110,17000.0
15111,17198.8
15112,17273.6
15113,17277.600000000002
15114,17187.800000000003
15115,16895.2
15116,16669.2
15117,16627.600000000002
15118,16774.2
15119,16551.600000000002
15120,16109.400000000001
15121,16106.800000000001
15122,16099.000000000002
15123,16224.800000000001
15124,16266.6
15125,16157.4
15126,16086.000000000002
15127,16270.6
15128,16570.8
15129,13002.0
15130,13200.2
15131,12064.4
15132,12420.2
15133,10186.0
15134,10659.6
15135,10374.2
15136,10667.800000000001
15137,10421.400000000001
15138,9737.2
15139,9575.2
15140,8999.0
15141,9246.800000000001
15142,9712.8
15143,10772.6
15144,9658.400000000001
15145,8663.6
15146,9019.2
15147,9086.2
15148,11103.2
15149,10921.800000000001
15150,10376.800000000001
15151,9905.8
15152,10617.2
15153,10612.400000000001
15154,8046.0
15155,8569.400000000001
15156,9413.0
15157,10353.400000000001
15158,10243.4
15159,10795.8
15160,10065.0
15161,10898.2
15162,10864.400000000001
15163,7811.8
15164,7352.8
15165,7647.000000000001
15166,9879.800000000001
15167,9409.4
15168,10983.4
15169,10837.2
15170,10742.2
15171,10816.800000000001
15172,10493.600000000002
15173,11040.6
15174,10230.2
15175,11740.4
15176,12304.4
15177,12406.800000000001
15178,11248.6
15179,12188.800000000001
15180,11682.800000000001
15181,11212.400000000001
15182,10294.6
15183,10227.400000000001
15184,11751.2
15185,10522.0
15186,9787.6
15187,10315.6
15188,10642.0
15189,10369.6
15190,9994.400000000001
15191,9766.8
15192,10394.400000000001
15193,10774.4
15194,9956.8
15195,10240.0
15196,10064.8
15197,10185.2
15198,13845.800000000001
15199,13295.400000000001
15200,13302.400000000001
15201,13201.8
15202,13542.2
15203,13988.4
15204,14484.2
15205,14375.2
15206,13839.0
15207,13425.600000000002
15208,12583.2
15209,12704.6
15210,12504.600000000002
15211,12747.8
15212,12877.2
15213,12749.8
15214,13111.2
15215,13216.800000000001
15216,13623.6
15217,13794.2
15218,13853.400000000001
15219,13107.2
15220,12196.000000000002
15221,11954.400000000001
15222,11505.6
15223,11911.2
15224,11492.800000000001
15225,12462.600000000002
15226,13036.800000000001
15227,6292.200000000001
15228,7003.400000000001
15229,7074.200000000001
15230,6902.0
15231,6652.800000000001
15232,6478.8
15233,6950.8
15234,6917.4
15235,6938.8
15236,6348.0
15237,7059.800000000001
15238,6651.8
15239,7127.800000000001
15240,6751.8
15241,6548.0
15242,6180.6
15243,6357.8
15244,6204.8
15245,6041.0
15246,5734.4
15247,5783.6
15248,4276.4
15249,5068.4
15250,5431.8
15251,5318.8
15252,4657.200000000001
15253,4599.2
15254,5213.6
15255,5373.200000000001
15256,4977.0
15257,5928.8
15258,7362.6
15259,8013.200000000001
15260,7221.400000000001
15261,7201.400000000001
15262,7758.400000000001
15263,7289.800000000001
15264,6946.000000000001
15265,6801.8
15266,6888.400000000001
15267,7363.8
15268,7071.800000000001
15269,6448.0
15270,5849.200000000001
15271,5443.8
15272,5823.800000000001
15273,5611.0
15274,5540.200000000001
15275,5328.6
15276,5310.8
15277,5193.6
15278,5413.8
15279,5042.200000000001
15280,4834.200000000001
15281,5012.6
15282,5519.6
15283,5754.0
15284,5645.6
15285,5239.400000000001
15286,5173.400000000001
15287,5080.0
15288,4945.6
15289,5202.8
15290,5262.6
15291,4775.200000000001
15292,5023.0
15293,5107.0
15294,5215.0
15295,4768.8
15296,4868.200000000001
15297,4835.8
15298,5080.0
15299,5349.6
15300,5382.0
15301,15263.400000000001
15302,13243.4
15303,13142.600000000002
15304,12920.0
15305,12973.2
15306,12996.800000000001
15307,13267.000000000002
15308,13155.2
15309,13254.600000000002
15310,13550.2
15311,13761.800000000001
15312,14542.600000000002
15313,14358.2
15314,14564.4
15315,15047.0
15316,14025.0
15317,13807.4
15318,13915.0
15319,13347.400000000001
15320,12951.6
15321,12643.6
15322,12615.600000000002
15323,12458.600000000002
15324,13055.0
15325,13595.000000000002
15326,13666.2
15327,13052.0
15328,13328.6
15329,14660.400000000001
15330,4703.200000000001
15331,4115.0
15332,4044.4
15333,3895.4000000000005
15334,3462.4000000000005
15335,3551.2
15336,3870.2000000000007
15337,4261.200000000001
15338,3586.6000000000004
15339,3670.2000000000003
15340,3336.8
15341,3482.6
15342,3081.4
15343,3120.4
15344,3366.0
15345,3740.6000000000004
15346,3666.6000000000004
15347,3376.6000000000004
15348,4043.6000000000004
15349,3371.6000000000004
15350,3695.8
15351,3742.8
15352,3789.6000000000004
15353,3668.0
15354,4374.200000000001
15355,4571.200000000001
15356,5012.8
15357,4040.6000000000004
15358,4582.6
15359,3962.8
15360,4404.0
15361,4622.200000000001
15362,4621.8
15363,5420.4
15364,5231.6
15365,5771.6
15366,6197.0
15367,5722.0
15368,6391.8
15369,6396.400000000001
15370,6591.400000000001
15371,6908.400000000001
15372,6823.200000000001
15373,7263.400000000001
15374,7461.8
15375,7037.4
15376,6755.200000000001
15377,6572.6
15378,6955.0
15379,8871.2
15380,7738.0
15381,7413.6
15382,7298.6
15383,7090.200000000001
15384,7615.800000000001
15385,7694.6
15386,7564.400000000001
15387,9553.400000000001
15388,8420.2
15389,8006.400000000001
15390,8190.200000000001
15391,7366.0
15392,6849.0
15393,6121.0
15394,6086.6
15395,5076.200000000001
15396,4277.8
15397,3715.6000000000004
15398,3447.0000000000005
15399,3553.0
15400,3424.2
15401,3158.2
15402,2913.4
15403,2929.2000000000003
15404,3133.4
15405,3203.6
15406,2994.2
15407,3140.2000000000003
15408,3372.0
15409,3294.8
15410,2934.6000000000004
15411,2725.2
15412,2930.0
15413,2634.4
15414,2519.8
15415,2554.4
15416,2496.6
15417,2588.2000000000003
15418,2676.6
15419,2955.4
15420,2955.8
15421,2866.2000000000003
15422,2672.2000000000003
15423,2694.6
15424,2605.6
15425,2587.0
15426,2747.0
15427,2920.2
15428,2841.2
15429,2934.2000000000003
15430,3159.4
15431,3196.8
15432,3551.4
15433,3920.8
15434,3556.2
15435,3222.2
15436,3336.0
15437,3312.0
15438,4071.2000000000003
15439,5998.4
15440,5944.200000000001
15441,6218.6
15442,6551.799999999999
15443,6816.0
15444,7377.4
15445,7151.200000000001
15446,6479.6
15447,6902.800000000001
15448,6171.200000000001
15449,6058.8
15450,5773.0
15451,6058.200000000001
15452,5750.6
15453,6003.200000000001
15454,5538.0
15455,5470.8
15456,5061.400000000001
15457,5551.8
15458,5328.200000000001
15459,4112.400000000001
15460,14998.0
15461,14438.400000000001
15462,14203.800000000001
15463,14010.0
15464,13917.800000000001
15465,14264.400000000001
15466,14771.400000000001
15467,14914.400000000001
15468,15665.000000000002
15469,15536.600000000002
15470,15628.2
15471,16250.400000000001
15472,16002.000000000002
15473,16498.600000000002
15474,16501.600000000002
15475,16346.800000000001
15476,16126.800000000001
15477,14640.2
15478,14446.400000000001
15479,14274.6
15480,14228.2
15481,14154.0
15482,14072.400000000001
15483,14214.800000000001
15484,14207.400000000001
15485,14262.800000000001
15486,14433.600000000002
15487,14755.6
15488,15876.2
15489,9835.6
15490,9665.800000000001
15491,9737.6
15492,9301.400000000001
15493,8706.6
15494,8679.0
15495,8969.400000000001
15496,8684.400000000001
15497,8119.200000000001
15498,8146.0
15499,8063.200000000001
15500,8169.4
15501,8507.8
15502,8048.8
15503,8894.2
15504,8640.400000000001
15505,8310.400000000001
15506,9965.6
15507,10936.800000000001
15508,10729.0
15509,9641.0
15510,9357.400000000001
15511,10602.2
15512,10190.2
15513,10725.4
15514,10594.0
15515,10088.0
15516,8592.6
15517,8631.2
15518,8824.0
15519,9403.2
15520,9761.2
15521,9058.8
15522,9570.2
15523,9765.400000000001
15524,9781.2
15525,9670.0
15526,10291.000000000002
15527,10483.800000000001
15528,10362.4
15529,10720.400000000001
15530,11428.4
15531,12013.800000000001
15532,11784.400000000001
15533,11451.800000000001
15534,10764.6
15535,10751.2
15536,11118.400000000001
15537,10475.4
15538,10086.2
15539,9952.800000000001
15540,10516.2
15541,10050.6
15542,10483.400000000001
15543,9732.8
15544,9951.000000000002
15545,9785.4
15546,10583.2
15547,10846.800000000001
15548,10997.2
15549,10965.6
15550,10497.400000000001
15551,11764.000000000002
15552,11309.000000000002
15553,11438.8
15554,11373.4
15555,9761.2
15556,9495.6
15557,8606.0
15558,9119.2
15559,8952.4
15560,8627.0
15561,9353.800000000001
15562,9919.2
15563,10435.4
15564,10656.800000000001
15565,9957.000000000002
15566,9550.6
15567,9379.400000000001
15568,8842.800000000001
15569,8308.4
15570,7456.6
15571,8316.6
15572,8730.2
15573,8953.6
15574,7990.800000000001
15575,8033.6
15576,9196.2
15577,9414.6
15578,9841.199999999999
15579,9979.8
15580,10609.8
15581,10424.2
15582,10148.0
15583,9752.800000000001
15584,10353.400000000001
15585,10818.6
15586,10687.400000000001
15587,11173.0
15588,10787.0
15589,10640.2
15590,9788.400000000001
15591,9972.6
15592,9956.800000000001
15593,9649.0
15594,9049.0
15595,9262.400000000001
15596,11418.6
15597,11940.0
15598,12123.0
15599,12149.800000000001
15600,12054.2
15601,12231.0
15602,12534.400000000001
15603,11651.2
15604,11126.800000000001
15605,10762.400000000001
15606,11181.0
15607,10530.4
15608,10447.0
15609,11313.000000000002
15610,9978.6
15611,9859.2
15612,10201.4
15613,10268.0
15614,9954.0
15615,10382.0
15616,11211.2
15617,11383.4
15618,11264.0
15619,10918.800000000001
15620,11014.2
15621,12151.8
15622,16143.4
15623,15621.800000000001
15624,15097.800000000001
15625,15499.0
15626,15600.800000000001
15627,15762.400000000001
15628,15849.0
15629,15920.6
15630,15769.400000000001
15631,16226.000000000002
15632,16494.2
15633,16733.800000000003
15634,16873.2
15635,16956.4
15636,16893.8
15637,16868.0
15638,16704.2
15639,16795.4
15640,16604.0
15641,16642.800000000003
15642,16718.6
15643,16647.0
15644,16542.800000000003
15645,16445.600000000002
15646,16326.400000000001
15647,16253.400000000001
15648,16075.800000000001
15649,16092.8
15650,16436.600000000002
15651,9528.0
15652,9971.0
15653,10110.6
15654,9619.0
15655,9179.0
15656,11350.2
15657,11486.2
15658,10929.6
15659,11170.0
15660,11144.0
15661,10537.4
15662,9842.6
15663,10059.6
15664,10088.6
15665,9544.400000000001
15666,9499.400000000001
15667,10179.8
15668,9278.6
15669,9753.800000000001
15670,9856.6
15671,9840.8
15672,10011.6
15673,9091.0
15674,9215.6
15675,8823.2
15676,9192.6
15677,9377.0
15678,8838.6
15679,8776.4
15680,9042.400000000001
15681,9023.0
15682,8454.2
15683,8223.6
15684,8061.4
15685,8607.2
15686,6634.000000000001
15687,6636.200000000001
15688,6538.200000000001
15689,6372.4
15690,6601.000000000001
15691,6597.200000000001
15692,6774.0
15693,6537.200000000001
15694,6692.6
15695,6729.2
15696,6716.0
15697,6886.8
15698,6630.200000000001
15699,6567.8
15700,6721.200000000001
15701,6907.400000000001
15702,7296.400000000001
15703,6345.200000000001
15704,6351.6
15705,6535.2
15706,6567.800000000001
15707,6452.400000000001
15708,6180.0
15709,5900.2
15710,6294.6
15711,7042.000000000001
15712,7322.6
15713,8573.2
15714,8307.0
15715,7442.8
15716,7079.0
15717,7273.6
15718,7440.6
15719,8255.0
15720,8931.400000000001
15721,8491.0
15722,7630.000000000001
15723,8112.6
15724,7903.400000000001
15725,8483.8
15726,9013.400000000001
15727,8911.0
15728,8567.2
15729,8586.0
15730,8465.0
15731,9324.400000000001
15732,9647.6
15733,8682.6
15734,9031.2
15735,14508.400000000001
15736,12997.400000000001
15737,12827.800000000001
15738,12172.2
15739,12111.8
15740,12375.4
15741,12876.400000000001
15742,13862.2
15743,14030.0
15744,13934.0
15745,13722.6
15746,13608.2
15747,13693.0
15748,14120.400000000001
15749,13921.4
15750,13836.800000000001
15751,13900.000000000002
15752,14839.2
15753,15064.6
15754,14901.2
15755,14655.2
15756,14110.0
15757,14411.6
15758,13397.400000000001
15759,13159.0
15760,12862.400000000001
15761,12977.800000000001
15762,12935.600000000002
15763,14431.400000000001
15764,6337.4
15765,5991.200000000001
15766,5721.800000000001
15767,5489.200000000001
15768,4669.8
15769,4746.0
15770,4662.0
15771,4542.8
15772,4723.6
15773,5330.6
15774,5127.200000000001
15775,4949.200000000001
15776,4578.400000000001
15777,3820.6000000000004
15778,3693.4
15779,3862.0
15780,3815.8
15781,3782.0
15782,3839.4000000000005
15783,4170.0
15784,4721.8
15785,4599.400000000001
15786,4088.2000000000003
15787,4225.6
15788,4006.2
15789,4237.0
15790,3534.4
15791,3724.8
15792,3270.6000000000004
15793,4094.6000000000004
15794,4324.6
15795,4154.8
15796,3919.6000000000004
15797,4424.200000000001
15798,5578.0
15799,5600.4
15800,6627.800000000001
15801,5649.400000000001
15802,5696.6
15803,5991.8
15804,6411.6
15805,6038.0
15806,5511.6
15807,5189.8
15808,5774.6
15809,6468.2
15810,6690.000000000001
15811,6273.4
15812,7123.6
15813,6709.400000000001
15814,6319.200000000001
15815,6128.4
15816,6294.8
15817,6620.0
15818,7048.6
15819,7246.6
15820,7691.6
15821,7385.400000000001
15822,7414.8
15823,7549.8
15824,7780.8
15825,7797.8
15826,15652.2
15827,14109.400000000001
15828,13839.2
15829,14172.6
15830,13830.8
15831,13956.400000000001
15832,13696.8
15833,14049.400000000001
15834,13667.0
15835,13875.600000000002
15836,13758.8
15837,14030.0
15838,14527.0
15839,14345.6
15840,14238.800000000001
15841,14449.2
15842,14341.0
15843,14474.400000000001
15844,14565.6
15845,13857.2
15846,14255.800000000001
15847,13737.0
15848,12759.400000000001
15849,11894.0
15850,11869.4
15851,11993.000000000002
15852,12425.800000000001
15853,12737.2
15854,13760.4
15855,4217.200000000001
15856,4723.8
15857,4080.2000000000003
15858,4004.8
15859,3760.2000000000003
15860,3836.4000000000005
15861,3581.4000000000005
15862,4711.6
15863,5060.800000000001
15864,5847.6
15865,4552.8
15866,4263.0
15867,4388.200000000001
15868,4716.8
15869,4934.0
15870,4592.400000000001
15871,3906.0
15872,3687.0
15873,4108.8
15874,4223.8
15875,4752.400000000001
15876,3979.8
15877,3589.0
15878,4287.200000000001
15879,4269.6
15880,4650.400000000001
15881,5110.6
15882,5630.200000000001
15883,5100.200000000001
15884,5827.200000000001
15885,5883.400000000001
15886,5616.200000000001
15887,6038.8
15888,6421.8
15889,6466.800000000001
15890,5729.8
15891,5849.400000000001
15892,4541.8
15893,5818.400000000001
15894,5088.0
15895,5356.800000000001
15896,5494.200000000001
15897,5894.400000000001
15898,5446.200000000001
15899,5187.0
15900,5345.200000000001
15901,5579.0
15902,4929.400000000001
15903,3480.4000000000005
15904,3493.2000000000003
15905,3476.2000000000003
15906,3182.6
15907,3330.8
15908,3165.0
15909,3444.4000000000005
15910,3551.6000000000004
15911,3280.8
15912,2989.0000000000005
15913,2939.2
15914,3103.4
15915,3271.2000000000003
15916,3286.4
15917,3318.0
15918,3262.2
15919,3369.6
15920,3624.6000000000004
15921,3414.8
15922,3365.2000000000003
15923,4113.200000000001
15924,4420.6
15925,5052.400000000001
15926,5244.0
15927,4689.6
15928,4917.8
15929,4728.200000000001
15930,4473.8
15931,5241.4
15932,4630.6
15933,4999.4
15934,5349.200000000001
15935,5722.4
15936,6087.6
15937,6366.200000000001
15938,6327.200000000001
15939,6382.6
15940,5838.8
15941,5770.200000000001
15942,5426.0
15943,5186.6
15944,4454.0
15945,4535.400000000001
15946,4694.4
15947,5067.8
15948,5044.200000000001
15949,4930.800000000001
15950,4976.6
15951,4946.6
15952,5555.800000000001
15953,4648.8
15954,4673.6
15955,5001.0
15956,4900.400000000001
15957,4946.200000000001
15958,4478.0
15959,5379.200000000001
15960,4599.400000000001
15961,4089.8
15962,3658.0
15963,4212.200000000001
15964,3643.4
15965,3707.6000000000004
15966,4030.8
15967,4804.6
15968,5613.8
15969,6082.6
15970,5549.400000000001
15971,5917.4
15972,6223.6
15973,5759.0
15974,6345.6
15975,6184.0
15976,5977.200000000001
15977,5554.6
15978,4575.4
15979,4509.6
15980,4036.0
15981,3408.0
15982,4151.8
15983,4900.200000000001
15984,4607.4
15985,5050.0
15986,15539.2
15987,15451.0
15988,15364.400000000001
15989,15501.2
15990,15643.000000000002
15991,15631.400000000001
15992,15707.600000000002
15993,15688.600000000002
15994,15434.400000000001
15995,15657.0
15996,16087.0
15997,16367.400000000001
15998,16510.2
15999,16530.0
16000,16551.2
16001,16450.600000000002
16002,16207.400000000001
16003,15951.2
16004,15413.800000000001
16005,14892.2
16006,14632.600000000002
16007,14581.600000000002
16008,14754.2
16009,14834.0
16010,14337.4
16011,14652.8
16012,14195.6
16013,14861.600000000002
16014,15557.400000000001
16015,9476.6
16016,10341.400000000001
16017,10097.0
16018,10141.2
16019,9089.6
16020,9432.6
16021,8247.2
16022,8040.400000000001
16023,7408.6
16024,7087.400000000001
16025,7174.400000000001
16026,7260.800000000001
16027,8329.400000000001
16028,7958.6
16029,7696.6
16030,7812.4
16031,8183.400000000001
16032,8076.000000000001
16033,8450.4
16034,7469.000000000001
16035,7761.400000000001
16036,8279.6
16037,7842.800000000001
16038,7879.6
16039,7818.2
16040,7517.6
16041,6714.800000000001
16042,7124.6
16043,7641.2
16044,7203.8
16045,6969.6
16046,7804.2
16047,8379.0
16048,9003.2
16049,9826.2
16050,10984.6
16051,10757.0
16052,10927.4
16053,10415.199999999999
16054,9937.6
16055,10620.2
16056,8977.800000000001
16057,7899.0
16058,7292.200000000001
16059,7540.400000000001
16060,7843.400000000001
16061,9080.0
16062,9522.800000000001
16063,10719.000000000002
16064,10861.400000000001
16065,11367.2
16066,11894.6
16067,12326.0
16068,12340.2
16069,12161.2
16070,12839.0
16071,12963.2
16072,13581.6
16073,13673.0
16074,13626.6
16075,13792.0
16076,14000.2
16077,13758.6
16078,13361.6
16079,12818.0
16080,13218.800000000001
16081,12673.400000000001
16082,12627.6
16083,12725.2
16084,12447.6
16085,11825.400000000001
16086,12020.6
16087,11835.2
16088,10514.0
16089,10115.8
16090,9703.000000000002
16091,9549.4
16092,8581.800000000001
16093,8296.8
16094,10059.8
16095,10463.800000000001
16096,11063.6
16097,11048.6
16098,10432.6
16099,9782.0
16100,10007.6
16101,9587.800000000001
16102,8128.8
16103,8382.6
16104,9314.2
16105,8930.8
16106,9388.6
16107,11356.4
16108,12192.6
16109,12218.2
16110,11842.400000000001
16111,10983.2
16112,11216.6
16113,11290.2
16114,11395.800000000001
16115,11689.2
16116,11513.4
16117,10809.2
16118,11670.0
16119,10693.800000000001
16120,11220.0
16121,11611.0
16122,11395.4
16123,11119.6
16124,11408.400000000001
16125,16032.6
16126,15616.000000000002
16127,15158.2
16128,14622.0
16129,14447.2
16130,14402.400000000001
16131,14861.8
16132,14937.2
16133,14484.6
16134,14537.600000000002
16135,14967.000000000002
16136,15019.400000000001
16137,15122.2
16138,15832.8
16139,15661.6
16140,15336.600000000002
16141,14952.800000000001
16142,14794.600000000002
16143,14681.400000000001
16144,14505.600000000002
16145,14945.8
16146,15388.400000000001
16147,15285.8
16148,15090.000000000002
16149,14574.400000000001
16150,14106.6
16151,14115.600000000002
16152,14361.2
16153,15787.0
16154,10021.2
16155,8916.800000000001
16156,9167.6
16157,11529.6
16158,11552.0
16159,12054.800000000001
16160,12230.400000000001
16161,11689.4
16162,11923.6
16163,10901.0
16164,10619.400000000001
16165,9757.2
16166,9368.0
16167,9108.800000000001
16168,8721.800000000001
16169,8048.200000000001
16170,7737.6
16171,6990.6
16172,7443.4
16173,7405.200000000001
16174,7492.200000000001
16175,7602.200000000001
16176,7316.800000000001
16177,7417.200000000001
16178,6484.0
16179,6538.400000000001
16180,6636.200000000001
16181,6386.200000000001
16182,6145.0
16183,6339.6
16184,7062.6
16185,7023.200000000001
16186,6298.0
16187,6034.4
16188,6306.400000000001
16189,6549.400000000001
16190,6829.200000000001
16191,6212.8
16192,7426.8
16193,9187.800000000001
16194,9091.2
16195,9087.0
16196,9416.6
16197,9817.4
16198,9805.4
16199,9969.8
16200,10144.8
16201,11396.8
16202,10983.000000000002
16203,10435.0
16204,11319.8
16205,12171.0
16206,12465.6
16207,12573.400000000001
16208,10899.2
16209,11669.2
16210,12890.2
16211,13160.0
16212,13223.400000000001
16213,13432.800000000001
16214,14843.2
16215,14624.6
16216,14776.0
16217,14827.0
16218,14668.6
16219,16514.600000000002
16220,16179.000000000002
16221,16156.800000000001
16222,15669.400000000001
16223,14803.800000000001
16224,14914.400000000001
16225,15593.0
16226,16093.2
16227,16814.2
16228,16722.0
16229,16737.4
16230,16117.000000000002
16231,15107.400000000001
16232,15112.2
16233,15120.0
16234,14832.2
16235,14749.6
16236,14526.000000000002
16237,14740.4
16238,14950.0
16239,15517.000000000002
16240,15689.600000000002
16241,15140.800000000001
16242,14892.6
16243,14895.0
16244,14885.0
16245,15214.2
16246,15556.400000000001
16247,16476.800000000003
16248,11347.400000000001
16249,12291.0
16250,11599.800000000001
16251,10670.400000000001
16252,10657.0
16253,11088.2
16254,8677.2
16255,8982.0
16256,8099.4
16257,8662.0
16258,8969.6
16259,8530.400000000001
16260,6967.800000000001
16261,8329.0
16262,8298.8
16263,7080.0
16264,6521.0
16265,6048.0
16266,5867.0
16267,6136.4
16268,5834.6
16269,5340.6
16270,5135.400000000001
16271,5314.4
16272,4484.8
16273,4539.2
16274,5198.200000000001
16275,5667.8
16276,5546.8
16277,4506.8
16278,4442.8
16279,4197.4
16280,4014.0
16281,4030.8
16282,3829.2000000000003
16283,3424.8
16284,3558.2000000000003
16285,3786.4000000000005
16286,4146.400000000001
16287,3216.2000000000003
16288,3617.0
16289,3615.6000000000004
16290,3464.4
16291,3419.8
16292,3819.0
16293,4260.0
16294,4274.8
16295,4637.0
16296,4545.6
16297,4508.200000000001
16298,4533.6
16299,5697.8
16300,6182.0
16301,5894.400000000001
16302,6095.8
16303,6090.800000000001
16304,5851.8
16305,5935.400000000001
16306,6128.200000000001
16307,6487.400000000001
16308,6735.400000000001
16309,6068.8
16310,6379.6
16311,6253.200000000001
16312,16197.600000000002
16313,12877.400000000001
16314,12611.0
16315,12362.600000000002
16316,12581.0
16317,12935.000000000002
16318,12835.400000000001
16319,12934.400000000001
16320,12789.600000000002
16321,13047.400000000001
16322,12748.2
16323,12880.000000000002
16324,13332.2
16325,13435.400000000001
16326,12225.800000000001
16327,11993.2
16328,11983.0
16329,12721.400000000001
16330,11962.2
16331,12924.800000000001
16332,13102.800000000001
16333,12318.6
16334,12413.6
16335,12048.6
16336,12724.4
16337,12665.000000000002
16338,12758.800000000001
16339,12823.000000000002
16340,14071.0
16341,7012.6
16342,6056.0
16343,6591.6
16344,6083.200000000001
16345,6740.200000000001
16346,7069.0
16347,6802.200000000001
16348,6714.6
16349,6174.0
16350,6085.8
16351,6515.0
16352,5795.4
16353,5912.6
16354,6173.8
16355,6476.200000000001
16356,6403.200000000001
16357,5864.200000000001
16358,4861.6
16359,3529.0000000000005
16360,3474.6
16361,2408.6
16362,2395.8
16363,2165.2
16364,2055.2
16365,2206.2
16366,2123.0
16367,2193.0
16368,2255.6
16369,2308.0
16370,2522.2000000000003
16371,3115.2
16372,2905.4
16373,2870.2
16374,2870.0
16375,4019.8
16376,2809.8
16377,3451.2000000000003
16378,3179.8
16379,3463.6000000000004
16380,2910.4
16381,4529.0
16382,5318.200000000001
16383,5322.200000000001
16384,4353.0
16385,4652.0
16386,4577.200000000001
16387,4216.8
16388,3363.0
16389,3287.0
16390,2742.4
16391,3462.6000000000004
16392,2818.6
16393,2522.8
16394,2891.6
16395,3417.2
16396,3138.4000000000005
16397,3125.8
16398,3006.6000000000004
16399,3037.6000000000004
16400,2650.0
16401,3715.6000000000004
16402,3864.4
16403,3554.8
16404,4175.4
16405,3662.6000000000004
16406,2987.2
16407,3583.8
16408,3040.2
16409,3154.6000000000004
16410,3859.2000000000003
16411,4241.4
16412,5203.200000000001
16413,5540.6
16414,5462.6
16415,6731.6
16416,7142.800000000001
16417,7056.6
16418,4992.6
16419,5613.0
16420,5770.800000000001
16421,6191.400000000001
16422,6065.4
16423,5433.200000000001
16424,5704.400000000001
16425,5547.4
16426,5441.800000000001
16427,6265.0
16428,5254.0
16429,5399.6
16430,5460.200000000001
16431,4908.200000000001
16432,5999.6
16433,6223.4
16434,6060.0
16435,5702.0
16436,6130.8
16437,5160.6
16438,5068.0
16439,3565.6000000000004
16440,2656.6000000000004
16441,3023.0
16442,3033.2
16443,3328.2000000000003
16444,3622.0
16445,4933.2
16446,5415.8
16447,4878.8
16448,4822.0
16449,5142.0
16450,14920.000000000002
16451,13388.6
16452,13499.2
16453,13752.800000000001
16454,13425.2
16455,13857.800000000001
16456,13612.800000000001
16457,13895.2
16458,14705.400000000001
16459,14639.8
16460,14569.800000000001
16461,14749.600000000002
16462,15824.2
16463,16209.6
16464,16435.800000000003
16465,16319.400000000001
16466,16269.600000000002
16467,15962.2
16468,16012.600000000002
16469,16029.600000000002
16470,15902.6
16471,15882.400000000001
16472,15551.4
16473,15308.000000000002
16474,15678.0
16475,15616.600000000002
16476,15246.400000000001
16477,15594.400000000001
16478,15930.0
16479,10873.6
16480,10478.2
16481,10678.2
16482,12221.8
16483,12117.800000000001
16484,12163.4
16485,11488.000000000002
16486,11177.800000000001
16487,11338.0
16488,10651.6
16489,10622.2
16490,10211.2
16491,9301.400000000001
16492,9757.0
16493,9838.2
16494,10404.800000000001
16495,9734.8
16496,9729.4
16497,8116.6
16498,8560.4
16499,8476.400000000001
16500,8800.0
16501,8983.2
16502,8566.2
16503,8497.6
16504,9068.0
16505,9200.800000000001
16506,9986.2
16507,9936.6
16508,10150.2
16509,9045.800000000001
16510,9514.4
16511,10731.6
16512,10387.0
16513,10879.2
16514,11215.800000000001
16515,11207.0
16516,9652.400000000001
16517,8491.0
16518,8764.0
16519,8889.2
16520,9504.0
16521,9165.199999999999
16522,9355.8
16523,9777.800000000001
16524,9776.6
16525,9682.6
16526,9900.800000000001
16527,10614.400000000001
16528,10055.2
16529,10434.6
16530,11391.800000000001
16531,11974.6
16532,12413.000000000002
16533,12162.000000000002
16534,11440.0
16535,11132.8
16536,11496.400000000001
16537,11177.2
16538,9900.0
16539,10083.4
16540,8913.4
16541,7757.800000000001
16542,8663.2
16543,7903.0
16544,7669.400000000001
16545,7681.400000000001
16546,6772.0
16547,6711.800000000001
16548,6177.400000000001
16549,5747.200000000001
16550,5857.8
16551,6060.000000000001
16552,6201.6
16553,6114.200000000001
16554,6274.400000000001
16555,6411.200000000001
16556,6761.0
16557,6958.8
16558,6827.200000000001
16559,6823.400000000001
16560,6431.8
16561,6336.6
16562,6496.4
16563,6729.0
16564,7534.400000000001
16565,7787.8
16566,8317.400000000001
16567,8908.8
16568,9104.6
16569,10021.2
16570,10709.2
16571,10571.8
16572,11450.8
16573,10612.0
16574,10913.400000000001
16575,11173.0
16576,12510.400000000001
16577,11650.2
16578,12494.400000000001
16579,12343.6
16580,15710.6
16581,15331.400000000001
16582,15607.6
16583,15620.600000000002
16584,15687.8
16585,15857.2
16586,16140.800000000001
16587,15723.600000000002
16588,15904.600000000002
16589,16393.4
16590,16126.6
16591,16299.2
16592,16851.800000000003
16593,17006.800000000003
16594,17001.600000000002
16595,16936.0
16596,16916.0
16597,16800.8
16598,16571.4
16599,16410.2
16600,16419.0
16601,16484.800000000003
16602,16253.0
16603,15971.2
16604,15753.2
16605,15765.800000000001
16606,15459.800000000001
16607,15775.400000000001
16608,16467.2
16609,15472.000000000002
16610,15429.000000000002
16611,14975.800000000001
16612,14635.400000000001
16613,14197.0
16614,13883.0
16615,13644.6
16616,13181.800000000001
16617,12600.4
16618,13536.2
16619,12985.000000000002
16620,12118.6
16621,10629.6
16622,10329.6
16623,10351.6
16624,10749.400000000001
16625,10148.800000000001
16626,9522.0
16627,10095.400000000001
16628,9785.400000000001
16629,7449.400000000001
16630,6536.400000000001
16631,6029.6
16632,5793.0
16633,5654.6
16634,5659.200000000001
16635,5302.0
16636,5382.0
16637,5426.8
16638,5300.400000000001
16639,5397.8
16640,5693.0
16641,6028.200000000001
16642,6346.8
16643,6709.800000000001
16644,6366.6
16645,6573.400000000001
16646,7164.0
16647,7456.0
16648,7100.8
16649,7161.6
16650,7300.0
16651,7863.2
16652,7764.8
16653,7620.6
16654,7513.200000000001
16655,7714.6
16656,7215.6
16657,7966.6
16658,8627.2
16659,8658.2
16660,7766.8
16661,8075.4
16662,8053.800000000001
16663,7315.799999999999
16664,7232.200000000001
16665,8034.6
16666,7808.6
16667,7764.400000000001
16668,8187.200000000001
16669,9300.0
16670,10292.6
16671,10664.800000000001
16672,9863.6
16673,13325.6
16674,12292.400000000001
16675,12223.800000000001
16676,13081.8
16677,13613.400000000001
16678,13694.000000000002
16679,14090.600000000002
16680,14047.800000000001
16681,13418.2
16682,13213.4
16683,12496.0
16684,13014.0
16685,13333.8
16686,13267.6
16687,13075.0
16688,13143.800000000001
16689,13713.000000000002
16690,14025.2
16691,13952.800000000001
16692,14403.400000000001
16693,13825.6
16694,12815.800000000001
16695,13127.8
16696,12758.8
16697,13142.0
16698,12962.2
16699,12720.2
16700,12953.2
16701,14237.2
16702,7509.800000000001
16703,7789.6
16704,7176.8
16705,7069.400000000001
16706,6805.200000000001
16707,7640.200000000001
16708,7819.0
16709,7985.0
16710,8365.0
16711,7930.200000000001
16712,7304.200000000001
16713,7729.200000000001
16714,7867.000000000001
16715,7591.200000000001
16716,7535.6
16717,8261.0
16718,8883.8
16719,9563.400000000001
16720,8938.0
16721,8857.800000000001
16722,7233.8
16723,6708.000000000001
16724,6624.200000000001
16725,6638.6
16726,6760.6
16727,6934.400000000001
16728,5859.800000000001
16729,5336.0
16730,5473.200000000001
16731,4913.400000000001
16732,6103.6
16733,6199.4
16734,6744.400000000001
16735,6248.200000000001
16736,5965.8
16737,5361.200000000001
16738,5414.0
16739,5586.0
16740,5175.400000000001
16741,5404.200000000001
16742,5286.4
16743,4823.0
16744,5845.0
16745,5769.8
16746,5108.400000000001
16747,4775.6
16748,5060.4
16749,5079.0
16750,5287.4
16751,5093.400000000001
16752,5135.4
16753,5511.4
16754,5671.400000000001
16755,6003.200000000001
16756,5986.4
16757,6290.800000000001
16758,15192.2
16759,13996.600000000002
16760,13763.000000000002
16761,13104.800000000001
16762,13611.2
16763,13583.800000000001
16764,13875.4
16765,13713.2
16766,13532.800000000001
16767,13728.0
16768,13935.400000000001
16769,13824.000000000002
16770,14001.800000000001
16771,14851.2
16772,15206.800000000001
16773,15619.600000000002
16774,15547.2
16775,15547.600000000002
16776,14612.2
16777,13996.2
16778,13045.400000000001
16779,13082.400000000001
16780,13276.6
16781,13286.800000000001
16782,13880.800000000001
16783,13567.600000000002
16784,13794.2
16785,14202.400000000001
16786,14905.4
16787,7499.0
16788,7882.200000000001
16789,7681.800000000001
16790,7765.4000000000015
16791,6825.800000000001
16792,5775.0
16793,5537.200000000001
16794,5608.8
16795,5832.200000000001
16796,6398.200000000001
16797,7334.4
16798,7063.4
16799,7703.4000000000015
16800,18174.800000000003
16801,18814.2
16802,18959.4
16803,19061.0
16804,19123.4
16805,19177.600000000002
16806,19238.0
16807,19280.8
16808,19316.4
16809,19356.0
16810,19369.2
16811,19380.0
16812,19406.0
16813,19427.2
16814,19439.6
16815,19446.4
16816,19453.2
16817,19456.0
16818,19458.800000000003
16819,19468.800000000003
16820,19473.2
16821,19481.600000000002
16822,19490.0
16823,19500.0
16824,19506.800000000003
16825,19516.800000000003
16826,19524.4
16827,19533.600000000002
16828,19542.800000000003
16829,19584.0
16830,19585.2
16831,19585.8
16832,19587.0
16833,19584.0
16834,19588.2
16835,19584.4
16836,19581.600000000002
16837,19583.0
16838,19581.8
16839,19579.6
16840,19580.600000000002
16841,19576.800000000003
16842,19568.8
16843,19571.4
16844,19573.2
16845,19576.600000000002
16846,19571.800000000003
16847,19578.600000000002
16848,19568.800000000003
16849,19572.600000000002
16850,19579.0
16851,19581.800000000003
16852,19568.4
16853,19568.4
16854,19564.0
16855,19559.800000000003
16856,19570.4
16857,19561.600000000002
16858,19563.6
16859,19564.4
16860,19565.8
16861,19570.2
16862,19574.4
16863,19564.2
16864,19565.0
16865,19566.4
16866,19577.8
16867,19581.2
16868,19579.0
16869,19578.0
16870,19542.2
16871,19530.600000000002
16872,19521.4
16873,19513.800000000003
16874,19505.4
16875,19497.8
16876,19487.800000000003
16877,19479.4
16878,19472.6
16879,19466.600000000002
16880,19458.2
16881,19455.4
16882,19451.0
16883,19444.2
16884,19432.600000000002
16885,19408.2
16886,19381.4
16887,19376.2
16888,19363.800000000003
16889,19342.600000000002
16890,19315.8
16891,19281.800000000003
16892,19243.0
16893,19179.4
16894,19148.800000000003
16895,19071.600000000002
16896,18996.800000000003
16897,18875.8
16898,18475.4
16899,7843.400000000001
16900,8368.6
16901,8213.6
16902,7976.200000000001
16903,7567.8
16904,7303.200000000001
16905,6711.400000000001
16906,7087.400000000001
16907,16057.800000000001
16908,16117.8
16909,15953.0
16910,16273.6
16911,16324.800000000001
16912,16578.6
16913,16636.2
16914,16803.4
16915,16972.0
16916,17089.4
16917,17256.6
16918,17323.0
16919,17317.4
16920,17351.800000000003
16921,17360.800000000003
16922,17123.0
16923,16962.6
16924,16568.0
16925,16648.800000000003
16926,16590.0
16927,16633.0
16928,16785.0
16929,16344.4
16930,16400.600000000002
16931,16563.600000000002
16932,16607.4
16933,16706.4
16934,17044.800000000003
16935,17183.2
16936,13746.000000000002
16937,13951.600000000002
16938,13995.600000000002
16939,13476.0
16940,13803.2
16941,13816.400000000001
16942,13301.8
16943,12980.4
16944,12604.4
16945,12430.6
16946,12501.2
16947,12767.6
16948,13010.0
16949,13469.800000000001
16950,13141.4
16951,11314.0
16952,11823.6
16953,10996.800000000001
16954,11072.8
16955,10939.400000000001
16956,10796.2
16957,10768.2
16958,10586.2
16959,10932.8
16960,11090.0
16961,11141.0
16962,11843.000000000002
16963,11752.6
16964,12243.0
16965,12417.8
16966,12461.6
16967,12840.600000000002
16968,12544.0
16969,12334.2
16970,12534.2
16971,12572.6
16972,12351.2
16973,12082.800000000001
16974,11764.2
16975,11427.8
16976,11323.800000000001
16977,11306.2
16978,11148.6
16979,11485.600000000002
16980,11474.800000000001
16981,11218.400000000001
16982,11125.8
16983,11330.6
16984,11471.0
16985,11057.8
16986,11559.0
16987,11534.000000000002
16988,10868.6
16989,10596.0
16990,10296.400000000001
16991,9848.0
16992,10007.400000000001
16993,10105.6
16994,11468.400000000001
16995,10773.0
16996,10865.400000000001
16997,11148.0
16998,10701.0
16999,10753.0
17000,11562.6
17001,11388.2
17002,11009.0
17003,11011.0
17004,11095.2
17005,11295.2
17006,11700.2
17007,11424.2
17008,11605.600000000002
17009,13609.6
17010,12809.800000000001
17011,11746.6
17012,10346.8
17013,10181.6
17014,10038.0
17015,10243.2
17016,10246.6
17017,12069.4
17018,12027.000000000002
17019,12442.2
17020,11864.4
17021,11919.800000000001
17022,11605.400000000001
17023,11402.400000000001
17024,12384.400000000001
17025,12507.400000000001
17026,12064.400000000001
17027,12507.400000000001
17028,11265.2
17029,11371.6
17030,11141.800000000001
17031,10948.400000000001
17032,10926.2
17033,10702.4
17034,10956.400000000001
17035,11596.800000000001
17036,11617.800000000001
17037,16607.800000000003
17038,16481.8
17039,16169.0
17040,16220.600000000002
17041,16616.2
17042,16649.4
17043,16834.8
17044,16352.600000000002
17045,16317.2
17046,16113.000000000002
17047,16251.800000000001
17048,16157.6
17049,16056.2
17050,16428.600000000002
17051,16867.2
17052,16916.4
17053,16966.2
17054,17124.600000000002
17055,16986.4
17056,17053.2
17057,17108.4
17058,16926.600000000002
17059,16871.0
17060,16969.6
17061,16874.600000000002
17062,16861.0
17063,16985.4
17064,17165.2
17065,17267.600000000002
17066,13538.800000000001
17067,13631.2
17068,13260.2
17069,12905.4
17070,13479.800000000001
17071,12723.6
17072,12796.800000000001
17073,13154.0
17074,12762.0
17075,12714.400000000001
17076,13285.2
17077,13721.800000000001
17078,13458.400000000001
17079,13577.600000000002
17080,13434.8
17081,13670.600000000002
17082,13438.0
17083,13235.2
17084,13342.2
17085,13020.0
17086,12804.6
17087,12873.000000000002
17088,12473.6
17089,12176.2
17090,10712.2
17091,10649.2
17092,10101.0
17093,10654.2
17094,11111.800000000001
17095,10930.800000000001
17096,9854.6
17097,10179.2
17098,10233.400000000001
17099,9996.0
17100,9598.0
17101,9554.400000000001
17102,9440.2
17103,10196.2
17104,10969.0
17105,10477.6
17106,10262.2
17107,10296.6
17108,10873.2
17109,11339.400000000001
17110,11321.4
17111,12235.0
17112,13009.0
17113,12982.6
17114,12764.400000000001
17115,12266.600000000002
17116,11181.400000000001
17117,11186.2
17118,11500.400000000001
17119,11803.2
17120,11672.400000000001
17121,12329.000000000002
17122,11767.400000000001
17123,11788.0
17124,11889.800000000001
17125,11800.0
17126,11613.400000000001
17127,11535.2
17128,12079.400000000001
17129,11725.0
17130,11867.800000000001
17131,10731.400000000001
17132,10492.800000000001
17133,11330.8
17134,11296.800000000001
17135,11418.0
17136,11555.600000000002
17137,11563.6
17138,11089.2
17139,11074.2
17140,10123.800000000001
17141,10373.2
17142,12769.0
17143,12679.800000000001
17144,12633.400000000001
17145,12565.800000000001
17146,12777.0
17147,12768.2
17148,13303.4
17149,12059.2
17150,11913.2
17151,11557.6
17152,16619.600000000002
17153,14368.0
17154,14617.2
17155,14011.2
17156,13475.800000000001
17157,13675.8
17158,14074.800000000001
17159,15039.400000000001
17160,16003.6
17161,15185.2
17162,14878.400000000001
17163,15338.6
17164,15345.8
17165,15197.800000000001
17166,15017.400000000001
17167,14793.800000000001
17168,14243.600000000002
17169,14861.800000000001
17170,15408.800000000001
17171,15267.4
17172,15607.4
17173,14712.800000000001
17174,13717.0
17175,13280.8
17176,13112.400000000001
17177,14173.2
17178,13400.800000000001
17179,13013.800000000001
17180,14504.0
17181,7142.400000000001
17182,7311.6
17183,7406.400000000001
17184,7639.4
17185,7155.6
17186,7346.4
17187,7411.0
17188,7472.4
17189,7377.8
17190,7678.200000000001
17191,7488.200000000001
17192,7523.8
17193,7505.800000000001
17194,7522.4
17195,7275.400000000001
17196,7373.8
17197,7501.400000000001
17198,8029.200000000001
17199,8846.0
17200,9462.0
17201,9399.800000000001
17202,9417.0
17203,9027.0
17204,9689.400000000001
17205,9559.2
17206,9406.0
17207,11971.6
17208,11036.0
17209,9818.0
17210,9099.6
17211,9600.0
17212,9473.0
17213,10428.800000000001
17214,11105.600000000002
17215,11380.4
17216,11287.6
17217,10546.0
17218,11098.6
17219,11281.800000000001
17220,10121.400000000001
17221,11195.0
17222,9955.0
17223,10144.800000000001
17224,9991.0
17225,11862.400000000001
17226,12371.0
17227,11893.2
17228,10859.0
17229,11069.800000000001
17230,10414.2
17231,10856.800000000001
17232,10187.6
17233,10246.0
17234,10004.800000000001
17235,9903.6
17236,9724.8
17237,10027.2
17238,9672.400000000001
17239,8894.6
17240,9292.400000000001
17241,9788.0
17242,9632.8
17243,8803.800000000001
17244,9366.0
17245,9178.0
17246,8406.2
17247,8695.0
17248,8305.800000000001
17249,8977.6
17250,9390.6
17251,15912.0
17252,14420.800000000001
17253,14528.2
17254,14261.2
17255,13890.400000000001
17256,13376.8
17257,13453.800000000001
17258,12884.800000000001
17259,12088.0
17260,12027.2
17261,11922.400000000001
17262,12196.2
17263,13193.800000000001
17264,13112.6
17265,12704.6
17266,11899.600000000002
17267,11574.4
17268,11404.6
17269,11453.2
17270,11699.8
17271,12165.2
17272,11948.4
17273,11858.000000000002
17274,11825.800000000001
17275,12094.2
17276,12445.6
17277,13093.6
17278,13549.0
17279,15046.800000000001
17280,3912.8
17281,4188.6
17282,4289.200000000001
17283,4753.200000000001
17284,4592.0
17285,5160.0
17286,4474.200000000001
17287,4254.2
17288,4430.200000000001
17289,4809.8
17290,5364.6
17291,6967.400000000001
17292,7675.6
17293,7799.2
17294,7285.400000000001
17295,8938.400000000001
17296,9739.400000000001
17297,9117.8
17298,10008.6
17299,8770.2
17300,9004.0
17301,8692.8
17302,9174.2
17303,9675.400000000001
17304,9625.8
17305,8254.800000000001
17306,8724.2
17307,7415.4
17308,8328.400000000001
17309,6777.8
17310,6752.0
17311,6539.0
17312,6124.4
17313,6966.6
17314,7078.6
17315,5987.6
17316,6378.200000000001
17317,6794.0
17318,6134.0
17319,6249.0
17320,5488.200000000001
17321,5308.4
17322,5222.8
17323,4713.400000000001
17324,4755.4
17325,3563.6000000000004
17326,4118.400000000001
17327,4248.0
17328,4340.4
17329,4635.6
17330,4231.4
17331,3978.2
17332,3743.8
17333,3940.0
17334,4245.400000000001
17335,4042.2
17336,3741.0000000000005
17337,4048.2000000000007
17338,4248.400000000001
17339,3936.6000000000004
17340,4093.2000000000007
17341,4612.200000000001
17342,4033.6000000000004
17343,3938.8
17344,3723.2000000000003
17345,3398.4
17346,3434.4000000000005
17347,3985.4000000000005
17348,3942.0
17349,3655.6000000000004
17350,3458.2
17351,3270.8
17352,3233.0000000000005
17353,3648.0000000000005
17354,3592.8
17355,3723.8
17356,3720.0
17357,3613.6000000000004
17358,3621.2000000000003
17359,3711.4
17360,4097.8
17361,4072.4
17362,4125.8
17363,3765.8
17364,4318.2
17365,4173.200000000001
17366,4291.0
17367,5444.200000000001
17368,6167.8
17369,6101.400000000001
17370,5918.200000000001
17371,6084.400000000001
17372,5097.8
17373,5512.200000000001
17374,6340.6
17375,7000.0
17376,7137.8
17377,7474.400000000001
17378,6825.400000000001
17379,5924.200000000001
17380,5988.400000000001
17381,5719.400000000001
17382,6070.0
17383,5802.4
17384,5742.400000000001
17385,5792.800000000001
17386,6450.8
17387,5642.6
17388,4970.200000000001
17389,5304.8
17390,5843.800000000001
17391,6011.0
17392,7030.8
17393,5016.8
17394,5249.6
17395,5105.800000000001
17396,5148.200000000001
17397,4954.4
17398,4641.4
17399,4678.0
17400,4962.0
17401,5942.4
17402,5490.800000000001
17403,4446.0
17404,3800.4
17405,4186.0
17406,3954.8
17407,3551.6000000000004
17408,3787.8
17409,3882.0
17410,4425.200000000001
17411,15369.400000000001
17412,14179.400000000001
17413,14153.4
17414,13652.4
17415,14115.2
17416,14849.8
17417,14872.000000000002
17418,14987.800000000001
17419,14950.800000000001
17420,15608.800000000001
17421,15503.0
17422,16035.800000000001
17423,16626.6
17424,17177.0
17425,17219.2
17426,17175.800000000003
17427,17183.4
17428,17097.4
17429,16961.0
17430,16798.800000000003
17431,16606.0
17432,16317.2
17433,16324.0
17434,16356.0
17435,16167.800000000001
17436,15913.2
17437,15739.800000000001
17438,16606.2
17439,17120.6
17440,12497.2
17441,12523.400000000001
17442,12645.0
17443,12270.800000000001
17444,11716.6
17445,11908.2
17446,12111.2
17447,11905.800000000001
17448,11881.6
17449,12097.000000000002
17450,12468.6
17451,12506.2
17452,13342.000000000002
17453,13843.2
17454,13098.2
17455,13451.6
17456,13333.400000000001
17457,13318.800000000001
17458,12613.2
17459,14182.400000000001
17460,14016.2
17461,13860.800000000001
17462,13965.400000000001
17463,14644.400000000001
17464,13834.2
17465,12859.0
17466,12558.400000000001
17467,12463.0
17468,12546.000000000002
17469,12541.400000000001
17470,11978.0
17471,11289.000000000002
17472,11141.400000000001
17473,11296.0
17474,12604.2
17475,12871.600000000002
17476,12473.0
17477,12203.800000000001
17478,12072.8
17479,11726.2
17480,11472.600000000002
17481,11848.2
17482,11031.400000000001
17483,11134.0
17484,11269.6
17485,11448.000000000002
17486,10999.400000000001
17487,10271.6
17488,10237.6
17489,10678.600000000002
17490,11101.0
17491,11206.2
17492,10698.6
17493,10472.6
17494,9814.0
17495,8942.0
17496,8581.0
17497,8627.2
17498,7347.400000000001
17499,7296.8
17500,7274.6
17501,7347.200000000001
17502,7132.200000000001
17503,7419.0
17504,7462.800000000001
17505,7915.8
17506,7663.200000000001
17507,7877.000000000001
17508,7765.0
17509,7547.6
17510,8126.8
17511,8151.8
17512,8708.8
17513,8547.0
17514,8464.400000000001
17515,8206.0
17516,8438.8
17517,8579.6
17518,9080.6
17519,8840.6
17520,8781.2
17521,8610.800000000001
17522,8467.0
17523,8439.800000000001
17524,7910.6
17525,7553.800000000001
17526,7341.400000000001
17527,7400.0
17528,7506.0
17529,7392.200000000001
17530,7631.6
17531,7877.0
17532,7821.200000000001
17533,8347.0
17534,8587.8
17535,8793.0
17536,8953.2
17537,9387.8
17538,9429.400000000001
17539,8993.2
17540,9440.2
17541,10102.2
17542,10196.0
17543,10136.6
17544,10415.2
17545,10271.400000000001
17546,10359.400000000001
17547,10090.400000000001
17548,10056.2
17549,10283.400000000001
17550,9989.8
17551,10562.6
17552,11675.8
17553,11588.800000000001
17554,11455.400000000001
17555,11664.6
17556,11470.2
17557,16242.2
17558,15682.0
17559,15631.400000000001
17560,15384.2
17561,15692.400000000001
17562,15759.800000000001
17563,15808.600000000002
17564,15972.6
17565,16012.0
17566,15389.0
17567,15811.2
17568,15962.600000000002
17569,16262.800000000001
17570,16984.4
17571,17138.8
17572,16741.2
17573,16655.4
17574,16481.0
17575,16178.800000000001
17576,16486.2
17577,16305.400000000001
17578,15628.2
17579,15730.800000000001
17580,15465.2
17581,15217.800000000001
17582,15683.2
17583,15782.000000000002
17584,16125.2
17585,16789.2
17586,13535.2
17587,13760.600000000002
17588,13415.2
17589,12475.0
17590,12365.800000000001
17591,12672.0
17592,12991.2
17593,11677.0
17594,11195.6
17595,10864.6
17596,11044.400000000001
17597,11081.800000000001
17598,10515.400000000001
17599,8533.2
17600,9057.6
17601,9039.8
17602,9136.6
17603,8563.800000000001
17604,8755.2
17605,9088.2
17606,9540.0
17607,8504.8
17608,9251.0
17609,9367.2
17610,9171.6
17611,9248.400000000001
17612,8924.4
17613,8992.400000000001
17614,7799.200000000001
17615,8892.6
17616,8139.800000000001
17617,8191.200000000001
17618,7669.0
17619,7608.6
17620,7538.800000000001
17621,8054.200000000001
17622,8079.800000000001
17623,8993.6
17624,8971.2
17625,9169.4
17626,8738.800000000001
17627,8814.4
17628,8102.800000000001
17629,8007.400000000001
17630,8244.400000000001
17631,8910.0
17632,8843.6
17633,9611.6
17634,9607.0
17635,9059.6
17636,9079.0
17637,10096.400000000001
17638,9847.8
17639,9059.8
17640,9160.4
17641,9242.400000000001
17642,10117.0
17643,10590.0
17644,9846.2
17645,9602.6
17646,9212.2
17647,8817.6
17648,9239.6
17649,9511.6
17650,10730.6
17651,11146.0
17652,11097.400000000001
17653,11224.4
17654,10515.0
17655,10207.800000000001
17656,10158.6
17657,10913.0
17658,10776.400000000001
17659,10942.6
17660,11292.0
17661,10422.8
17662,10476.2
17663,10019.8
17664,10177.800000000001
17665,14344.400000000001
17666,13687.800000000001
17667,13643.0
17668,13606.400000000001
17669,13712.800000000001
17670,14331.8
17671,15135.600000000002
17672,15867.4
17673,15890.000000000002
17674,15748.800000000001
17675,15557.0
17676,15307.400000000001
17677,14723.6
17678,14736.2
17679,14515.6
17680,15075.2
17681,15583.6
17682,15229.400000000001
17683,15126.2
17684,15594.800000000001
17685,16209.2
17686,15340.800000000001
17687,14290.8
17688,13614.0
17689,13732.2
17690,14112.2
17691,14120.800000000001
17692,15425.8
17693,16842.2
17694,9760.6
17695,9120.0
17696,9550.800000000001
17697,9516.800000000001
17698,8828.6
17699,8610.2
17700,8419.0
17701,7526.4
17702,7541.0
17703,6707.200000000001
17704,6478.0
17705,6418.0
17706,6257.6
17707,5871.8
17708,6296.4
17709,6504.0
17710,6475.0
17711,6741.200000000001
17712,6035.0
17713,6009.200000000001
17714,5178.6
17715,5363.4
17716,5029.6
17717,4387.200000000001
17718,4451.4
17719,4446.0
17720,4590.8
17721,5034.8
17722,5496.200000000001
17723,6084.200000000001
17724,6390.800000000001
17725,5934.0
17726,6212.200000000001
17727,6088.6
17728,6362.6
17729,6369.200000000001
17730,6378.0
17731,6610.400000000001
17732,6695.200000000001
17733,5798.4
17734,5747.6
17735,5897.800000000001
17736,6052.0
17737,5441.0
17738,5222.6
17739,6114.800000000001
17740,6063.400000000001
17741,5819.200000000001
17742,5232.400000000001
17743,5719.200000000001
17744,6127.0
17745,6283.200000000001
17746,6169.200000000001
17747,6456.200000000001
17748,6958.6
17749,6427.800000000001
17750,6233.200000000001
17751,5879.0
17752,5447.8
17753,5114.200000000001
17754,5159.6
17755,5215.0
17756,5675.400000000001
17757,5925.400000000001
17758,5653.0
17759,6341.6
17760,6503.6
17761,6280.400000000001
17762,6428.8
17763,7113.200000000001
17764,7217.6
17765,7425.200000000001
17766,7299.0
17767,7198.0
17768,6967.6
17769,6882.6
17770,15545.2
17771,13141.2
17772,11987.800000000001
17773,11734.800000000001
17774,12086.0
17775,12702.2
17776,13033.400000000001
17777,12478.400000000001
17778,12219.6
17779,12136.2
17780,12302.800000000001
17781,12335.0
17782,12683.800000000001
17783,13050.2
17784,12591.6
17785,12574.0
17786,12278.800000000001
17787,12598.2
17788,12671.800000000001
17789,12867.800000000001
17790,12236.4
17791,12564.4
17792,12758.2
17793,12718.800000000001
17794,13101.2
17795,13321.2
17796,13593.400000000001
17797,13684.800000000001
17798,14038.8
17799,5415.4
17800,4956.0
17801,4445.8
17802,4009.2000000000003
17803,3855.6000000000004
17804,4258.8
17805,5346.6
17806,5812.4
17807,6213.0
17808,5455.200000000001
17809,6577.6
17810,6428.0
17811,6760.0
17812,6512.0
17813,6095.800000000001
17814,6778.4
17815,7008.400000000001
17816,6429.6
17817,5938.8
17818,5549.6
17819,6904.200000000001
17820,6786.6
17821,4579.6
17822,5305.8
17823,5423.800000000001
17824,5228.200000000001
17825,5018.200000000001
17826,4009.8
17827,4344.0
17828,4448.8
17829,3795.4000000000005
17830,3695.2
17831,3443.0
17832,4204.400000000001
17833,4748.6
17834,5536.0
17835,4886.8
17836,4858.8
17837,5271.200000000001
17838,5112.6
17839,5649.0
17840,5958.200000000001
17841,5959.4
17842,6511.200000000001
17843,5302.400000000001
17844,5383.200000000001
17845,4994.800000000001
17846,5074.400000000001
17847,4633.8
17848,4701.200000000001
17849,4573.0
17850,4266.6
17851,4214.6
17852,5493.4
17853,6641.200000000001
17854,6193.200000000001
17855,6426.0
17856,6444.800000000001
17857,6843.800000000001
17858,6812.200000000001
17859,6351.0
17860,6745.800000000001
17861,6940.0
17862,5345.6
17863,4986.6
17864,4221.4
17865,3983.0
17866,3692.6
17867,3333.4000000000005
17868,3490.2000000000003
17869,3229.2
17870,3236.4
17871,2909.2000000000003
17872,2802.2000000000003
17873,2867.0
17874,2900.8
17875,3650.8
17876,4017.8
17877,4654.0
17878,3812.6000000000004
17879,2979.6000000000004
17880,2830.6000000000004
17881,3107.2000000000003
17882,3638.8
17883,3816.0
17884,3739.0
17885,4673.400000000001
17886,4141.0
17887,3905.0
17888,4705.200000000001
17889,6142.400000000001
17890,6070.8
17891,6531.400000000001
17892,6152.2
17893,6364.6
17894,6013.000000000001
17895,6742.000000000001
17896,6858.4
17897,6195.000000000001
17898,5733.400000000001
17899,6005.400000000001
17900,6517.6
17901,5928.6
17902,6197.8
17903,6790.400000000001
17904,7427.400000000001
17905,6268.200000000001
17906,5519.200000000001
17907,4954.8
17908,4918.6
17909,5834.6
17910,5327.0
17911,4883.200000000001
17912,4857.8
17913,4183.400000000001
17914,4208.0
17915,5031.0
17916,4414.200000000001
17917,3289.0
17918,3399.6000000000004
17919,3318.8
17920,3431.8
17921,3234.8
17922,3287.0
17923,3344.0
17924,3767.0000000000005
17925,3637.6000000000004
17926,3773.4000000000005
17927,3157.8
17928,3199.2
17929,3188.6000000000004
17930,13813.800000000001
17931,12968.6
17932,13375.6
17933,14007.000000000002
17934,13392.6
17935,13572.2
17936,13213.800000000001
17937,13787.6
17938,13607.000000000002
17939,13929.6
17940,14217.000000000002
17941,15035.2
17942,15187.8
17943,15697.0
17944,15805.800000000001
17945,15640.0
17946,15138.2
17947,14726.400000000001
17948,14897.400000000001
17949,14701.800000000001
17950,14536.6
17951,14451.4
17952,14064.2
17953,13978.2
17954,13956.8
17955,13922.800000000001
17956,13635.6
17957,14634.000000000002
17958,15554.0
17959,8968.800000000001
17960,9371.8
17961,8657.2
17962,8260.400000000001
17963,8184.800000000001
17964,8865.8
17965,9134.800000000001
17966,8914.6
17967,9598.6
17968,9084.8
17969,9374.2
17970,8750.2
17971,9082.2
17972,8468.0
17973,8493.400000000001
17974,8385.400000000001
17975,8086.0
17976,7884.8
17977,7619.0
17978,9254.2
17979,8725.6
17980,8821.400000000001
17981,7979.6
17982,7991.8
17983,7582.0
17984,8619.2
17985,8046.6
17986,7472.6
17987,9282.4
17988,9102.800000000001
17989,9158.400000000001
17990,10034.6
17991,8945.000000000002
17992,7682.400000000001
17993,8366.800000000001
17994,8890.4
17995,9061.400000000001
17996,9293.4
17997,9468.800000000001
17998,9651.8
17999,10347.800000000001
18000,11306.2
18001,11927.6
18002,12078.4
18003,11912.2
18004,11720.600000000002
18005,11656.6
18006,11228.400000000001
18007,11522.2
18008,11157.2
18009,10954.8
18010,10514.6
18011,11241.400000000001
18012,10857.800000000001
18013,10746.8
18014,9031.4
18015,8346.4
18016,8037.8
18017,7882.0
18018,7779.8
18019,6769.6
18020,6183.2
18021,6453.6
18022,7369.8
18023,6066.400000000001
18024,5351.2
18025,5040.400000000001
18026,5190.200000000001
18027,4839.6
18028,5110.2
18029,5271.6
18030,5942.400000000001
18031,6737.0
18032,6812.6
18033,6097.8
18034,5375.000000000001
18035,5903.000000000001
18036,5515.8
18037,5672.2
18038,5318.000000000001
18039,5069.200000000001
18040,5685.8
18041,5834.400000000001
18042,5910.6
18043,6382.400000000001
18044,6345.6
18045,6086.8
18046,6315.400000000001
18047,6327.6
18048,6153.8
18049,5895.6
18050,6128.8
18051,5965.0
18052,5301.6
18053,6009.0
18054,5876.0
18055,5604.6
18056,5344.2
18057,5505.200000000001
18058,5311.4
18059,5731.6
18060,5665.6
18061,7083.000000000001
18062,7247.200000000001
18063,7476.0
18064,7040.800000000001
18065,6831.000000000001
18066,7865.200000000001
18067,8679.4
18068,9184.8
18069,9329.8
18070,10210.400000000001
18071,10012.6
18072,10465.000000000002
18073,10000.2
18074,9332.0
18075,9753.6
18076,11070.600000000002
18077,11057.0
18078,10743.2
18079,11296.800000000001
18080,12382.8
18081,12237.000000000002
18082,12260.0
18083,12608.0
18084,13402.800000000001
18085,12806.0
18086,12832.000000000002
18087,12626.6
18088,13247.2
18089,13394.400000000001
18090,13119.0
18091,14669.2
18092,13882.000000000002
18093,14231.2
18094,13837.4
18095,14207.400000000001
18096,14269.6
18097,14233.2
18098,14038.800000000001
18099,14406.000000000002
18100,14241.8
18101,14237.400000000001
18102,14319.2
18103,14398.0
18104,14324.800000000001
18105,13653.800000000001
18106,13034.800000000001
18107,12742.400000000001
18108,12666.6
18109,12575.800000000001
18110,12362.2
18111,12401.2
18112,12555.0
18113,12807.800000000001
18114,12733.000000000002
18115,12719.800000000001
18116,12681.2
18117,12659.2
18118,12901.800000000001
18119,14549.0
18120,8005.000000000001
18121,8119.400000000001
18122,9208.0
18123,8088.200000000001
18124,7966.000000000001
18125,7467.200000000001
18126,7872.6
18127,9179.4
18128,8274.400000000001
18129,8767.800000000001
18130,8783.6
18131,8945.0
18132,8309.6
18133,8729.4
18134,8016.000000000001
18135,7422.400000000001
18136,7317.400000000001
18137,8171.8
18138,8088.6
18139,7552.400000000001
18140,8053.400000000001
18141,7497.8
18142,8888.4
18143,9339.400000000001
18144,9360.000000000002
18145,9324.6
18146,8716.2
18147,7569.000000000001
18148,7392.400000000001
18149,7754.400000000001
18150,8233.6
18151,8489.6
18152,8391.4
18153,8134.8
18154,8704.6
18155,9676.4
18156,9564.6
18157,8990.400000000001
18158,8388.4
18159,7554.0
18160,6149.000000000001
18161,6419.200000000001
18162,7155.400000000001
18163,6948.0
18164,6974.6
18165,6355.0
18166,5449.8
18167,5500.000000000001
18168,6201.2
18169,6223.8
18170,5930.000000000001
18171,5928.0
18172,5669.0
18173,5901.6
18174,6211.400000000001
18175,6435.8
18176,6227.6
18177,6080.6
18178,6768.8
18179,6937.200000000001
18180,7641.200000000001
18181,7597.400000000001
18182,6977.000000000001
18183,7068.400000000001
18184,12194.2
18185,11957.0
18186,11427.800000000001
18187,12326.400000000001
18188,11973.400000000001
18189,13526.000000000002
18190,12581.2
18191,13707.800000000001
18192,13814.0
18193,13207.4
18194,13537.800000000001
18195,13248.000000000002
18196,13926.400000000001
18197,13470.0
18198,13506.800000000001
18199,13610.6
18200,15621.2
18201,15350.6
18202,14498.6
18203,14840.2
18204,14682.800000000001
18205,15164.4
18206,15530.000000000002
18207,15170.6
18208,15192.2
18209,15361.2
18210,15337.4
18211,15207.2
18212,14944.0
18213,16361.4
18214,16389.0
18215,16317.2
18216,16195.4
18217,16111.2
18218,16002.6
18219,15912.4
18220,15835.0
18221,15780.2
18222,15944.400000000001
18223,15825.600000000002
18224,15772.4
18225,15843.8
18226,15792.800000000001
18227,15932.600000000002
18228,15937.600000000002
18229,15858.800000000001
18230,15796.0
18231,15845.2
18232,15824.6
18233,15785.400000000001
18234,15765.400000000001
18235,15807.4
18236,15802.4
18237,15781.0
18238,15776.400000000001
18239,15771.0
18240,15821.000000000002
18241,15775.6
18242,15771.6
18243,15805.6
18244,15769.6
18245,15833.2
18246,15840.000000000002
18247,15865.800000000001
18248,15931.2
18249,16025.0
18250,16077.600000000002
18251,16155.2
18252,16128.2
18253,16166.800000000001
18254,16181.2
18255,16142.6
18256,16172.2
18257,16105.2
18258,16078.6
18259,16125.400000000001
18260,16213.4
18261,16185.600000000002
18262,16229.2
18263,16239.8
18264,16279.6
18265,16289.2
18266,16372.000000000002
18267,16535.0
18268,16673.2
18269,16792.2
18270,16858.6
18271,16903.600000000002
18272,16931.2
18273,17000.8
18274,16690.600000000002
18275,16550.2
18276,16661.600000000002
18277,16665.0
18278,16636.6
18279,16618.0
18280,16624.0
18281,16597.2
18282,16600.0
18283,16610.4
18284,16621.800000000003
18285,16703.2
18286,16700.4
18287,16724.2
18288,16771.0
18289,16766.2
18290,16639.0
18291,16642.2
18292,16758.6
18293,16732.2
18294,16728.2
18295,16663.2
18296,16601.8
18297,16489.2
18298,16372.400000000001
18299,16284.2
18300,16229.400000000001
18301,16236.6
18302,16290.800000000001
18303,16588.4
18304,16608.8
18305,16655.2
18306,16760.600000000002
18307,16745.4
18308,16719.2
18309,16690.600000000002
18310,16666.0
18311,16682.2
18312,16688.6
18313,16835.0
18314,16985.8
18315,16943.0
18316,16955.8
18317,16934.0
18318,16925.2
18319,16905.2
18320,16921.600000000002
18321,16957.0
18322,16848.4
18323,16865.2
18324,16850.6
18325,16860.2
18326,16880.800000000003
18327,16854.4
18328,16891.0
18329,16943.2
18330,16965.2
18331,17030.4
18332,17112.2
18333,17075.600000000002
18334,17158.600000000002
18335,17225.4
18336,17062.4
18337,17121.2
18338,17130.800000000003
18339,17124.4
18340,17141.800000000003
18341,17136.2
18342,17116.2
18343,17041.800000000003
18344,16946.8
18345,17016.800000000003
18346,17114.8
18347,17176.4
18348,17198.0
18349,17206.4
18350,17199.2
18351,17253.6
18352,17237.0
18353,17244.6
18354,17228.600000000002
18355,17223.0
18356,17175.2
18357,17147.8
18358,17129.8
18359,17080.800000000003
18360,17047.4
18361,16986.2
18362,16882.600000000002
18363,16894.6
18364,16830.6
18365,16665.2
18366,16602.4
18367,16531.4
18368,16519.6
18369,16495.8
18370,16513.6
18371,16531.0
18372,16572.2
18373,16564.0
18374,16570.4
18375,16778.6
18376,16704.0
18377,16604.8
18378,16651.2
18379,16616.4
18380,16717.4
18381,16583.6
18382,16607.800000000003
18383,16603.2
18384,16584.4
18385,16578.8
18386,16682.0
18387,16806.2
18388,16772.600000000002
18389,16779.600000000002
18390,16771.0
18391,16779.8
18392,16738.6
18393,16774.800000000003
18394,16717.600000000002
18395,16726.4
18396,16730.2
18397,16884.600000000002
18398,16894.6
18399,16901.2
18400,16863.0
18401,16844.0
18402,16816.0
18403,16796.8
18404,16794.800000000003
18405,16634.2
18406,16563.800000000003
18407,16542.2
18408,16471.4
18409,16500.2
18410,16410.2
18411,16568.6
18412,16194.6
18413,16190.6
18414,16249.800000000001
18415,16405.4
18416,16441.800000000003
18417,16472.0
18418,16585.600000000002
18419,16875.6
18420,16948.2
18421,16998.600000000002
18422,17037.0
18423,17059.4
18424,17136.4
18425,17129.6
18426,17083.4
18427,16974.4
18428,16984.800000000003
18429,16976.0
18430,16991.4
18431,16910.600000000002
18432,16832.4
18433,16834.8
18434,16788.8
18435,16538.0
18436,16442.2
18437,16418.600000000002
18438,16376.6
18439,16394.2
18440,16501.0
18441,17050.4
18442,16939.4
18443,16932.8
18444,16901.2
18445,16839.6
18446,16717.0
18447,16633.600000000002
18448,16569.6
18449,16409.8
18450,16398.0
18451,16364.800000000001
18452,16373.800000000001
18453,16341.4
18454,16306.6
18455,16255.800000000001
18456,16250.6
18457,16189.0
18458,16078.000000000002
18459,16023.6
18460,15978.400000000001
18461,15965.0
18462,15937.0
18463,15889.6
18464,15871.400000000001
18465,15868.8
18466,15868.2
18467,15847.000000000002
18468,15844.0
18469,15835.2
18470,15834.800000000001
18471,15822.400000000001
18472,15812.4
18473,15798.800000000001
18474,15797.400000000001
18475,15786.000000000002
18476,15787.800000000001
18477,15786.6
18478,15776.4
18479,15773.8
18480,15765.800000000001
18481,15753.2
18482,15739.800000000001
18483,15729.6
18484,15729.000000000002
18485,15742.0
18486,15742.2
18487,15734.400000000001
18488,15736.400000000001
18489,15733.2
18490,15736.800000000001
18491,15739.0
18492,15740.4
18493,15740.2
18494,15735.6
18495,15727.2
18496,15723.6
18497,15743.2
18498,15781.2
18499,15778.2
18500,15750.0
18501,15743.000000000002
18502,15740.8
18503,15741.000000000002
18504,15728.4
18505,15728.0
18506,15712.6
18507,15703.6
18508,15708.2
18509,15698.4
18510,15700.2
18511,15708.000000000002
18512,15695.400000000001
18513,15708.400000000001
18514,15695.400000000001
18515,15669.0
18516,15677.400000000001
18517,15678.600000000002
18518,15672.6
18519,15663.2
18520,15622.6
18521,15618.0
18522,15623.600000000002
18523,15682.400000000001
18524,15664.400000000001
18525,15644.6
18526,15644.000000000002
18527,15644.6
18528,15557.400000000001
18529,15578.8
18530,15593.400000000001
18531,15608.6
18532,15605.2
18533,15598.2
18534,15594.6
18535,15585.400000000001
18536,15585.400000000001
18537,15593.2
18538,15638.8
18539,15641.000000000002
18540,15637.400000000001
18541,15637.2
18542,15656.000000000002
18543,15652.6
18544,15647.0
18545,15620.0
18546,15666.400000000001
18547,15679.8
18548,15701.800000000001
18549,15759.400000000001
18550,15866.000000000002
18551,15911.0
18552,15846.2
18553,15778.6
18554,15907.2
18555,16018.000000000002
18556,16100.2
18557,16113.8
18558,16132.800000000001
18559,16122.4
18560,16184.8
18561,16219.4
18562,16394.2
18563,16505.6
18564,16545.6
18565,16716.4
18566,16806.0
18567,16777.2
18568,16585.600000000002
18569,16602.2
18570,15204.000000000002
18571,15212.2
18572,15195.800000000001
18573,15196.400000000001
18574,15397.4
18575,15205.4
18576,15642.6
18577,15219.800000000001
18578,15639.4
18579,15456.0
18580,15570.0
18581,15424.6
18582,15440.600000000002
18583,15404.000000000002
18584,15344.2
18585,15577.800000000001
18586,15850.2
18587,16062.2
18588,16104.800000000001
18589,15974.800000000001
18590,15962.0
18591,15695.0
18592,14827.400000000001
18593,14798.800000000001
18594,14521.2
18595,14352.6
18596,14306.0
18597,14377.000000000002
18598,15486.000000000002
18599,16310.2
18600,16228.800000000001
18601,16087.2
18602,15964.800000000001
18603,15944.2
18604,15797.0
18605,15662.400000000001
18606,15595.2
18607,15518.4
18608,15485.600000000002
18609,15395.800000000001
18610,15290.4
18611,15270.400000000001
18612,15226.800000000001
18613,15203.800000000001
18614,15252.2
18615,15245.6
18616,15226.6
18617,15210.400000000001
18618,15169.800000000001
18619,15161.400000000001
18620,15146.800000000001
18621,15118.6
18622,15172.6
18623,15221.2
18624,15208.6
18625,15197.6
18626,15223.400000000001
18627,15204.800000000001
18628,15183.0
18629,15222.800000000001
18630,15209.6
18631,15200.2
18632,15207.000000000002
18633,15210.6
18634,15223.2
18635,15223.800000000001
18636,15221.6
18637,15254.6
18638,15235.6
18639,15242.400000000001
18640,15232.600000000002
18641,15234.4
18642,15237.4
18643,15244.2
18644,15201.800000000001
18645,15210.800000000001
18646,15203.000000000002
18647,15215.800000000001
18648,15208.400000000001
18649,15201.0
18650,15208.000000000002
18651,15223.2
18652,15138.800000000001
18653,15119.0
18654,15154.800000000001
18655,15204.2
18656,15230.000000000002
18657,15249.400000000001
18658,15351.800000000001
18659,15460.600000000002
18660,15652.400000000001
18661,15790.6
18662,15682.4
18663,15714.2
18664,15706.6
18665,15799.8
18666,15690.800000000001
18667,15784.2
18668,15929.0
18669,16404.4
18670,16377.400000000001
18671,16636.0
18672,16667.0
18673,16913.0
18674,16975.4
18675,17049.2
18676,16966.800000000003
18677,16884.4
18678,16616.600000000002
18679,16664.2
18680,16493.600000000002
18681,16523.2
18682,16896.0
18683,16690.0
18684,16651.800000000003
18685,16511.0
18686,16328.6
18687,16297.2
18688,16222.6
18689,16124.6
18690,16034.400000000001
18691,16739.6
18692,16659.0
18693,16501.4
18694,16419.800000000003
18695,16364.000000000002
18696,16376.2
18697,16409.6
18698,16331.800000000001
18699,16136.2
18700,16134.2
18701,16001.400000000001
18702,15987.600000000002
18703,15956.6
18704,15987.6
18705,15908.600000000002
18706,16108.2
18707,16064.6
18708,16097.2
18709,16015.8
18710,15992.000000000002
18711,16024.8
18712,15872.0
18713,15847.800000000001
18714,15818.800000000001
18715,15810.400000000001
18716,15800.000000000002
18717,15868.6
18718,15827.6
18719,15906.0
18720,15885.2
18721,15864.6
18722,15881.0
18723,15933.2
18724,15919.2
18725,15911.6
18726,15919.8
18727,15862.800000000001
18728,15911.2
18729,15892.6
18730,15945.0
18731,15958.400000000001
18732,15949.800000000001
18733,15915.4
18734,15896.6
18735,15906.4
18736,15810.6
18737,15839.0
18738,15833.4
18739,15898.2
18740,15953.2
18741,15943.8
18742,15983.4
18743,16116.0
18744,16142.800000000001
18745,16173.8
18746,16218.000000000002
18747,16195.2
18748,16257.000000000002
18749,16224.4
18750,16285.2
18751,16348.400000000001
18752,16461.8
18753,16515.600000000002
18754,16632.800000000003
18755,16389.600000000002
18756,16276.6
18757,16251.2
18758,16160.400000000001
18759,16181.0
18760,16114.400000000001
18761,16144.0
18762,16150.800000000001
18763,16167.8
18764,16169.2
18765,16237.2
18766,16324.0
18767,16336.0
18768,16345.000000000002
18769,16283.2
18770,16223.800000000001
18771,16239.4
18772,16185.2
18773,16079.6
18774,16040.0
18775,16055.2
18776,16042.2
18777,16023.6
18778,16014.800000000001
18779,16003.2
18780,16005.400000000001
18781,16003.400000000001
18782,15966.2
18783,15947.6
18784,16100.400000000001
18785,16056.6
18786,16045.2
18787,16058.0
18788,16064.6
18789,16102.800000000001
18790,16170.6
18791,16266.800000000001
18792,16413.2
18793,16409.4
18794,16382.000000000002
18795,16411.600000000002
18796,16323.000000000002
18797,16310.800000000001
18798,16288.2
18799,16317.4
18800,16363.8
18801,16315.800000000001
18802,16323.4
18803,16311.400000000001
18804,16311.800000000001
18805,16263.800000000001
18806,16245.4
18807,16246.6
18808,16216.000000000002
18809,16203.2
18810,16199.000000000002
18811,16183.8
18812,16136.000000000002
18813,16159.2
18814,16127.800000000001
18815,16138.000000000002
18816,16168.000000000002
18817,16116.800000000001
18818,16110.800000000001
18819,16090.6
18820,16027.800000000001
18821,15943.0
18822,15720.6
18823,15708.800000000001
18824,15711.8
18825,15640.0
18826,15649.2
18827,15642.600000000002
18828,15586.2
18829,5612.400000000001
18830,5978.0
18831,5141.8
18832,5030.4
18833,4260.2
18834,4395.200000000001
18835,3677.0
18836,4205.4
18837,4147.2
18838,4876.0
18839,3451.2000000000003
18840,2840.4000000000005
18841,3347.8
18842,3512.6000000000004
18843,3831.4000000000005
18844,3370.2000000000003
18845,2985.4
18846,2577.0000000000005
18847,1382.8000000000002
18848,1550.6000000000001
18849,1946.0
18850,1639.0
18851,2598.2
18852,2734.4
18853,2441.2000000000003
18854,2824.8
18855,2552.4
18856,2847.2000000000003
18857,3098.2
18858,4059.2000000000003
18859,3129.4
18860,3242.6
18861,3416.0
18862,3712.2000000000003
18863,2833.2
18864,3451.2000000000003
18865,2364.2000000000003
18866,2721.2000000000003
18867,1986.4
18868,1474.0
18869,1936.8
18870,2828.4000000000005
18871,2799.0
18872,2474.6000000000004
18873,2093.2000000000003
18874,1430.4
18875,1497.8000000000002
18876,2028.8
18877,1513.0
18878,2064.8
18879,2508.0000000000005
18880,3164.0000000000005
18881,2948.0000000000005
18882,2934.0000000000005
18883,2559.4
18884,2212.8
18885,2001.6000000000001
18886,1503.4
18887,1839.2
18888,1901.2000000000003
18889,1766.0000000000002
18890,1251.0
18891,1013.2
18892,13254.800000000001
18893,12939.2
18894,12660.800000000001
18895,11295.4
18896,11256.6
18897,10881.800000000001
18898,11019.0
18899,11693.800000000001
18900,12114.600000000002
18901,12517.2
18902,12439.6
18903,12645.0
18904,12808.400000000001
18905,13339.800000000001
18906,13515.0
18907,13874.800000000001
18908,13649.800000000001
18909,13306.2
18910,13273.0
18911,13277.800000000001
18912,13392.2
18913,13254.800000000001
18914,12895.000000000002
18915,12646.4
18916,12172.400000000001
18917,12441.6
18918,12733.2
18919,12995.600000000002
18920,14214.2
18921,10800.6
18922,10395.2
18923,10013.2
18924,9523.6
18925,9509.6
18926,9224.2
18927,9416.800000000001
18928,9514.4
18929,8842.6
18930,8776.4
18931,8979.0
18932,8420.6
18933,8098.8
18934,8010.2
18935,7437.000000000001
18936,7863.4
18937,7854.000000000001
18938,8069.800000000001
18939,8564.2
18940,8809.0
18941,8551.400000000001
18942,8885.800000000001
18943,9483.000000000002
18944,9516.6
18945,9500.6
18946,10083.0
18947,10006.2
18948,10942.000000000002
18949,10133.0
18950,9320.6
18951,10251.400000000001
18952,10383.400000000001
18953,9631.0
18954,8509.8
18955,8347.0
18956,8294.4
18957,8419.199999999999
18958,8016.000000000001
18959,7233.8
18960,7758.400000000001
18961,8338.6
18962,8802.0
18963,7185.400000000001
18964,7190.6
18965,7780.4
18966,7859.200000000001
18967,8145.8
18968,7896.8
18969,7676.6
18970,7858.2
18971,7681.0
18972,7531.6
18973,7097.6
18974,6513.400000000001
18975,6415.000000000001
18976,5920.200000000001
18977,6220.000000000001
18978,5855.0
18979,6404.0
18980,6614.8
18981,6285.2
18982,6058.400000000001
18983,6664.6
18984,6800.400000000001
18985,6718.200000000001
18986,7263.6
18987,7606.8
18988,7068.800000000001
18989,6315.6
18990,6782.000000000001
18991,7438.400000000001
18992,7017.6
18993,6167.000000000001
18994,5460.0
18995,5264.2
18996,6033.200000000001
18997,6689.000000000001
18998,6462.8
18999,6317.200000000001
19000,5875.000000000001
19001,5610.0
19002,5766.2
19003,5940.0
19004,6004.6
19005,5888.400000000001
19006,5654.400000000001
19007,5549.000000000001
19008,5878.0
19009,5581.400000000001
19010,5800.6
19011,5729.000000000001
19012,5752.200000000001
19013,6093.8
19014,6593.4
19015,6317.8
19016,6536.200000000001
19017,7931.2
19018,7965.200000000001
19019,7521.200000000001
19020,7963.400000000001
19021,8720.0
19022,8385.400000000001
19023,7478.200000000001
19024,7324.0
19025,7631.400000000001
19026,7746.800000000001
19027,7599.6
19028,8353.6
19029,8585.8
19030,8691.0
19031,9352.0
19032,14389.2
19033,14111.4
19034,13823.6
19035,13619.2
19036,13669.800000000001
19037,13677.2
19038,13711.400000000001
19039,14121.800000000001
19040,14254.6
19041,14694.6
19042,14860.4
19043,14789.400000000001
19044,14789.800000000001
19045,15005.6
19046,15013.2
19047,15012.000000000002
19048,15014.800000000001
19049,14984.2
19050,14977.400000000001
19051,14856.0
19052,14643.4
19053,14645.400000000001
19054,14564.600000000002
19055,14353.2
19056,13989.400000000001
19057,13880.2
19058,13697.0
19059,14130.2
19060,14210.400000000001
19061,9985.6
19062,9663.400000000001
19063,10080.400000000001
19064,9916.400000000001
19065,9758.800000000001
19066,10091.2
19067,7903.6
19068,8101.200000000001
19069,8841.800000000001
19070,9734.4
19071,8893.6
19072,9129.0
19073,8706.6
19074,9177.6
19075,9846.6
19076,9208.4
19077,8803.2
19078,9129.8
19079,9481.0
19080,9272.2
19081,8420.6
19082,8578.800000000001
19083,8134.200000000001
19084,7342.6
19085,7696.400000000001
19086,6844.4
19087,5877.8
19088,5945.6
19089,6382.8
19090,6669.000000000001
19091,6290.6
19092,6577.0
19093,6669.200000000001
19094,6526.8
19095,6259.0
19096,6086.200000000001
19097,6904.6
19098,6681.8
19099,8434.800000000001
19100,7777.0
19101,7980.200000000001
19102,8159.4
19103,7888.8
19104,7966.800000000001
19105,8232.2
19106,8399.2
19107,8562.6
19108,8498.8
19109,8665.2
19110,8595.6
19111,8563.8
19112,8647.800000000001
19113,9145.2
19114,10426.800000000001
19115,11038.6
19116,10295.8
19117,10405.0
19118,14168.6
19119,14025.800000000001
19120,13880.800000000001
19121,13867.600000000002
19122,13709.2
19123,14165.0
19124,14012.0
19125,14254.0
19126,14614.2
19127,14508.8
19128,14487.6
19129,14607.6
19130,14556.4
19131,14679.400000000001
19132,14763.6
19133,14820.400000000001
19134,14807.0
19135,14751.000000000002
19136,14804.800000000001
19137,14840.800000000001
19138,14583.000000000002
19139,14254.4
19140,13569.600000000002
19141,13200.600000000002
19142,13388.000000000002
19143,13235.000000000002
19144,11919.2
19145,11976.0
19146,13046.2
19147,6193.6
19148,6640.400000000001
19149,6472.6
19150,6386.6
19151,6279.6
19152,6345.200000000001
19153,6427.0
19154,6100.4
19155,6212.400000000001
19156,6434.0
19157,6139.6
19158,6404.6
19159,5917.400000000001
19160,5544.000000000001
19161,4936.200000000001
19162,4762.6
19163,4668.6
19164,4460.0
19165,3993.0000000000005
19166,3438.4
19167,3284.4
19168,3237.2000000000003
19169,3034.4
19170,2609.0
19171,2825.4
19172,2950.4000000000005
19173,3000.0
19174,3069.8
19175,2584.2000000000003
19176,2008.4
19177,2140.8
19178,2162.2000000000003
19179,1595.4
19180,1470.6
19181,2018.4
19182,1796.2
19183,2169.0
19184,2404.2000000000003
19185,2484.0000000000005
19186,2351.4
19187,2854.6000000000004
19188,2995.6
19189,2938.2000000000003
19190,3291.6
19191,3259.6000000000004
19192,3294.6000000000004
19193,3166.8
19194,2347.0000000000005
19195,3048.4
19196,3201.6000000000004
19197,2957.2
19198,3083.4
19199,3472.4
19200,3016.2000000000003
19201,2723.4
19202,2992.2000000000003
19203,3188.0
19204,2805.4
19205,3078.2000000000003
19206,3238.8
19207,2751.6
19208,2851.0
19209,3573.2000000000003
19210,3800.4
19211,3544.4
19212,4237.2
19213,3684.8
19214,3806.0
19215,4145.0
19216,4541.6
19217,4716.0
19218,5003.8
19219,5123.2
19220,4616.8
19221,12284.800000000001
19222,10841.2
19223,11563.800000000001
19224,10475.6
19225,10499.000000000002
19226,10164.2
19227,10359.0
19228,10079.400000000001
19229,10156.2
19230,10211.800000000001
19231,9978.2
19232,10170.0
19233,10762.2
19234,10924.400000000001
19235,10264.000000000002
19236,9968.0
19237,10350.6
19238,10366.600000000002
19239,10294.0
19240,10108.400000000001
19241,9887.400000000001
19242,10712.400000000001
19243,10889.400000000001
19244,11046.800000000001
19245,11024.000000000002
19246,11324.6
19247,10880.400000000001
19248,11683.800000000001
19249,12511.000000000002
19250,3534.2000000000003
19251,4270.4
19252,4584.8
19253,5281.0
19254,5050.0
19255,5516.6
19256,4664.400000000001
19257,4783.200000000001
19258,4338.6
19259,4530.400000000001
19260,3866.4
19261,3032.2000000000003
19262,2333.0
19263,2943.8
19264,3206.0
19265,2894.2
19266,2297.0
19267,2848.4
19268,2666.2000000000003
19269,2448.0
19270,2755.4
19271,2921.4000000000005
19272,3062.6000000000004
19273,2919.6000000000004
19274,3099.0
19275,3007.4
19276,2664.8
19277,2165.0
19278,3034.0000000000005
19279,3296.8
19280,3158.4
19281,3082.2000000000003
19282,2736.0
19283,3065.4000000000005
19284,2389.0
19285,1788.4
19286,1728.2
19287,2155.0
19288,1140.8000000000002
19289,1074.0
19290,734.6
19291,895.8
19292,1143.8000000000002
19293,1177.2
19294,1530.6000000000001
19295,865.0
19296,1787.0
19297,1577.6000000000001
19298,2107.0
19299,2470.8
19300,2990.2
19301,2662.6
19302,2753.2
19303,2512.6000000000004
19304,3628.4
19305,4045.4000000000005
19306,3695.0
19307,2988.0
19308,2778.4
19309,3123.2000000000003
19310,4181.400000000001
19311,4351.200000000001
19312,4959.000000000001
19313,4664.8
19314,5751.6
19315,5240.6
19316,5830.6
19317,6130.400000000001
19318,6564.400000000001
19319,6647.400000000001
19320,5862.400000000001
19321,6989.6
19322,6162.8
19323,6659.8
19324,6438.6
19325,7712.0
19326,6717.6
19327,6202.200000000001
19328,5598.8
19329,5133.0
19330,5580.6
19331,4370.400000000001
19332,4936.6
19333,3982.8
19334,2583.4
19335,2694.2000000000003
19336,3198.6
19337,2949.8
19338,2182.0
19339,2001.6
19340,2296.8
19341,2827.0000000000005
19342,2803.4000000000005
19343,2947.0
19344,2986.2000000000003
19345,2560.8
19346,2956.0
19347,3138.0000000000005
19348,3412.4
19349,2798.8
19350,2348.8
19351,2507.0
19352,2989.4
19353,2485.4
19354,2896.4
19355,1983.0
19356,2053.2000000000003
19357,1553.0
19358,921.2
19359,1180.6000000000001
19360,913.0
19361,889.0
19362,1208.2
19363,877.4000000000001
19364,754.2
19365,1011.4
19366,924.6
19367,1143.4
19368,1311.0
19369,1237.2
19370,1408.4
19371,1559.4
19372,1593.6
19373,1807.4
19374,2025.0
19375,1884.6
19376,1936.8000000000002
19377,1097.6000000000001
19378,1212.2
19379,12648.2
19380,12500.800000000001
19381,11402.6
19382,11621.2
19383,11333.800000000001
19384,11488.600000000002
19385,11554.6
19386,12301.000000000002
19387,12110.800000000001
19388,12140.6
19389,12519.000000000002
19390,12344.000000000002
19391,12775.6
19392,13071.0
19393,13896.800000000001
19394,14413.6
19395,14546.2
19396,14376.400000000001
19397,14333.6
19398,14535.6
19399,14216.8
19400,14255.2
19401,14112.000000000002
19402,14182.2
19403,14155.2
19404,14126.6
19405,14269.0
19406,14318.400000000001
19407,14559.6
19408,10762.6
19409,11364.800000000001
19410,11833.6
19411,11277.400000000001
19412,10882.2
19413,11244.0
19414,11182.6
19415,10912.0
19416,9840.4
19417,9849.800000000001
19418,9832.6
19419,10029.2
19420,10226.6
19421,10280.0
19422,9744.4
19423,9402.4
19424,8761.0
19425,8028.6
19426,7873.000000000001
19427,7824.0
19428,7915.200000000001
19429,7585.0
19430,7444.2
19431,8830.0
19432,9022.0
19433,9426.6
19434,9822.4
19435,8873.800000000001
19436,9578.6
19437,9320.0
19438,9116.4
19439,7402.400000000001
19440,7559.6
19441,8135.400000000001
19442,7617.6
19443,7782.0
19444,7561.000000000001
19445,8244.800000000001
19446,8211.4
19447,8776.0
19448,8039.000000000001
19449,7879.000000000001
19450,7365.6
19451,7733.200000000001
19452,7906.4
19453,7858.8
19454,8373.4
19455,8974.6
19456,9142.800000000001
19457,7788.0
19458,7321.8
19459,7401.4
19460,7201.000000000001
19461,7831.6
19462,7631.400000000001
19463,8065.2
19464,8282.4
19465,9113.800000000001
19466,8582.000000000002
19467,8827.2
19468,9818.4
19469,8288.0
19470,8336.800000000001
19471,9274.6
19472,9134.2
19473,9018.400000000001
19474,9719.6
19475,9059.800000000001
19476,9168.400000000001
19477,9012.199999999999
19478,8418.6
19479,8673.2
19480,8465.4
19481,8440.2
19482,8254.6
19483,8662.4
19484,9630.0
19485,9672.6
19486,9931.2
19487,10016.800000000001
19488,9397.800000000001
19489,11570.2
19490,12166.800000000001
19491,11449.0
19492,11723.400000000001
19493,11507.2
19494,11490.2
19495,12689.4
19496,12253.8
19497,12048.0
19498,11834.0
19499,11353.2
19500,10549.4
19501,10265.800000000001
19502,10417.800000000001
19503,10364.0
19504,10507.800000000001
19505,11132.0
19506,10466.000000000002
19507,10017.400000000001
19508,10073.6
19509,10877.400000000001
19510,11685.6
19511,11567.400000000001
19512,11506.6
19513,11261.4
19514,10873.2
19515,10113.800000000001
19516,9520.8
19517,10027.6
19518,10201.4
19519,7599.400000000001
19520,7044.8
19521,7799.400000000001
19522,6680.400000000001
19523,6384.8
19524,8036.200000000001
19525,6286.4
19526,6156.400000000001
19527,6291.6
19528,6648.400000000001
19529,6475.200000000001
19530,6564.0
19531,6755.200000000001
19532,6643.400000000001
19533,6604.4
19534,7159.6
19535,7328.800000000001
19536,7197.800000000001
19537,14188.6
19538,12680.8
19539,11867.6
19540,12254.0
19541,12617.2
19542,13115.000000000002
19543,12900.000000000002
19544,13229.800000000001
19545,13480.800000000001
19546,13503.2
19547,13240.6
19548,13349.4
19549,13700.800000000001
19550,14226.600000000002
19551,14388.6
19552,14085.600000000002
19553,13761.000000000002
19554,13262.800000000001
19555,13183.2
19556,12801.800000000001
19557,12570.000000000002
19558,12906.4
19559,12968.800000000001
19560,12719.400000000001
19561,12983.2
19562,13322.8
19563,13632.400000000001
19564,14198.0
19565,14359.800000000001
19566,8317.6
19567,8823.800000000001
19568,8865.2
19569,9468.6
19570,9521.6
19571,10267.400000000001
19572,10497.6
19573,11077.6
19574,10592.400000000001
19575,10617.4
19576,10420.0
19577,10025.4
19578,10148.4
19579,10463.8
19580,10185.8
19581,10323.2
19582,10223.2
19583,9873.8
19584,9886.2
19585,9929.6
19586,10543.2
19587,10403.6
19588,8693.4
19589,9212.6
19590,7079.2
19591,6660.2
19592,6986.400000000001
19593,8223.2
19594,7759.8
19595,7077.200000000001
19596,5963.000000000001
19597,6735.8
19598,7110.000000000001
19599,7278.8
19600,6946.400000000001
19601,7938.6
19602,7279.0
19603,7101.8
19604,7169.6
19605,6515.200000000001
19606,6347.400000000001
19607,7007.0
19608,7515.800000000001
19609,6981.400000000001
19610,6590.400000000001
19611,7020.6
19612,7520.200000000001
19613,6649.8
19614,6718.6
19615,6216.8
19616,5552.6
19617,6498.400000000001
19618,6250.6
19619,6242.8
19620,5958.0
19621,5748.400000000001
19622,5431.4
19623,4958.0
19624,5403.8
19625,4990.0
19626,4431.200000000001
19627,4633.8
19628,4653.000000000001
19629,4845.6
19630,5033.599999999999
19631,4981.8
19632,5487.200000000001
19633,6048.0
19634,6603.8
19635,6853.000000000001
19636,7055.8
19637,7044.0
19638,6633.400000000001
19639,6894.6
19640,8411.6
19641,8416.6
19642,8469.400000000001
19643,8648.0
19644,9269.400000000001
19645,9260.400000000001
19646,12552.0
19647,11118.2
19648,11528.8
19649,11963.4
19650,12642.6
19651,13075.600000000002
19652,13916.2
19653,13964.0
19654,13451.6
19655,13025.6
19656,12866.4
19657,13532.4
19658,13802.800000000001
19659,14009.6
19660,14111.0
19661,14316.8
19662,14446.600000000002
19663,14727.0
19664,14713.400000000001
19665,14771.000000000002
19666,14684.2
19667,14448.4
19668,14014.0
19669,13332.2
19670,12972.2
19671,13532.2
19672,13372.600000000002
19673,13774.400000000001
19674,14398.800000000001
19675,6659.6
19676,7221.200000000001
19677,7374.6
19678,7022.8
19679,6948.6
19680,7056.8
19681,6692.6
19682,6553.000000000001
19683,5342.8
19684,4781.6
19685,4666.200000000001
19686,4421.400000000001
19687,4143.0
19688,4065.0
19689,3788.2000000000003
19690,3799.2000000000003
19691,3835.4000000000005
19692,3071.4
19693,3118.8
19694,3005.6000000000004
19695,3124.6
19696,3874.2
19697,3945.4
19698,3728.4
19699,3305.0
19700,2840.4
19701,2951.0000000000005
19702,3427.4
19703,3011.6000000000004
19704,3665.6000000000004
19705,3223.4000000000005
19706,3379.8
19707,3211.0
19708,3443.2000000000003
19709,2540.8
19710,2345.4
19711,2341.2000000000003
19712,2113.6
19713,2414.2
19714,1862.4
19715,2268.2000000000003
19716,2233.8
19717,1654.4
19718,2222.2000000000003
19719,3000.4
19720,2805.6000000000004
19721,3046.6
19722,2492.2000000000003
19723,2754.0000000000005
19724,2618.8
19725,3017.0000000000005
19726,3390.4
19727,3683.0
19728,3435.0
19729,3495.6000000000004
19730,3868.2
19731,4046.0
19732,4471.2
19733,4764.2
19734,4564.6
19735,4672.200000000001
19736,4271.0
19737,4170.6
19738,4321.6
19739,4013.0
19740,3541.8
19741,3857.8
19742,3553.6000000000004
19743,3355.6000000000004
19744,3821.0
19745,3800.0
19746,4075.2000000000003
19747,4871.4
19748,4185.6
19749,3554.6000000000004
19750,3434.6000000000004
19751,3822.6000000000004
19752,3413.8
19753,3764.0
19754,3768.4
19755,3462.6000000000004
19756,12813.6
19757,11882.000000000002
19758,10915.2
19759,10430.6
19760,10584.6
19761,10399.6
19762,10214.6
19763,10050.0
19764,9757.6
19765,10259.6
19766,10457.0
19767,11474.2
19768,12417.400000000001
19769,12288.6
19770,11958.0
19771,12167.2
19772,11827.400000000001
19773,11370.600000000002
19774,10756.2
19775,10822.0
19776,11189.2
19777,11007.2
19778,10940.600000000002
19779,10735.400000000001
19780,10741.400000000001
19781,10843.800000000001
19782,10676.2
19783,10870.0
19784,11304.6
19785,1384.4
19786,1487.4
19787,1605.6000000000001
19788,1275.4
19789,1576.4
19790,2073.8
19791,1864.2
19792,985.0
19793,1649.0
19794,1520.8
19795,2503.8
19796,2036.8000000000002
19797,2658.0
19798,2699.2000000000003
19799,1958.0
19800,1531.6
19801,1443.4
19802,1294.2
19803,819.6
19804,1033.0
19805,1728.0000000000002
19806,993.4000000000001
19807,1281.6000000000001
19808,1470.0000000000002
19809,2281.6000000000004
19810,2294.2000000000003
19811,2184.0
19812,2028.6000000000001
19813,1580.8000000000002
19814,3181.4000000000005
19815,3001.0
19816,3065.8
19817,2945.0000000000005
19818,2935.0
19819,4362.8
19820,5302.200000000001
19821,4062.0000000000005
19822,3608.0
19823,3480.4
19824,3544.0
19825,3169.2000000000003
19826,2120.4
19827,1776.2
19828,2007.4
19829,2450.6
19830,3413.8
19831,3961.0
19832,3725.8
19833,4390.6
19834,3972.8
19835,4879.8
19836,4926.2
19837,4737.8
19838,4908.8
19839,5451.400000000001
19840,4624.6
19841,4116.8
19842,4076.2000000000003
19843,3683.2
19844,3271.8
19845,3066.2000000000003
19846,2622.2
19847,2032.0
19848,1244.8000000000002
19849,1331.4
19850,1826.8000000000002
19851,1615.8000000000002
19852,1139.6
19853,865.4000000000001
19854,581.8000000000001
19855,877.8
19856,974.8000000000001
19857,1263.8000000000002
19858,1251.8000000000002
19859,1191.2
19860,1151.2
19861,799.2
19862,770.4000000000001
19863,730.2
19864,577.4000000000001
19865,707.6000000000001
19866,900.4000000000001
19867,1031.6
19868,977.8
19869,912.2
19870,865.4000000000001
19871,874.0
19872,1118.2
19873,1155.6
19874,1535.0
19875,1434.4
19876,1289.4
19877,1407.2000000000003
19878,1678.6
19879,1456.0
19880,1864.0000000000002
19881,1430.8
19882,1266.8000000000002
19883,1990.8000000000002
19884,1331.2
19885,1809.4
19886,1715.6000000000001
19887,1708.2
19888,1946.0
19889,1821.0
19890,1112.8000000000002
19891,1520.2
19892,1193.8000000000002
19893,1726.4
19894,2315.2000000000003
19895,2421.0000000000005
19896,2371.8
19897,2181.2000000000003
19898,2306.2000000000003
19899,3901.6
19900,13007.800000000001
19901,12077.0
19902,12163.400000000001
19903,11950.000000000002
19904,12385.2
19905,12605.000000000002
19906,13052.800000000001
19907,13148.800000000001
19908,12082.2
19909,12630.6
19910,12436.600000000002
19911,12405.6
19912,12619.2
19913,13492.2
19914,13372.400000000001
19915,13149.800000000001
19916,13042.4
19917,13341.6
19918,12988.6
19919,12668.000000000002
19920,12337.2
19921,12717.800000000001
19922,12696.800000000001
19923,12785.2
19924,13208.800000000001
19925,13331.4
19926,14025.2
19927,13588.4
19928,14531.2
19929,9467.6
19930,9193.2
19931,9816.6
19932,9782.400000000001
19933,9452.2
19934,9128.4
19935,9065.6
19936,8184.000000000001
19937,7866.8
19938,8136.8
19939,8619.0
19940,8093.400000000001
19941,8460.4
19942,8233.0
19943,8165.400000000001
19944,7447.400000000001
19945,6680.8
19946,6330.0
19947,6765.200000000001
19948,6997.000000000001
19949,6575.400000000001
19950,6744.0
19951,6741.200000000001
19952,6941.0
19953,6930.200000000001
19954,6960.2
19955,7154.8
19956,7298.6
19957,7542.8
19958,7577.2
19959,7441.000000000001
19960,7066.400000000001
19961,7243.6
19962,7161.6
19963,7329.6
19964,6504.0
19965,6055.8
19966,6338.0
19967,6591.6
19968,6026.4
19969,5657.400000000001
19970,6493.8
19971,6712.6
19972,7163.2
19973,7862.400000000001
19974,7124.400000000001
19975,7629.6
19976,7369.8
19977,7393.800000000001
19978,6769.8
19979,7176.6
19980,7354.6
19981,7908.400000000001
19982,7998.200000000001
19983,7034.6
19984,7997.0
19985,8669.0
19986,7167.6
19987,7410.2
19988,7064.400000000001
19989,6706.800000000001
19990,7705.8
19991,7180.400000000001
19992,7482.6
19993,7986.6
19994,8044.6
19995,7709.2
19996,7592.800000000001
19997,7813.2
19998,7607.200000000001
19999,7027.0
